ISO-10303-21;
HEADER;
FILE_DESCRIPTION(('Creo Elements/Direct Modeling STEP Export'),'2;1');
FILE_NAME('SenseCap S-CO2-03.stp','2026-10-09T10:22:57',(''),(''),
'Creo Elements/Direct Modeling STEP processor for AP214 (Solid Model)',
'Creo Elements/Direct Modeling 20.6C  25-Jan-2025 (C) Parametric Technol
ogy GmbH','');
FILE_SCHEMA(('AUTOMOTIVE_DESIGN { 1 0 10303 214 1 1 1 1 }'));
ENDSEC;
DATA;
#10=CARTESIAN_POINT('',(50.75,40.75,6.5));
#20=DIRECTION('',(0.,0.,1.));
#30=DIRECTION('',(1.,0.,0.));
#40=AXIS2_PLACEMENT_3D('',#10,#20,#30);
#50=PLANE('',#40);
#60=CARTESIAN_POINT('',(91.75,52.75,6.5));
#70=DIRECTION('',(0.,0.,1.));
#80=DIRECTION('',(1.,0.,0.));
#90=AXIS2_PLACEMENT_3D('',#60,#70,#80);
#100=CIRCLE('',#90,3.75);
#110=CARTESIAN_POINT('',(95.5,52.75,6.5));
#120=VERTEX_POINT('586452-1791271391-1ce192b2241d-0 20452628',#110);
#130=CARTESIAN_POINT('',(88.,52.75,6.5));
#140=VERTEX_POINT('',#130);
#150=EDGE_CURVE('586452-1791271391-1ce192b2241d-0 20452627',#120,#140,
#100,.T.);
#160=ORIENTED_EDGE('',*,*,#150,.T.);
#170=EDGE_CURVE('586452-1791271391-1ce192b2241d-0 20452627',#140,#120,
#100,.T.);
#180=ORIENTED_EDGE('',*,*,#170,.T.);
#190=EDGE_LOOP('',(#180,#160));
#200=FACE_BOUND('',#190,.T.);
#210=CARTESIAN_POINT('',(91.75,29.25,6.5));
#220=DIRECTION('',(0.,0.,1.));
#230=DIRECTION('',(1.,0.,0.));
#240=AXIS2_PLACEMENT_3D('',#210,#220,#230);
#250=CIRCLE('',#240,3.75);
#260=CARTESIAN_POINT('',(95.5,29.25,6.5));
#270=VERTEX_POINT('586452-1791271391-1ce192b2241d-0 20452632',#260);
#280=CARTESIAN_POINT('',(88.,29.25,6.5));
#290=VERTEX_POINT('',#280);
#300=EDGE_CURVE('586452-1791271391-1ce192b2241d-0 20452631',#270,#290,
#250,.T.);
#310=ORIENTED_EDGE('',*,*,#300,.T.);
#320=EDGE_CURVE('586452-1791271391-1ce192b2241d-0 20452631',#290,#270,
#250,.T.);
#330=ORIENTED_EDGE('',*,*,#320,.T.);
#340=EDGE_LOOP('',(#330,#310));
#350=FACE_BOUND('',#340,.T.);
#360=CARTESIAN_POINT('',(21.75,68.25,6.5));
#370=DIRECTION('',(0.,0.,-1.));
#380=DIRECTION('',(-1.,0.,-0.));
#390=AXIS2_PLACEMENT_3D('',#360,#370,#380);
#400=CIRCLE('',#390,3.375);
#410=CARTESIAN_POINT('',(25.125,68.25,6.5));
#420=VERTEX_POINT('586452-1791271391-1ce192b2241d-0 21027781',#410);
#430=CARTESIAN_POINT('',(18.375,68.25,6.5));
#440=VERTEX_POINT('',#430);
#450=EDGE_CURVE('586452-1791271391-1ce192b2241d-0 21111008',#420,#440,
#400,.T.);
#460=ORIENTED_EDGE('',*,*,#450,.F.);
#470=EDGE_CURVE('586452-1791271391-1ce192b2241d-0 21111008',#440,#420,
#400,.T.);
#480=ORIENTED_EDGE('',*,*,#470,.F.);
#490=EDGE_LOOP('',(#480,#460));
#500=FACE_BOUND('',#490,.T.);
#510=CARTESIAN_POINT('',(79.75,68.25,6.5));
#520=DIRECTION('',(0.,0.,-1.));
#530=DIRECTION('',(-1.,0.,-0.));
#540=AXIS2_PLACEMENT_3D('',#510,#520,#530);
#550=CIRCLE('',#540,3.375);
#560=CARTESIAN_POINT('',(83.125,68.25,6.5));
#570=VERTEX_POINT('586452-1791271391-1ce192b2241d-0 21027723',#560);
#580=CARTESIAN_POINT('',(76.375,68.25,6.5));
#590=VERTEX_POINT('',#580);
#600=EDGE_CURVE('586452-1791271391-1ce192b2241d-0 21100474',#570,#590,
#550,.T.);
#610=ORIENTED_EDGE('',*,*,#600,.F.);
#620=EDGE_CURVE('586452-1791271391-1ce192b2241d-0 21100474',#590,#570,
#550,.T.);
#630=ORIENTED_EDGE('',*,*,#620,.F.);
#640=EDGE_LOOP('',(#630,#610));
#650=FACE_BOUND('',#640,.T.);
#660=CARTESIAN_POINT('',(79.75,13.25,6.5));
#670=DIRECTION('',(0.,0.,-1.));
#680=DIRECTION('',(-1.,0.,-0.));
#690=AXIS2_PLACEMENT_3D('',#660,#670,#680);
#700=CIRCLE('',#690,3.375);
#710=CARTESIAN_POINT('',(83.125,13.25,6.5));
#720=VERTEX_POINT('586452-1791271391-1ce192b2241d-0 21027743',#710);
#730=CARTESIAN_POINT('',(76.375,13.25,6.5));
#740=VERTEX_POINT('',#730);
#750=EDGE_CURVE('586452-1791271391-1ce192b2241d-0 21103207',#720,#740,
#700,.T.);
#760=ORIENTED_EDGE('',*,*,#750,.F.);
#770=EDGE_CURVE('586452-1791271391-1ce192b2241d-0 21103207',#740,#720,
#700,.T.);
#780=ORIENTED_EDGE('',*,*,#770,.F.);
#790=EDGE_LOOP('',(#780,#760));
#800=FACE_BOUND('',#790,.T.);
#810=CARTESIAN_POINT('',(21.75,13.25,6.5));
#820=DIRECTION('',(0.,0.,-1.));
#830=DIRECTION('',(-1.,0.,-0.));
#840=AXIS2_PLACEMENT_3D('',#810,#820,#830);
#850=CIRCLE('',#840,3.375);
#860=CARTESIAN_POINT('',(25.125,13.25,6.5));
#870=VERTEX_POINT('586452-1791271391-1ce192b2241d-0 21027762',#860);
#880=CARTESIAN_POINT('',(18.375,13.25,6.5));
#890=VERTEX_POINT('',#880);
#900=EDGE_CURVE('586452-1791271391-1ce192b2241d-0 21105943',#870,#890,
#850,.T.);
#910=ORIENTED_EDGE('',*,*,#900,.F.);
#920=EDGE_CURVE('586452-1791271391-1ce192b2241d-0 21105943',#890,#870,
#850,.T.);
#930=ORIENTED_EDGE('',*,*,#920,.F.);
#940=EDGE_LOOP('',(#930,#910));
#950=FACE_BOUND('',#940,.T.);
#960=CARTESIAN_POINT('',(9.75,52.75,6.5));
#970=DIRECTION('',(0.,0.,1.));
#980=DIRECTION('',(1.,0.,0.));
#990=AXIS2_PLACEMENT_3D('',#960,#970,#980);
#1000=CIRCLE('',#990,3.75);
#1010=CARTESIAN_POINT('',(13.5,52.75,6.5));
#1020=VERTEX_POINT('586452-1791271391-1ce192b2241d-0 18807016',#1010);
#1030=CARTESIAN_POINT('',(6.,52.75,6.5));
#1040=VERTEX_POINT('',#1030);
#1050=EDGE_CURVE('586452-1791271391-1ce192b2241d-0 18807015',#1020,#1040
,#1000,.T.);
#1060=ORIENTED_EDGE('',*,*,#1050,.T.);
#1070=EDGE_CURVE('586452-1791271391-1ce192b2241d-0 18807015',#1040,#1020
,#1000,.T.);
#1080=ORIENTED_EDGE('',*,*,#1070,.T.);
#1090=EDGE_LOOP('',(#1080,#1060));
#1100=FACE_BOUND('',#1090,.T.);
#1110=CARTESIAN_POINT('',(9.25,29.25,6.5));
#1120=DIRECTION('',(0.,0.,1.));
#1130=DIRECTION('',(1.,0.,0.));
#1140=AXIS2_PLACEMENT_3D('',#1110,#1120,#1130);
#1150=CIRCLE('',#1140,3.75);
#1160=CARTESIAN_POINT('',(13.,29.25,6.5));
#1170=VERTEX_POINT('586452-1791271391-1ce192b2241d-0 18807012',#1160);
#1180=CARTESIAN_POINT('',(5.5,29.25,6.5));
#1190=VERTEX_POINT('',#1180);
#1200=EDGE_CURVE('586452-1791271391-1ce192b2241d-0 18807011',#1170,#1190
,#1150,.T.);
#1210=ORIENTED_EDGE('',*,*,#1200,.T.);
#1220=EDGE_CURVE('586452-1791271391-1ce192b2241d-0 18807011',#1190,#1170
,#1150,.T.);
#1230=ORIENTED_EDGE('',*,*,#1220,.T.);
#1240=EDGE_LOOP('',(#1230,#1210));
#1250=FACE_BOUND('',#1240,.T.);
#1260=CARTESIAN_POINT('',(79.5294047459546,13.4705952540454,6.5));
#1270=DIRECTION('',(0.,0.,-1.));
#1280=DIRECTION('',(0.707106781185903,-0.707106781187192,0.));
#1290=AXIS2_PLACEMENT_3D('',#1260,#1270,#1280);
#1300=ELLIPSE('',#1290,6.97075385075731,6.97043665372504);
#1310=CARTESIAN_POINT('',(86.5,13.4702780570132,6.5));
#1320=VERTEX_POINT('586452-1791271391-1ce192b2241d-0 19808453',#1310);
#1330=CARTESIAN_POINT('',(79.5297219429868,6.5,6.5));
#1340=VERTEX_POINT('586452-1791271391-1ce192b2241d-0 19808679',#1330);
#1350=EDGE_CURVE('586452-1791271391-1ce192b2241d-0 19809245',#1320,#1340
,#1300,.T.);
#1360=ORIENTED_EDGE('',*,*,#1350,.T.);
#1370=CARTESIAN_POINT('',(86.5,40.75,6.5));
#1380=DIRECTION('',(0.,1.,-0.));
#1390=VECTOR('',#1380,1.);
#1400=LINE('',#1370,#1390);
#1410=CARTESIAN_POINT('',(86.5,20.5,6.5));
#1420=VERTEX_POINT('586452-1791271391-1ce192b2241d-0 20742004',#1410);
#1430=EDGE_CURVE('586452-1791271391-1ce192b2241d-0 20453412',#1320,#1420
,#1400,.T.);
#1440=ORIENTED_EDGE('',*,*,#1430,.F.);
#1450=CARTESIAN_POINT('',(88.5,20.5,6.5));
#1460=DIRECTION('',(0.,0.,1.));
#1470=DIRECTION('',(1.,0.,0.));
#1480=AXIS2_PLACEMENT_3D('',#1450,#1460,#1470);
#1490=CIRCLE('',#1480,2.00000000000001);
#1500=CARTESIAN_POINT('',(88.5,22.5,6.5));
#1510=VERTEX_POINT('586452-1791271391-1ce192b2241d-0 20452589',#1500);
#1520=EDGE_CURVE('586452-1791271391-1ce192b2241d-0 20452616',#1510,#1420
,#1490,.T.);
#1530=ORIENTED_EDGE('',*,*,#1520,.T.);
#1540=CARTESIAN_POINT('',(98.5,22.5,6.5));
#1550=DIRECTION('',(-1.,0.,0.));
#1560=VECTOR('',#1550,1.);
#1570=LINE('',#1540,#1560);
#1580=CARTESIAN_POINT('',(93.5,22.5,6.5));
#1590=VERTEX_POINT('586452-1791271391-1ce192b2241d-0 20452591',#1580);
#1600=EDGE_CURVE('586452-1791271391-1ce192b2241d-0 20452590',#1590,#1510
,#1570,.T.);
#1610=ORIENTED_EDGE('',*,*,#1600,.T.);
#1620=CARTESIAN_POINT('',(93.5,27.5,6.5));
#1630=DIRECTION('',(0.,0.,1.));
#1640=DIRECTION('',(1.,0.,0.));
#1650=AXIS2_PLACEMENT_3D('',#1620,#1630,#1640);
#1660=CIRCLE('',#1650,5.);
#1670=CARTESIAN_POINT('',(98.5,27.5,6.5));
#1680=VERTEX_POINT('586452-1791271391-1ce192b2241d-0 20452593',#1670);
#1690=EDGE_CURVE('586452-1791271391-1ce192b2241d-0 20452592',#1590,#1680
,#1660,.T.);
#1700=ORIENTED_EDGE('',*,*,#1690,.F.);
#1710=CARTESIAN_POINT('',(98.5,59.,6.5));
#1720=DIRECTION('',(0.,-1.,0.));
#1730=VECTOR('',#1720,1.);
#1740=LINE('',#1710,#1730);
#1750=CARTESIAN_POINT('',(98.5,54.,6.5));
#1760=VERTEX_POINT('586452-1791271391-1ce192b2241d-0 20452595',#1750);
#1770=EDGE_CURVE('586452-1791271391-1ce192b2241d-0 20452594',#1760,#1680
,#1740,.T.);
#1780=ORIENTED_EDGE('',*,*,#1770,.T.);
#1790=CARTESIAN_POINT('',(93.5,54.,6.5));
#1800=DIRECTION('',(0.,0.,1.));
#1810=DIRECTION('',(1.,0.,0.));
#1820=AXIS2_PLACEMENT_3D('',#1790,#1800,#1810);
#1830=CIRCLE('',#1820,5.);
#1840=CARTESIAN_POINT('',(93.5,59.,6.5));
#1850=VERTEX_POINT('586452-1791271391-1ce192b2241d-0 20452597',#1840);
#1860=EDGE_CURVE('586452-1791271391-1ce192b2241d-0 20452596',#1760,#1850
,#1830,.T.);
#1870=ORIENTED_EDGE('',*,*,#1860,.F.);
#1880=CARTESIAN_POINT('',(86.5,59.,6.5));
#1890=DIRECTION('',(1.,0.,0.));
#1900=VECTOR('',#1890,1.);
#1910=LINE('',#1880,#1900);
#1920=CARTESIAN_POINT('',(88.5,59.,6.5));
#1930=VERTEX_POINT('586452-1791271391-1ce192b2241d-0 20452599',#1920);
#1940=EDGE_CURVE('586452-1791271391-1ce192b2241d-0 20452598',#1930,#1850
,#1910,.T.);
#1950=ORIENTED_EDGE('',*,*,#1940,.T.);
#1960=CARTESIAN_POINT('',(88.5,60.9999999999998,6.5));
#1970=DIRECTION('',(0.,0.,1.));
#1980=DIRECTION('',(1.,0.,0.));
#1990=AXIS2_PLACEMENT_3D('',#1960,#1970,#1980);
#2000=CIRCLE('',#1990,1.99999999999983);
#2010=CARTESIAN_POINT('',(86.5,60.9999999999998,6.5));
#2020=VERTEX_POINT('586452-1791271391-1ce192b2241d-0 20742006',#2010);
#2030=EDGE_CURVE('586452-1791271391-1ce192b2241d-0 20452600',#2020,#1930
,#2000,.T.);
#2040=ORIENTED_EDGE('',*,*,#2030,.T.);
#2050=CARTESIAN_POINT('',(86.5,68.0297219429868,6.5));
#2060=VERTEX_POINT('586452-1791271391-1ce192b2241d-0 18159725',#2050);
#2070=EDGE_CURVE('586452-1791271391-1ce192b2241d-0 19111004',#2020,#2060
,#1400,.T.);
#2080=ORIENTED_EDGE('',*,*,#2070,.F.);
#2090=CARTESIAN_POINT('',(79.5294047459546,68.0294047459546,6.5));
#2100=DIRECTION('',(0.,0.,1.));
#2110=DIRECTION('',(0.707106781185903,0.707106781187192,0.));
#2120=AXIS2_PLACEMENT_3D('',#2090,#2100,#2110);
#2130=ELLIPSE('',#2120,6.97075385075731,6.97043665372504);
#2140=CARTESIAN_POINT('',(79.5297219429868,75.,6.5));
#2150=VERTEX_POINT('586452-1791271391-1ce192b2241d-0 18865393',#2140);
#2160=EDGE_CURVE('586452-1791271391-1ce192b2241d-0 18865394',#2060,#2150
,#2130,.T.);
#2170=ORIENTED_EDGE('',*,*,#2160,.F.);
#2180=CARTESIAN_POINT('',(15.,75.,6.5));
#2190=DIRECTION('',(1.,0.,0.));
#2200=VECTOR('',#2190,1.);
#2210=LINE('',#2180,#2200);
#2220=CARTESIAN_POINT('',(21.9702780570132,75.,6.5));
#2230=VERTEX_POINT('586452-1791271391-1ce192b2241d-0 18159731',#2220);
#2240=EDGE_CURVE('586452-1791271391-1ce192b2241d-0 18159650',#2230,#2150
,#2210,.T.);
#2250=ORIENTED_EDGE('',*,*,#2240,.T.);
#2260=CARTESIAN_POINT('',(21.9705952540454,68.0294047459546,6.5));
#2270=DIRECTION('',(0.,0.,1.));
#2280=DIRECTION('',(-0.707106781185903,0.707106781187192,0.));
#2290=AXIS2_PLACEMENT_3D('',#2260,#2270,#2280);
#2300=ELLIPSE('',#2290,6.97075385075731,6.97043665372504);
#2310=CARTESIAN_POINT('',(15.,68.0297219429868,6.5));
#2320=VERTEX_POINT('586452-1791271391-1ce192b2241d-0 18858785',#2310);
#2330=EDGE_CURVE('586452-1791271391-1ce192b2241d-0 18858786',#2230,#2320
,#2300,.T.);
#2340=ORIENTED_EDGE('',*,*,#2330,.F.);
#2350=CARTESIAN_POINT('',(15.,6.5,6.5));
#2360=DIRECTION('',(0.,1.,0.));
#2370=VECTOR('',#2360,1.);
#2380=LINE('',#2350,#2370);
#2390=CARTESIAN_POINT('',(15.,61.,6.5));
#2400=VERTEX_POINT('586452-1791271391-1ce192b2241d-0 20742192',#2390);
#2410=EDGE_CURVE('586452-1791271391-1ce192b2241d-0 18159652',#2400,#2320
,#2380,.T.);
#2420=ORIENTED_EDGE('',*,*,#2410,.T.);
#2430=CARTESIAN_POINT('',(13.,61.,6.5));
#2440=DIRECTION('',(0.,0.,1.));
#2450=DIRECTION('',(1.,0.,0.));
#2460=AXIS2_PLACEMENT_3D('',#2430,#2440,#2450);
#2470=CIRCLE('',#2460,2.);
#2480=CARTESIAN_POINT('',(13.,59.,6.5));
#2490=VERTEX_POINT('586452-1791271391-1ce192b2241d-0 18806977',#2480);
#2500=EDGE_CURVE('586452-1791271391-1ce192b2241d-0 18806997',#2490,#2400
,#2470,.T.);
#2510=ORIENTED_EDGE('',*,*,#2500,.T.);
#2520=CARTESIAN_POINT('',(2.99999999999999,59.,6.5));
#2530=DIRECTION('',(1.,0.,0.));
#2540=VECTOR('',#2530,1.);
#2550=LINE('',#2520,#2540);
#2560=CARTESIAN_POINT('',(7.99999999999999,59.,6.5));
#2570=VERTEX_POINT('586452-1791271391-1ce192b2241d-0 18806975',#2560);
#2580=EDGE_CURVE('586452-1791271391-1ce192b2241d-0 18806976',#2570,#2490
,#2550,.T.);
#2590=ORIENTED_EDGE('',*,*,#2580,.T.);
#2600=CARTESIAN_POINT('',(7.99999999999999,54.,6.5));
#2610=DIRECTION('',(0.,0.,1.));
#2620=DIRECTION('',(1.,0.,0.));
#2630=AXIS2_PLACEMENT_3D('',#2600,#2610,#2620);
#2640=CIRCLE('',#2630,5.);
#2650=CARTESIAN_POINT('',(2.99999999999999,54.,6.5));
#2660=VERTEX_POINT('586452-1791271391-1ce192b2241d-0 18806973',#2650);
#2670=EDGE_CURVE('586452-1791271391-1ce192b2241d-0 18806974',#2570,#2660
,#2640,.T.);
#2680=ORIENTED_EDGE('',*,*,#2670,.F.);
#2690=CARTESIAN_POINT('',(2.99999999999999,22.5,6.5));
#2700=DIRECTION('',(0.,1.,0.));
#2710=VECTOR('',#2700,1.);
#2720=LINE('',#2690,#2710);
#2730=CARTESIAN_POINT('',(2.99999999999999,27.5,6.5));
#2740=VERTEX_POINT('586452-1791271391-1ce192b2241d-0 18806971',#2730);
#2750=EDGE_CURVE('586452-1791271391-1ce192b2241d-0 18806972',#2740,#2660
,#2720,.T.);
#2760=ORIENTED_EDGE('',*,*,#2750,.T.);
#2770=CARTESIAN_POINT('',(7.99999999999999,27.5,6.5));
#2780=DIRECTION('',(0.,0.,1.));
#2790=DIRECTION('',(1.,0.,0.));
#2800=AXIS2_PLACEMENT_3D('',#2770,#2780,#2790);
#2810=CIRCLE('',#2800,5.);
#2820=CARTESIAN_POINT('',(7.99999999999999,22.5,6.5));
#2830=VERTEX_POINT('586452-1791271391-1ce192b2241d-0 18806985',#2820);
#2840=EDGE_CURVE('586452-1791271391-1ce192b2241d-0 18806970',#2740,#2830
,#2810,.T.);
#2850=ORIENTED_EDGE('',*,*,#2840,.F.);
#2860=CARTESIAN_POINT('',(15.,22.5,6.5));
#2870=DIRECTION('',(-1.,0.,0.));
#2880=VECTOR('',#2870,1.);
#2890=LINE('',#2860,#2880);
#2900=CARTESIAN_POINT('',(13.,22.5,6.5));
#2910=VERTEX_POINT('586452-1791271391-1ce192b2241d-0 18806983',#2900);
#2920=EDGE_CURVE('586452-1791271391-1ce192b2241d-0 18806984',#2910,#2830
,#2890,.T.);
#2930=ORIENTED_EDGE('',*,*,#2920,.T.);
#2940=CARTESIAN_POINT('',(13.,20.5,6.5));
#2950=DIRECTION('',(0.,0.,1.));
#2960=DIRECTION('',(1.,0.,0.));
#2970=AXIS2_PLACEMENT_3D('',#2940,#2950,#2960);
#2980=CIRCLE('',#2970,2.00000000000001);
#2990=CARTESIAN_POINT('',(15.,20.5,6.5));
#3000=VERTEX_POINT('586452-1791271391-1ce192b2241d-0 20742323',#2990);
#3010=EDGE_CURVE('586452-1791271391-1ce192b2241d-0 18807003',#3000,#2910
,#2980,.T.);
#3020=ORIENTED_EDGE('',*,*,#3010,.T.);
#3030=CARTESIAN_POINT('',(15.,40.75,6.5));
#3040=DIRECTION('',(0.,1.,0.));
#3050=VECTOR('',#3040,1.);
#3060=LINE('',#3030,#3050);
#3070=CARTESIAN_POINT('',(15.,13.4702780570132,6.5));
#3080=VERTEX_POINT('586452-1791271391-1ce192b2241d-0 19808951',#3070);
#3090=EDGE_CURVE('586452-1791271391-1ce192b2241d-0 19809017',#3080,#3000
,#3060,.T.);
#3100=ORIENTED_EDGE('',*,*,#3090,.T.);
#3110=CARTESIAN_POINT('',(21.9705952540454,13.4705952540454,6.5));
#3120=DIRECTION('',(0.,0.,-1.));
#3130=DIRECTION('',(-0.707106781184578,-0.707106781188517,0.));
#3140=AXIS2_PLACEMENT_3D('',#3110,#3120,#3130);
#3150=ELLIPSE('',#3140,6.97075385075731,6.97043665372504);
#3160=CARTESIAN_POINT('',(21.9702780570132,6.5,6.5));
#3170=VERTEX_POINT('586452-1791271391-1ce192b2241d-0 19808685',#3160);
#3180=EDGE_CURVE('586452-1791271391-1ce192b2241d-0 19809405',#3170,#3080
,#3150,.T.);
#3190=ORIENTED_EDGE('',*,*,#3180,.T.);
#3200=CARTESIAN_POINT('',(50.75,6.5,6.5));
#3210=DIRECTION('',(-1.,0.,0.));
#3220=VECTOR('',#3210,1.);
#3230=LINE('',#3200,#3220);
#3240=EDGE_CURVE('586452-1791271391-1ce192b2241d-0 19808686',#1340,#3170
,#3230,.T.);
#3250=ORIENTED_EDGE('',*,*,#3240,.T.);
#3260=EDGE_LOOP('',(#3250,#3190,#3100,#3020,#2930,#2850,#2760,#2680,
#2590,#2510,#2420,#2340,#2250,#2170,#2080,#2040,#1950,#1870,#1780,#1700,
#1610,#1530,#1440,#1360));
#3270=FACE_OUTER_BOUND('',#3260,.T.);
#3280=ADVANCED_FACE('586452-1791271391-1ce192b2241d-0 18159697',(#200,
#350,#500,#650,#800,#950,#1100,#1250,#3270),#50,.F.);
#3290=CARTESIAN_POINT('',(79.75,68.25,6.5));
#3300=DIRECTION('',(0.,0.,-1.));
#3310=DIRECTION('',(-1.,0.,-0.));
#3320=AXIS2_PLACEMENT_3D('',#3290,#3300,#3310);
#3330=CONICAL_SURFACE('',#3320,3.375,0.0142035902240122);
#3340=CARTESIAN_POINT('',(76.375,68.25,6.5));
#3350=DIRECTION('',(-0.014203112652105,0.,-0.999899130708189));
#3360=VECTOR('',#3350,237.623968961467);
#3370=LINE('',#3340,#3360);
#3380=CARTESIAN_POINT('',(76.9985957420019,68.25,50.4011402369361));
#3390=VERTEX_POINT('',#3380);
#3400=EDGE_CURVE('',#3390,#590,#3370,.T.);
#3410=ORIENTED_EDGE('',*,*,#3400,.T.);
#3420=CARTESIAN_POINT('',(79.75,68.2577274238225,50.3996123743597));
#3430=DIRECTION('',(0.,-0.19396454368041,-0.981008540123301));
#3440=DIRECTION('',(0.,0.981008540123301,-0.19396454368041));
#3450=AXIS2_PLACEMENT_3D('',#3420,#3430,#3440);
#3460=ELLIPSE('',#3450,2.80469113984029,2.75141510927338);
#3470=CARTESIAN_POINT('',(81.6994079782844,70.1994079782844,
50.0157042152402));
#3480=VERTEX_POINT('586452-1791271391-1ce192b2241d-0 21100825',#3470);
#3490=EDGE_CURVE('586452-1791271391-1ce192b2241d-0 21100826',#3390,#3480
,#3460,.T.);
#3500=ORIENTED_EDGE('',*,*,#3490,.F.);
#3510=CARTESIAN_POINT('',(79.7577274238225,68.25,50.3996123743597));
#3520=DIRECTION('',(-0.19396454368041,-0.,-0.981008540123301));
#3530=DIRECTION('',(0.981008540123301,0.,-0.19396454368041));
#3540=AXIS2_PLACEMENT_3D('',#3510,#3520,#3530);
#3550=ELLIPSE('',#3540,2.80469113984029,2.75141510927338);
#3560=CARTESIAN_POINT('',(82.509153384414,68.25,49.8556017372561));
#3570=VERTEX_POINT('',#3560);
#3580=EDGE_CURVE('586452-1791271391-1ce192b2241d-0 21101003',#3480,#3570
,#3550,.T.);
#3590=ORIENTED_EDGE('',*,*,#3580,.F.);
#3600=CARTESIAN_POINT('',(83.125,68.25,6.5));
#3610=DIRECTION('',(0.014203112652105,0.,-0.999899130708189));
#3620=VECTOR('',#3610,237.623968961467);
#3630=LINE('',#3600,#3620);
#3640=EDGE_CURVE('',#3570,#570,#3630,.T.);
#3650=ORIENTED_EDGE('',*,*,#3640,.F.);
#3660=ORIENTED_EDGE('',*,*,#620,.T.);
#3670=EDGE_LOOP('',(#3660,#3650,#3590,#3500,#3410));
#3680=FACE_OUTER_BOUND('',#3670,.T.);
#3690=ADVANCED_FACE('586452-1791271391-1ce192b2241d-0 21100478',(#3680),
#3330,.F.);
#3700=CARTESIAN_POINT('',(79.75,13.25,6.5));
#3710=DIRECTION('',(0.,0.,-1.));
#3720=DIRECTION('',(-1.,0.,-0.));
#3730=AXIS2_PLACEMENT_3D('',#3700,#3710,#3720);
#3740=CONICAL_SURFACE('',#3730,3.375,0.0142035902240122);
#3750=CARTESIAN_POINT('',(76.375,13.25,6.5));
#3760=DIRECTION('',(-0.014203112652105,0.,-0.999899130708189));
#3770=VECTOR('',#3760,237.623968961467);
#3780=LINE('',#3750,#3770);
#3790=CARTESIAN_POINT('',(76.9985957420019,13.25,50.4011402369361));
#3800=VERTEX_POINT('',#3790);
#3810=EDGE_CURVE('',#3800,#740,#3780,.T.);
#3820=ORIENTED_EDGE('',*,*,#3810,.T.);
#3830=CARTESIAN_POINT('',(79.75,13.2422725761775,50.3996123743597));
#3840=DIRECTION('',(0.,0.19396454368041,-0.981008540123301));
#3850=DIRECTION('',(0.,-0.981008540123301,-0.19396454368041));
#3860=AXIS2_PLACEMENT_3D('',#3830,#3840,#3850);
#3870=ELLIPSE('',#3860,2.80469113984029,2.75141510927338);
#3880=CARTESIAN_POINT('',(77.045836543402,13.75,50.5));
#3890=VERTEX_POINT('586452-1791271391-1ce192b2241d-0 21088795',#3880);
#3900=EDGE_CURVE('586452-1791271391-1ce192b2241d-0 21103485',#3800,#3890
,#3870,.T.);
#3910=ORIENTED_EDGE('',*,*,#3900,.F.);
#3920=CARTESIAN_POINT('',(79.75,13.25,50.5));
#3930=DIRECTION('',(0.,0.,-1.));
#3940=DIRECTION('',(-1.,0.,0.));
#3950=AXIS2_PLACEMENT_3D('',#3920,#3930,#3940);
#3960=CIRCLE('',#3950,2.75);
#3970=CARTESIAN_POINT('',(79.25,15.954163456598,50.5));
#3980=VERTEX_POINT('586452-1791271391-1ce192b2241d-0 21061215',#3970);
#3990=EDGE_CURVE('586452-1791271391-1ce192b2241d-0 21103549',#3890,#3980
,#3960,.T.);
#4000=ORIENTED_EDGE('',*,*,#3990,.F.);
#4010=CARTESIAN_POINT('',(79.7577274238225,13.25,50.3996123743597));
#4020=DIRECTION('',(-0.19396454368041,-0.,-0.981008540123301));
#4030=DIRECTION('',(0.981008540123301,0.,-0.19396454368041));
#4040=AXIS2_PLACEMENT_3D('',#4010,#4020,#4030);
#4050=ELLIPSE('',#4040,2.80469113984029,2.75141510927338);
#4060=CARTESIAN_POINT('',(82.509153384414,13.25,49.8556017372561));
#4070=VERTEX_POINT('',#4060);
#4080=EDGE_CURVE('586452-1791271391-1ce192b2241d-0 21103712',#3980,#4070
,#4050,.T.);
#4090=ORIENTED_EDGE('',*,*,#4080,.F.);
#4100=CARTESIAN_POINT('',(83.125,13.25,6.5));
#4110=DIRECTION('',(0.014203112652105,0.,-0.999899130708189));
#4120=VECTOR('',#4110,237.623968961467);
#4130=LINE('',#4100,#4120);
#4140=EDGE_CURVE('',#4070,#720,#4130,.T.);
#4150=ORIENTED_EDGE('',*,*,#4140,.F.);
#4160=ORIENTED_EDGE('',*,*,#770,.T.);
#4170=EDGE_LOOP('',(#4160,#4150,#4090,#4000,#3910,#3820));
#4180=FACE_OUTER_BOUND('',#4170,.T.);
#4190=ADVANCED_FACE('586452-1791271391-1ce192b2241d-0 21103211',(#4180),
#3740,.F.);
#4200=CARTESIAN_POINT('',(21.75,13.25,6.5));
#4210=DIRECTION('',(0.,0.,-1.));
#4220=DIRECTION('',(-1.,0.,-0.));
#4230=AXIS2_PLACEMENT_3D('',#4200,#4210,#4220);
#4240=CONICAL_SURFACE('',#4230,3.375,0.0142035902240122);
#4250=CARTESIAN_POINT('',(18.375,13.25,6.5));
#4260=DIRECTION('',(-0.014203112652105,0.,-0.999899130708189));
#4270=VECTOR('',#4260,237.623968961467);
#4280=LINE('',#4250,#4270);
#4290=CARTESIAN_POINT('',(18.990846615586,13.25,49.8556017372561));
#4300=VERTEX_POINT('',#4290);
#4310=EDGE_CURVE('',#4300,#890,#4280,.T.);
#4320=ORIENTED_EDGE('',*,*,#4310,.T.);
#4330=CARTESIAN_POINT('',(21.7422725761775,13.25,50.3996123743597));
#4340=DIRECTION('',(0.19396454368041,0.,-0.981008540123301));
#4350=DIRECTION('',(-0.981008540123301,0.,-0.19396454368041));
#4360=AXIS2_PLACEMENT_3D('',#4330,#4340,#4350);
#4370=ELLIPSE('',#4360,2.80469113984029,2.75141510927338);
#4380=CARTESIAN_POINT('',(22.25,15.954163456598,50.5));
#4390=VERTEX_POINT('586452-1791271391-1ce192b2241d-0 21062030',#4380);
#4400=EDGE_CURVE('586452-1791271391-1ce192b2241d-0 21106402',#4300,#4390
,#4370,.T.);
#4410=ORIENTED_EDGE('',*,*,#4400,.F.);
#4420=CARTESIAN_POINT('',(21.75,13.25,50.5));
#4430=DIRECTION('',(0.,0.,-1.));
#4440=DIRECTION('',(1.,0.,0.));
#4450=AXIS2_PLACEMENT_3D('',#4420,#4430,#4440);
#4460=CIRCLE('',#4450,2.75);
#4470=CARTESIAN_POINT('',(24.454163456598,13.75,50.5));
#4480=VERTEX_POINT('586452-1791271391-1ce192b2241d-0 21089044',#4470);
#4490=EDGE_CURVE('586452-1791271391-1ce192b2241d-0 21106341',#4390,#4480
,#4460,.T.);
#4500=ORIENTED_EDGE('',*,*,#4490,.F.);
#4510=CARTESIAN_POINT('',(21.75,13.2422725761775,50.3996123743597));
#4520=DIRECTION('',(0.,0.19396454368041,-0.981008540123301));
#4530=DIRECTION('',(0.,-0.981008540123301,-0.19396454368041));
#4540=AXIS2_PLACEMENT_3D('',#4510,#4520,#4530);
#4550=ELLIPSE('',#4540,2.80469113984029,2.75141510927338);
#4560=CARTESIAN_POINT('',(24.5014042579981,13.25,50.4011402369361));
#4570=VERTEX_POINT('',#4560);
#4580=EDGE_CURVE('586452-1791271391-1ce192b2241d-0 21106277',#4480,#4570
,#4550,.T.);
#4590=ORIENTED_EDGE('',*,*,#4580,.F.);
#4600=CARTESIAN_POINT('',(25.125,13.25,6.5));
#4610=DIRECTION('',(0.014203112652105,0.,-0.999899130708189));
#4620=VECTOR('',#4610,237.623968961467);
#4630=LINE('',#4600,#4620);
#4640=EDGE_CURVE('',#4570,#870,#4630,.T.);
#4650=ORIENTED_EDGE('',*,*,#4640,.F.);
#4660=ORIENTED_EDGE('',*,*,#920,.T.);
#4670=EDGE_LOOP('',(#4660,#4650,#4590,#4500,#4410,#4320));
#4680=FACE_OUTER_BOUND('',#4670,.T.);
#4690=ADVANCED_FACE('586452-1791271391-1ce192b2241d-0 21105947',(#4680),
#4240,.F.);
#4700=CARTESIAN_POINT('',(21.75,68.25,6.5));
#4710=DIRECTION('',(0.,0.,-1.));
#4720=DIRECTION('',(-1.,0.,-0.));
#4730=AXIS2_PLACEMENT_3D('',#4700,#4710,#4720);
#4740=CONICAL_SURFACE('',#4730,3.375,0.0142035902240122);
#4750=CARTESIAN_POINT('',(18.375,68.25,6.5));
#4760=DIRECTION('',(-0.014203112652105,0.,-0.999899130708189));
#4770=VECTOR('',#4760,237.623968961467);
#4780=LINE('',#4750,#4770);
#4790=CARTESIAN_POINT('',(18.990846615586,68.25,49.8556017372561));
#4800=VERTEX_POINT('',#4790);
#4810=EDGE_CURVE('',#4800,#440,#4780,.T.);
#4820=ORIENTED_EDGE('',*,*,#4810,.T.);
#4830=CARTESIAN_POINT('',(21.7422725761775,68.25,50.3996123743597));
#4840=DIRECTION('',(0.19396454368041,0.,-0.981008540123301));
#4850=DIRECTION('',(-0.981008540123301,0.,-0.19396454368041));
#4860=AXIS2_PLACEMENT_3D('',#4830,#4840,#4850);
#4870=ELLIPSE('',#4860,2.80469113984029,2.75141510927338);
#4880=CARTESIAN_POINT('',(19.8005920217156,70.1994079782844,
50.0157042152402));
#4890=VERTEX_POINT('586452-1791271391-1ce192b2241d-0 21111356',#4880);
#4900=EDGE_CURVE('586452-1791271391-1ce192b2241d-0 21111428',#4800,#4890
,#4870,.T.);
#4910=ORIENTED_EDGE('',*,*,#4900,.F.);
#4920=CARTESIAN_POINT('',(21.75,68.2577274238225,50.3996123743597));
#4930=DIRECTION('',(0.,-0.19396454368041,-0.981008540123301));
#4940=DIRECTION('',(0.,0.981008540123301,-0.19396454368041));
#4950=AXIS2_PLACEMENT_3D('',#4920,#4930,#4940);
#4960=ELLIPSE('',#4950,2.80469113984029,2.75141510927338);
#4970=CARTESIAN_POINT('',(24.5014042579981,68.25,50.4011402369361));
#4980=VERTEX_POINT('',#4970);
#4990=EDGE_CURVE('586452-1791271391-1ce192b2241d-0 21111353',#4890,#4980
,#4960,.T.);
#5000=ORIENTED_EDGE('',*,*,#4990,.F.);
#5010=CARTESIAN_POINT('',(25.125,68.25,6.5));
#5020=DIRECTION('',(0.014203112652105,0.,-0.999899130708189));
#5030=VECTOR('',#5020,237.623968961467);
#5040=LINE('',#5010,#5030);
#5050=EDGE_CURVE('',#4980,#420,#5040,.T.);
#5060=ORIENTED_EDGE('',*,*,#5050,.F.);
#5070=ORIENTED_EDGE('',*,*,#470,.T.);
#5080=EDGE_LOOP('',(#5070,#5060,#5000,#4910,#4820));
#5090=FACE_OUTER_BOUND('',#5080,.T.);
#5100=ADVANCED_FACE('586452-1791271391-1ce192b2241d-0 21111012',(#5090),
#4740,.F.);
#5110=CARTESIAN_POINT('',(79.75,68.25,6.5));
#5120=DIRECTION('',(0.,0.,-1.));
#5130=DIRECTION('',(-1.,0.,-0.));
#5140=AXIS2_PLACEMENT_3D('',#5110,#5120,#5130);
#5150=CONICAL_SURFACE('',#5140,3.375,0.0142035902240122);
#5160=CARTESIAN_POINT('',(79.75,68.25,50.5));
#5170=DIRECTION('',(0.,0.,-1.));
#5180=DIRECTION('',(1.,0.,0.));
#5190=AXIS2_PLACEMENT_3D('',#5160,#5170,#5180);
#5200=CIRCLE('',#5190,2.75);
#5210=CARTESIAN_POINT('',(79.25,65.545836543402,50.5));
#5220=VERTEX_POINT('586452-1791271391-1ce192b2241d-0 21061186',#5210);
#5230=CARTESIAN_POINT('',(77.045836543402,67.75,50.5));
#5240=VERTEX_POINT('586452-1791271391-1ce192b2241d-0 21087884',#5230);
#5250=EDGE_CURVE('586452-1791271391-1ce192b2241d-0 21100863',#5220,#5240
,#5200,.T.);
#5260=ORIENTED_EDGE('',*,*,#5250,.F.);
#5270=EDGE_CURVE('586452-1791271391-1ce192b2241d-0 21100826',#5240,#3390
,#3460,.T.);
#5280=ORIENTED_EDGE('',*,*,#5270,.F.);
#5290=ORIENTED_EDGE('',*,*,#3400,.F.);
#5300=ORIENTED_EDGE('',*,*,#600,.T.);
#5310=ORIENTED_EDGE('',*,*,#3640,.T.);
#5320=EDGE_CURVE('586452-1791271391-1ce192b2241d-0 21101003',#3570,#5220
,#3550,.T.);
#5330=ORIENTED_EDGE('',*,*,#5320,.F.);
#5340=EDGE_LOOP('',(#5330,#5310,#5300,#5290,#5280,#5260));
#5350=FACE_OUTER_BOUND('',#5340,.T.);
#5360=ADVANCED_FACE('586452-1791271391-1ce192b2241d-0 21100478',(#5350),
#5150,.F.);
#5370=CARTESIAN_POINT('',(21.75,13.25,6.5));
#5380=DIRECTION('',(0.,0.,-1.));
#5390=DIRECTION('',(-1.,0.,-0.));
#5400=AXIS2_PLACEMENT_3D('',#5370,#5380,#5390);
#5410=CONICAL_SURFACE('',#5400,3.375,0.0142035902240122);
#5420=CARTESIAN_POINT('',(19.8005920217157,11.3005920217156,
50.0157042152402));
#5430=VERTEX_POINT('586452-1791271391-1ce192b2241d-0 21106276',#5420);
#5440=EDGE_CURVE('586452-1791271391-1ce192b2241d-0 21106402',#5430,#4300
,#4370,.T.);
#5450=ORIENTED_EDGE('',*,*,#5440,.F.);
#5460=ORIENTED_EDGE('',*,*,#4310,.F.);
#5470=ORIENTED_EDGE('',*,*,#900,.T.);
#5480=ORIENTED_EDGE('',*,*,#4640,.T.);
#5490=EDGE_CURVE('586452-1791271391-1ce192b2241d-0 21106277',#4570,#5430
,#4550,.T.);
#5500=ORIENTED_EDGE('',*,*,#5490,.F.);
#5510=EDGE_LOOP('',(#5500,#5480,#5470,#5460,#5450));
#5520=FACE_OUTER_BOUND('',#5510,.T.);
#5530=ADVANCED_FACE('586452-1791271391-1ce192b2241d-0 21105947',(#5520),
#5410,.F.);
#5540=CARTESIAN_POINT('',(79.75,13.25,6.5));
#5550=DIRECTION('',(0.,0.,-1.));
#5560=DIRECTION('',(-1.,0.,-0.));
#5570=AXIS2_PLACEMENT_3D('',#5540,#5550,#5560);
#5580=CONICAL_SURFACE('',#5570,3.375,0.0142035902240122);
#5590=CARTESIAN_POINT('',(81.6994079782843,11.3005920217156,
50.0157042152402));
#5600=VERTEX_POINT('586452-1791271391-1ce192b2241d-0 21103484',#5590);
#5610=EDGE_CURVE('586452-1791271391-1ce192b2241d-0 21103485',#5600,#3800
,#3870,.T.);
#5620=ORIENTED_EDGE('',*,*,#5610,.F.);
#5630=ORIENTED_EDGE('',*,*,#3810,.F.);
#5640=ORIENTED_EDGE('',*,*,#750,.T.);
#5650=ORIENTED_EDGE('',*,*,#4140,.T.);
#5660=EDGE_CURVE('586452-1791271391-1ce192b2241d-0 21103712',#4070,#5600
,#4050,.T.);
#5670=ORIENTED_EDGE('',*,*,#5660,.F.);
#5680=EDGE_LOOP('',(#5670,#5650,#5640,#5630,#5620));
#5690=FACE_OUTER_BOUND('',#5680,.T.);
#5700=ADVANCED_FACE('586452-1791271391-1ce192b2241d-0 21103211',(#5690),
#5580,.F.);
#5710=CARTESIAN_POINT('',(21.75,68.25,6.5));
#5720=DIRECTION('',(0.,0.,-1.));
#5730=DIRECTION('',(-1.,0.,-0.));
#5740=AXIS2_PLACEMENT_3D('',#5710,#5720,#5730);
#5750=CONICAL_SURFACE('',#5740,3.375,0.0142035902240122);
#5760=CARTESIAN_POINT('',(21.75,68.25,50.5));
#5770=DIRECTION('',(0.,0.,-1.));
#5780=DIRECTION('',(1.,0.,0.));
#5790=AXIS2_PLACEMENT_3D('',#5760,#5770,#5780);
#5800=CIRCLE('',#5790,2.75);
#5810=CARTESIAN_POINT('',(24.454163456598,67.75,50.5));
#5820=VERTEX_POINT('586452-1791271391-1ce192b2241d-0 21087733',#5810);
#5830=CARTESIAN_POINT('',(22.25,65.545836543402,50.5));
#5840=VERTEX_POINT('586452-1791271391-1ce192b2241d-0 21061974',#5830);
#5850=EDGE_CURVE('586452-1791271391-1ce192b2241d-0 21111460',#5820,#5840
,#5800,.T.);
#5860=ORIENTED_EDGE('',*,*,#5850,.F.);
#5870=EDGE_CURVE('586452-1791271391-1ce192b2241d-0 21111428',#5840,#4800
,#4870,.T.);
#5880=ORIENTED_EDGE('',*,*,#5870,.F.);
#5890=ORIENTED_EDGE('',*,*,#4810,.F.);
#5900=ORIENTED_EDGE('',*,*,#450,.T.);
#5910=ORIENTED_EDGE('',*,*,#5050,.T.);
#5920=EDGE_CURVE('586452-1791271391-1ce192b2241d-0 21111353',#4980,#5820
,#4960,.T.);
#5930=ORIENTED_EDGE('',*,*,#5920,.F.);
#5940=EDGE_LOOP('',(#5930,#5910,#5900,#5890,#5880,#5860));
#5950=FACE_OUTER_BOUND('',#5940,.T.);
#5960=ADVANCED_FACE('586452-1791271391-1ce192b2241d-0 21111012',(#5950),
#5750,.F.);
#5970=CARTESIAN_POINT('',(50.75,40.75,50.5));
#5980=DIRECTION('',(0.,0.,1.));
#5990=DIRECTION('',(1.,0.,0.));
#6000=AXIS2_PLACEMENT_3D('',#5970,#5980,#5990);
#6010=PLANE('',#6000);
#6020=ORIENTED_EDGE('',*,*,#5850,.T.);
#6030=CARTESIAN_POINT('',(50.75,67.75,50.5));
#6040=DIRECTION('',(1.,0.,0.));
#6050=VECTOR('',#6040,1.);
#6060=LINE('',#6030,#6050);
#6070=EDGE_CURVE('586452-1791271391-1ce192b2241d-0 21088274',#5820,#5240
,#6060,.T.);
#6080=ORIENTED_EDGE('',*,*,#6070,.F.);
#6090=ORIENTED_EDGE('',*,*,#5250,.T.);
#6100=CARTESIAN_POINT('',(79.25,40.75,50.5));
#6110=DIRECTION('',(-0.,-1.,0.));
#6120=VECTOR('',#6110,1.);
#6130=LINE('',#6100,#6120);
#6140=EDGE_CURVE('586452-1791271391-1ce192b2241d-0 21061397',#5220,#3980
,#6130,.T.);
#6150=ORIENTED_EDGE('',*,*,#6140,.F.);
#6160=ORIENTED_EDGE('',*,*,#3990,.T.);
#6170=CARTESIAN_POINT('',(50.75,13.75,50.5));
#6180=DIRECTION('',(1.,-0.,0.));
#6190=VECTOR('',#6180,1.);
#6200=LINE('',#6170,#6190);
#6210=EDGE_CURVE('586452-1791271391-1ce192b2241d-0 21088838',#4480,#3890
,#6200,.T.);
#6220=ORIENTED_EDGE('',*,*,#6210,.T.);
#6230=ORIENTED_EDGE('',*,*,#4490,.T.);
#6240=CARTESIAN_POINT('',(22.25,40.75,50.5));
#6250=DIRECTION('',(0.,-1.,0.));
#6260=VECTOR('',#6250,1.);
#6270=LINE('',#6240,#6260);
#6280=EDGE_CURVE('586452-1791271391-1ce192b2241d-0 21061924',#5840,#4390
,#6270,.T.);
#6290=ORIENTED_EDGE('',*,*,#6280,.T.);
#6300=EDGE_LOOP('',(#6290,#6230,#6220,#6160,#6150,#6090,#6080,#6020));
#6310=FACE_OUTER_BOUND('',#6300,.T.);
#6320=CARTESIAN_POINT('',(40.1989303644717,57.6989303644718,50.5));
#6330=DIRECTION('',(0.,0.,1.));
#6340=DIRECTION('',(0.,-1.,0.));
#6350=AXIS2_PLACEMENT_3D('',#6320,#6330,#6340);
#6360=CIRCLE('',#6350,1.);
#6370=CARTESIAN_POINT('',(41.1989303644717,57.6989303644718,50.5));
#6380=VERTEX_POINT('586452-1791271391-1ce192b2241d-0 19473057',#6370);
#6390=CARTESIAN_POINT('',(40.1989303644717,58.6989303644718,50.5));
#6400=VERTEX_POINT('586452-1791271391-1ce192b2241d-0 19473211',#6390);
#6410=EDGE_CURVE('586452-1791271391-1ce192b2241d-0 19473212',#6380,#6400
,#6360,.T.);
#6420=ORIENTED_EDGE('',*,*,#6410,.F.);
#6430=CARTESIAN_POINT('',(50.75,58.6989303644718,50.5));
#6440=DIRECTION('',(-1.,-0.,0.));
#6450=VECTOR('',#6440,1.);
#6460=LINE('',#6430,#6450);
#6470=CARTESIAN_POINT('',(26.1989303644717,58.6989303644718,50.5));
#6480=VERTEX_POINT('586452-1791271391-1ce192b2241d-0 19473294',#6470);
#6490=EDGE_CURVE('586452-1791271391-1ce192b2241d-0 19473295',#6400,#6480
,#6460,.T.);
#6500=ORIENTED_EDGE('',*,*,#6490,.F.);
#6510=CARTESIAN_POINT('',(26.1989303644717,57.6989303644718,50.5));
#6520=DIRECTION('',(0.,0.,1.));
#6530=DIRECTION('',(0.,-1.,0.));
#6540=AXIS2_PLACEMENT_3D('',#6510,#6520,#6530);
#6550=CIRCLE('',#6540,1.);
#6560=CARTESIAN_POINT('',(25.1989303644717,57.6989303644718,50.5));
#6570=VERTEX_POINT('586452-1791271391-1ce192b2241d-0 19473707',#6560);
#6580=EDGE_CURVE('586452-1791271391-1ce192b2241d-0 19473802',#6480,#6570
,#6550,.T.);
#6590=ORIENTED_EDGE('',*,*,#6580,.F.);
#6600=CARTESIAN_POINT('',(25.1989303644717,40.75,50.5));
#6610=DIRECTION('',(0.,-1.,0.));
#6620=VECTOR('',#6610,1.);
#6630=LINE('',#6600,#6620);
#6640=CARTESIAN_POINT('',(25.1989303644717,23.6989303644718,50.5));
#6650=VERTEX_POINT('586452-1791271391-1ce192b2241d-0 19473024',#6640);
#6660=EDGE_CURVE('586452-1791271391-1ce192b2241d-0 19473714',#6570,#6650
,#6630,.T.);
#6670=ORIENTED_EDGE('',*,*,#6660,.F.);
#6680=CARTESIAN_POINT('',(26.1989303644717,23.6989303644718,50.5));
#6690=DIRECTION('',(0.,0.,1.));
#6700=DIRECTION('',(0.,-1.,0.));
#6710=AXIS2_PLACEMENT_3D('',#6680,#6690,#6700);
#6720=CIRCLE('',#6710,1.);
#6730=CARTESIAN_POINT('',(26.1989303644717,22.6989303644718,50.5));
#6740=VERTEX_POINT('586452-1791271391-1ce192b2241d-0 19473026',#6730);
#6750=EDGE_CURVE('586452-1791271391-1ce192b2241d-0 19473027',#6650,#6740
,#6720,.T.);
#6760=ORIENTED_EDGE('',*,*,#6750,.F.);
#6770=CARTESIAN_POINT('',(50.75,22.6989303644718,50.5));
#6780=DIRECTION('',(1.,0.,0.));
#6790=VECTOR('',#6780,1.);
#6800=LINE('',#6770,#6790);
#6810=CARTESIAN_POINT('',(40.1989303644717,22.6989303644718,50.5));
#6820=VERTEX_POINT('586452-1791271391-1ce192b2241d-0 19473661',#6810);
#6830=EDGE_CURVE('586452-1791271391-1ce192b2241d-0 19473662',#6740,#6820
,#6800,.T.);
#6840=ORIENTED_EDGE('',*,*,#6830,.F.);
#6850=CARTESIAN_POINT('',(40.1989303644717,23.6989303644718,50.5));
#6860=DIRECTION('',(0.,0.,1.));
#6870=DIRECTION('',(0.,-1.,0.));
#6880=AXIS2_PLACEMENT_3D('',#6850,#6860,#6870);
#6890=CIRCLE('',#6880,1.);
#6900=CARTESIAN_POINT('',(41.1989303644717,23.6989303644718,50.5));
#6910=VERTEX_POINT('586452-1791271391-1ce192b2241d-0 19473082',#6900);
#6920=EDGE_CURVE('586452-1791271391-1ce192b2241d-0 19473683',#6820,#6910
,#6890,.T.);
#6930=ORIENTED_EDGE('',*,*,#6920,.F.);
#6940=CARTESIAN_POINT('',(41.1989303644717,40.75,50.5));
#6950=DIRECTION('',(0.,1.,-0.));
#6960=VECTOR('',#6950,1.);
#6970=LINE('',#6940,#6960);
#6980=EDGE_CURVE('586452-1791271391-1ce192b2241d-0 19473058',#6910,#6380
,#6970,.T.);
#6990=ORIENTED_EDGE('',*,*,#6980,.F.);
#7000=EDGE_LOOP('',(#6990,#6930,#6840,#6760,#6670,#6590,#6500,#6420));
#7010=FACE_BOUND('',#7000,.T.);
#7020=ADVANCED_FACE('586452-1791271391-1ce192b2241d-0 18159643',(#6310,
#7010),#6010,.T.);
#7030=CARTESIAN_POINT('',(50.75,7.625,28.5));
#7040=DIRECTION('',(0.,0.998695094774682,-0.0510696355282508));
#7050=DIRECTION('',(0.,-0.0510696355282508,-0.998695094774682));
#7060=AXIS2_PLACEMENT_3D('',#7030,#7040,#7050);
#7070=PLANE('',#7060);
#7080=CARTESIAN_POINT('',(62.25,7.47159090909091,25.5));
#7090=DIRECTION('',(0.,0.998695094774682,-0.0510696355282508));
#7100=DIRECTION('',(0.,-0.0510696355282508,-0.998695094774682));
#7110=AXIS2_PLACEMENT_3D('',#7080,#7090,#7100);
#7120=ELLIPSE('',#7110,10.0130661022783,10.);
#7130=CARTESIAN_POINT('',(52.25,7.47159090909091,25.5));
#7140=VERTEX_POINT('586452-1791271391-1ce192b2241d-0 20174930',#7130);
#7150=CARTESIAN_POINT('',(72.25,7.47159090909091,25.5));
#7160=VERTEX_POINT('',#7150);
#7170=EDGE_CURVE('586452-1791271391-1ce192b2241d-0 20174931',#7140,#7160
,#7120,.T.);
#7180=ORIENTED_EDGE('',*,*,#7170,.T.);
#7190=EDGE_CURVE('586452-1791271391-1ce192b2241d-0 20174931',#7160,#7140
,#7120,.T.);
#7200=ORIENTED_EDGE('',*,*,#7190,.T.);
#7210=EDGE_LOOP('',(#7200,#7180));
#7220=FACE_BOUND('',#7210,.T.);
#7230=CARTESIAN_POINT('',(39.25,7.47159090909091,25.5));
#7240=DIRECTION('',(0.,0.998695094774682,-0.0510696355282508));
#7250=DIRECTION('',(0.,-0.0510696355282508,-0.998695094774682));
#7260=AXIS2_PLACEMENT_3D('',#7230,#7240,#7250);
#7270=ELLIPSE('',#7260,10.0130661022783,10.);
#7280=CARTESIAN_POINT('',(29.25,7.47159090909091,25.5));
#7290=VERTEX_POINT('586452-1791271391-1ce192b2241d-0 20174563',#7280);
#7300=CARTESIAN_POINT('',(49.25,7.47159090909091,25.5));
#7310=VERTEX_POINT('',#7300);
#7320=EDGE_CURVE('586452-1791271391-1ce192b2241d-0 20174564',#7290,#7310
,#7270,.T.);
#7330=ORIENTED_EDGE('',*,*,#7320,.T.);
#7340=EDGE_CURVE('586452-1791271391-1ce192b2241d-0 20174564',#7310,#7290
,#7270,.T.);
#7350=ORIENTED_EDGE('',*,*,#7340,.T.);
#7360=EDGE_LOOP('',(#7350,#7330));
#7370=FACE_BOUND('',#7360,.T.);
#7380=CARTESIAN_POINT('',(21.9726801627889,6.48181449936614,
6.1443724320489));
#7390=DIRECTION('',(-0.00674558693064088,0.0510684736056747,
0.998672372733194));
#7400=VECTOR('',#7390,1.);
#7410=LINE('',#7380,#7400);
#7420=CARTESIAN_POINT('',(21.6798234011231,8.69893036447176,
49.5013049052253));
#7430=VERTEX_POINT('586452-1791271391-1ce192b2241d-0 21089134',#7420);
#7440=EDGE_CURVE('586452-1791271391-1ce192b2241d-0 18855132',#3170,#7430
,#7410,.T.);
#7450=ORIENTED_EDGE('',*,*,#7440,.F.);
#7460=CARTESIAN_POINT('',(50.75,8.69893036447176,49.5013049052253));
#7470=DIRECTION('',(-1.,0.,-0.));
#7480=VECTOR('',#7470,1.);
#7490=LINE('',#7460,#7480);
#7500=CARTESIAN_POINT('',(79.8201765988769,8.69893036447176,
49.5013049052253));
#7510=VERTEX_POINT('586452-1791271391-1ce192b2241d-0 21089128',#7500);
#7520=EDGE_CURVE('586452-1791271391-1ce192b2241d-0 21089135',#7510,#7430
,#7490,.T.);
#7530=ORIENTED_EDGE('',*,*,#7520,.T.);
#7540=CARTESIAN_POINT('',(79.5273198372111,6.48181449936614,
6.1443724320489));
#7550=DIRECTION('',(-0.00674558693064088,-0.0510684736056747,
-0.998672372733194));
#7560=VECTOR('',#7550,1.);
#7570=LINE('',#7540,#7560);
#7580=EDGE_CURVE('586452-1791271391-1ce192b2241d-0 18172806',#7510,#1340
,#7570,.T.);
#7590=ORIENTED_EDGE('',*,*,#7580,.F.);
#7600=ORIENTED_EDGE('',*,*,#3240,.F.);
#7610=EDGE_LOOP('',(#7600,#7590,#7530,#7450));
#7620=FACE_OUTER_BOUND('',#7610,.T.);
#7630=ADVANCED_FACE('586452-1791271391-1ce192b2241d-0 18170543',(#7220,
#7370,#7620),#7070,.F.);
#7640=CARTESIAN_POINT('',(85.375,41.875,28.5));
#7650=DIRECTION('',(-0.998695094774682,-0.,-0.0510696355282508));
#7660=DIRECTION('',(0.0510696355282508,0.,-0.998695094774682));
#7670=AXIS2_PLACEMENT_3D('',#7640,#7650,#7660);
#7680=PLANE('',#7670);
#7690=CARTESIAN_POINT('',(84.3010696355283,40.75,49.5013049052253));
#7700=DIRECTION('',(0.,-1.,0.));
#7710=VECTOR('',#7700,1.);
#7720=LINE('',#7690,#7710);
#7730=CARTESIAN_POINT('',(84.3010696355283,68.3201765988769,
49.5013049052253));
#7740=VERTEX_POINT('586452-1791271391-1ce192b2241d-0 21060726',#7730);
#7750=CARTESIAN_POINT('',(84.3010696355283,13.1798234011231,
49.5013049052253));
#7760=VERTEX_POINT('586452-1791271391-1ce192b2241d-0 21060732',#7750);
#7770=EDGE_CURVE('586452-1791271391-1ce192b2241d-0 21060733',#7740,#7760
,#7720,.T.);
#7780=ORIENTED_EDGE('',*,*,#7770,.T.);
#7790=CARTESIAN_POINT('',(86.5181855006339,68.0273198372111,
6.1443724320489));
#7800=DIRECTION('',(0.0510684736056747,-0.00674558693064088,
-0.998672372733194));
#7810=VECTOR('',#7800,1.);
#7820=LINE('',#7790,#7810);
#7830=EDGE_CURVE('586452-1791271391-1ce192b2241d-0 18174996',#7740,#2060
,#7820,.T.);
#7840=ORIENTED_EDGE('',*,*,#7830,.F.);
#7850=ORIENTED_EDGE('',*,*,#2070,.T.);
#7860=CARTESIAN_POINT('',(86.5,60.9999999999998,6.5));
#7870=DIRECTION('',(0.0510696355282508,0.,-0.998695094774682));
#7880=VECTOR('',#7870,1.);
#7890=LINE('',#7860,#7880);
#7900=CARTESIAN_POINT('',(86.1676136363636,60.9999999999998,13.));
#7910=VERTEX_POINT('586452-1791271391-1ce192b2241d-0 20742824',#7900);
#7920=EDGE_CURVE('586452-1791271391-1ce192b2241d-0 20743038',#7910,#2020
,#7890,.T.);
#7930=ORIENTED_EDGE('',*,*,#7920,.T.);
#7940=CARTESIAN_POINT('',(86.1676136363636,40.75,13.));
#7950=DIRECTION('',(0.,1.,-0.));
#7960=VECTOR('',#7950,1.);
#7970=LINE('',#7940,#7960);
#7980=CARTESIAN_POINT('',(86.1676136363636,20.5,13.));
#7990=VERTEX_POINT('586452-1791271391-1ce192b2241d-0 20742594',#7980);
#8000=EDGE_CURVE('586452-1791271391-1ce192b2241d-0 20742825',#7990,#7910
,#7970,.T.);
#8010=ORIENTED_EDGE('',*,*,#8000,.T.);
#8020=CARTESIAN_POINT('',(86.5,20.5,6.5));
#8030=DIRECTION('',(-0.0510696355282508,0.,0.998695094774682));
#8040=VECTOR('',#8030,1.);
#8050=LINE('',#8020,#8040);
#8060=EDGE_CURVE('586452-1791271391-1ce192b2241d-0 20742595',#1420,#7990
,#8050,.T.);
#8070=ORIENTED_EDGE('',*,*,#8060,.T.);
#8080=ORIENTED_EDGE('',*,*,#1430,.T.);
#8090=CARTESIAN_POINT('',(86.5181855006339,13.4726801627889,
6.1443724320489));
#8100=DIRECTION('',(0.0510684736056747,0.00674558693064088,
-0.998672372733194));
#8110=VECTOR('',#8100,1.);
#8120=LINE('',#8090,#8110);
#8130=EDGE_CURVE('586452-1791271391-1ce192b2241d-0 18851677',#7760,#1320
,#8120,.T.);
#8140=ORIENTED_EDGE('',*,*,#8130,.T.);
#8150=EDGE_LOOP('',(#8140,#8080,#8070,#8010,#7930,#7850,#7840,#7780));
#8160=FACE_OUTER_BOUND('',#8150,.T.);
#8170=ADVANCED_FACE('586452-1791271391-1ce192b2241d-0 18172732',(#8160),
#7680,.F.);
#8180=CARTESIAN_POINT('',(49.625,73.875,28.5));
#8190=DIRECTION('',(0.,-0.998695094774682,-0.0510696355282508));
#8200=DIRECTION('',(0.,0.0510696355282508,-0.998695094774682));
#8210=AXIS2_PLACEMENT_3D('',#8180,#8190,#8200);
#8220=PLANE('',#8210);
#8230=CARTESIAN_POINT('',(50.75,72.8010696355283,49.5013049052253));
#8240=DIRECTION('',(1.,0.,0.));
#8250=VECTOR('',#8240,1.);
#8260=LINE('',#8230,#8250);
#8270=CARTESIAN_POINT('',(21.6798234011231,72.8010696355283,
49.5013049052253));
#8280=VERTEX_POINT('586452-1791271391-1ce192b2241d-0 21087510',#8270);
#8290=CARTESIAN_POINT('',(79.8201765988769,72.8010696355283,
49.5013049052253));
#8300=VERTEX_POINT('586452-1791271391-1ce192b2241d-0 21087516',#8290);
#8310=EDGE_CURVE('586452-1791271391-1ce192b2241d-0 21087517',#8280,#8300
,#8260,.T.);
#8320=ORIENTED_EDGE('',*,*,#8310,.T.);
#8330=CARTESIAN_POINT('',(21.9726801627889,75.0181855006339,
6.1443724320489));
#8340=DIRECTION('',(0.00674558693064088,0.0510684736056747,
-0.998672372733194));
#8350=VECTOR('',#8340,1.);
#8360=LINE('',#8330,#8350);
#8370=EDGE_CURVE('586452-1791271391-1ce192b2241d-0 18179068',#8280,#2230
,#8360,.T.);
#8380=ORIENTED_EDGE('',*,*,#8370,.F.);
#8390=ORIENTED_EDGE('',*,*,#2240,.F.);
#8400=CARTESIAN_POINT('',(79.5273198372111,75.0181855006339,
6.1443724320489));
#8410=DIRECTION('',(-0.00674558693064088,0.0510684736056747,
-0.998672372733194));
#8420=VECTOR('',#8410,1.);
#8430=LINE('',#8400,#8420);
#8440=EDGE_CURVE('586452-1791271391-1ce192b2241d-0 18865195',#8300,#2150
,#8430,.T.);
#8450=ORIENTED_EDGE('',*,*,#8440,.T.);
#8460=EDGE_LOOP('',(#8450,#8390,#8380,#8320));
#8470=FACE_OUTER_BOUND('',#8460,.T.);
#8480=ADVANCED_FACE('586452-1791271391-1ce192b2241d-0 18174922',(#8470),
#8220,.F.);
#8490=CARTESIAN_POINT('',(16.125,40.75,28.5));
#8500=DIRECTION('',(0.998695094774682,0.,-0.0510696355282508));
#8510=DIRECTION('',(-0.0510696355282508,0.,-0.998695094774682));
#8520=AXIS2_PLACEMENT_3D('',#8490,#8500,#8510);
#8530=PLANE('',#8520);
#8540=CARTESIAN_POINT('',(17.1989303644717,40.75,49.5013049052253));
#8550=DIRECTION('',(0.,1.,0.));
#8560=VECTOR('',#8550,1.);
#8570=LINE('',#8540,#8560);
#8580=CARTESIAN_POINT('',(17.1989303644717,13.1798234011231,
49.5013049052253));
#8590=VERTEX_POINT('586452-1791271391-1ce192b2241d-0 21062315',#8580);
#8600=CARTESIAN_POINT('',(17.1989303644718,68.3201765988769,
49.5013049052253));
#8610=VERTEX_POINT('586452-1791271391-1ce192b2241d-0 21062235',#8600);
#8620=EDGE_CURVE('586452-1791271391-1ce192b2241d-0 21062320',#8590,#8610
,#8570,.T.);
#8630=ORIENTED_EDGE('',*,*,#8620,.T.);
#8640=CARTESIAN_POINT('',(14.9818144993661,13.4726801627889,
6.1443724320489));
#8650=DIRECTION('',(0.0510684736056747,-0.00674558693064088,
0.998672372733194));
#8660=VECTOR('',#8650,1.);
#8670=LINE('',#8640,#8660);
#8680=EDGE_CURVE('586452-1791271391-1ce192b2241d-0 18179104',#3080,#8590
,#8670,.T.);
#8690=ORIENTED_EDGE('',*,*,#8680,.T.);
#8700=ORIENTED_EDGE('',*,*,#3090,.F.);
#8710=CARTESIAN_POINT('',(15.,20.5,6.5));
#8720=DIRECTION('',(-0.0510696355282508,0.,-0.998695094774682));
#8730=VECTOR('',#8720,1.);
#8740=LINE('',#8710,#8730);
#8750=CARTESIAN_POINT('',(15.3323863636364,20.5,13.));
#8760=VERTEX_POINT('586452-1791271391-1ce192b2241d-0 20742678',#8750);
#8770=EDGE_CURVE('586452-1791271391-1ce192b2241d-0 20742797',#8760,#3000
,#8740,.T.);
#8780=ORIENTED_EDGE('',*,*,#8770,.T.);
#8790=CARTESIAN_POINT('',(15.3323863636364,40.75,13.));
#8800=DIRECTION('',(0.,-1.,0.));
#8810=VECTOR('',#8800,1.);
#8820=LINE('',#8790,#8810);
#8830=CARTESIAN_POINT('',(15.3323863636364,60.9999999999998,13.));
#8840=VERTEX_POINT('586452-1791271391-1ce192b2241d-0 20742919',#8830);
#8850=EDGE_CURVE('586452-1791271391-1ce192b2241d-0 20743016',#8840,#8760
,#8820,.T.);
#8860=ORIENTED_EDGE('',*,*,#8850,.T.);
#8870=CARTESIAN_POINT('',(15.,60.9999999999998,6.5));
#8880=DIRECTION('',(0.0510696355282508,0.,0.998695094774682));
#8890=VECTOR('',#8880,1.);
#8900=LINE('',#8870,#8890);
#8910=EDGE_CURVE('586452-1791271391-1ce192b2241d-0 20743235',#2400,#8840
,#8900,.T.);
#8920=ORIENTED_EDGE('',*,*,#8910,.T.);
#8930=ORIENTED_EDGE('',*,*,#2410,.F.);
#8940=CARTESIAN_POINT('',(14.9818144993661,68.0273198372111,
6.1443724320489));
#8950=DIRECTION('',(-0.0510684736056747,-0.00674558693064088,
-0.998672372733194));
#8960=VECTOR('',#8950,1.);
#8970=LINE('',#8940,#8960);
#8980=EDGE_CURVE('586452-1791271391-1ce192b2241d-0 18858587',#8610,#2320
,#8970,.T.);
#8990=ORIENTED_EDGE('',*,*,#8980,.T.);
#9000=EDGE_LOOP('',(#8990,#8930,#8920,#8860,#8780,#8700,#8690,#8630));
#9010=FACE_OUTER_BOUND('',#9000,.T.);
#9020=ADVANCED_FACE('586452-1791271391-1ce192b2241d-0 18178993',(#9010),
#8530,.F.);
#9030=CARTESIAN_POINT('',(50.75,11.2244651822359,50.0006524526127));
#9040=DIRECTION('',(0.,0.19396454368041,-0.981008540123301));
#9050=DIRECTION('',(0.,-0.981008540123301,-0.19396454368041));
#9060=AXIS2_PLACEMENT_3D('',#9030,#9040,#9050);
#9070=PLANE('',#9060);
#9080=ORIENTED_EDGE('',*,*,#4580,.T.);
#9090=ORIENTED_EDGE('',*,*,#6210,.F.);
#9100=ORIENTED_EDGE('',*,*,#3900,.T.);
#9110=ORIENTED_EDGE('',*,*,#5610,.T.);
#9120=CARTESIAN_POINT('',(50.75,42.2499999999998,56.1350064946396));
#9130=DIRECTION('',(0.700295735919616,-0.700295735919612,
-0.138462141055279));
#9140=VECTOR('',#9130,1.);
#9150=LINE('',#9120,#9140);
#9160=CARTESIAN_POINT('',(82.9797289544991,10.0202710455009,
49.7625597585317));
#9170=VERTEX_POINT('586452-1791271391-1ce192b2241d-0 21089235',#9160);
#9180=EDGE_CURVE('586452-1791271391-1ce192b2241d-0 21089184',#5600,#9170
,#9150,.T.);
#9190=ORIENTED_EDGE('',*,*,#9180,.F.);
#9200=CARTESIAN_POINT('',(79.8258863004257,13.1234696928446,
50.3761227245646));
#9210=DIRECTION('',(0.,0.193964543680411,-0.981008540123301));
#9220=DIRECTION('',(0.0359220180601593,0.98037539332289,
0.193839358195065));
#9230=AXIS2_PLACEMENT_3D('',#9200,#9210,#9220);
#9240=ELLIPSE('',#9230,4.51029712344067,4.43006035030878);
#9250=EDGE_CURVE('586452-1791271391-1ce192b2241d-0 21089609',#9170,#7510
,#9240,.T.);
#9260=ORIENTED_EDGE('',*,*,#9250,.F.);
#9270=ORIENTED_EDGE('',*,*,#7520,.F.);
#9280=CARTESIAN_POINT('',(21.6741136995743,13.1234696928445,
50.3761227245646));
#9290=DIRECTION('',(0.,0.193964543680411,-0.981008540123301));
#9300=DIRECTION('',(-0.0359220180601591,0.98037539332289,
0.193839358195065));
#9310=AXIS2_PLACEMENT_3D('',#9280,#9290,#9300);
#9320=ELLIPSE('',#9310,4.51029712344067,4.43006035030878);
#9330=CARTESIAN_POINT('',(18.5202710455009,10.0202710455009,
49.7625597585317));
#9340=VERTEX_POINT('586452-1791271391-1ce192b2241d-0 21089505',#9330);
#9350=EDGE_CURVE('586452-1791271391-1ce192b2241d-0 21089769',#7430,#9340
,#9320,.T.);
#9360=ORIENTED_EDGE('',*,*,#9350,.F.);
#9370=CARTESIAN_POINT('',(50.75,42.2499999999998,56.1350064946396));
#9380=DIRECTION('',(0.700295735919616,0.700295735919612,
0.138462141055279));
#9390=VECTOR('',#9380,1.);
#9400=LINE('',#9370,#9390);
#9410=EDGE_CURVE('586452-1791271391-1ce192b2241d-0 21106440',#9340,#5430
,#9400,.T.);
#9420=ORIENTED_EDGE('',*,*,#9410,.F.);
#9430=ORIENTED_EDGE('',*,*,#5490,.T.);
#9440=EDGE_LOOP('',(#9430,#9420,#9360,#9270,#9260,#9190,#9110,#9100,
#9090,#9080));
#9450=FACE_OUTER_BOUND('',#9440,.T.);
#9460=ADVANCED_FACE('586452-1791271391-1ce192b2241d-0 21106594',(#9450),
#9070,.F.);
#9470=CARTESIAN_POINT('',(81.7755348177641,43.25,50.0006524526127));
#9480=DIRECTION('',(-0.19396454368041,-0.,-0.981008540123301));
#9490=DIRECTION('',(0.981008540123301,0.,-0.19396454368041));
#9500=AXIS2_PLACEMENT_3D('',#9470,#9480,#9490);
#9510=PLANE('',#9500);
#9520=ORIENTED_EDGE('',*,*,#5320,.T.);
#9530=ORIENTED_EDGE('',*,*,#3580,.T.);
#9540=CARTESIAN_POINT('',(50.75,39.2500000000007,56.1350064946396));
#9550=DIRECTION('',(-0.700295735919622,-0.700295735919607,
0.13846214105528));
#9560=VECTOR('',#9550,1.);
#9570=LINE('',#9540,#9560);
#9580=CARTESIAN_POINT('',(82.9797289544991,71.4797289544991,
49.7625597585317));
#9590=VERTEX_POINT('586452-1791271391-1ce192b2241d-0 21088045',#9580);
#9600=EDGE_CURVE('586452-1791271391-1ce192b2241d-0 21101009',#9590,#3480
,#9570,.T.);
#9610=ORIENTED_EDGE('',*,*,#9600,.T.);
#9620=CARTESIAN_POINT('',(79.8765303071554,68.3258863004257,
50.3761227245646));
#9630=DIRECTION('',(-0.193964543680413,0.,-0.9810085401233));
#9640=DIRECTION('',(0.980375393322889,-0.0359220180601592,
-0.193839358195067));
#9650=AXIS2_PLACEMENT_3D('',#9620,#9630,#9640);
#9660=ELLIPSE('',#9650,4.51029712344067,4.43006035030878);
#9670=EDGE_CURVE('586452-1791271391-1ce192b2241d-0 21061264',#9590,#7740
,#9660,.T.);
#9680=ORIENTED_EDGE('',*,*,#9670,.F.);
#9690=ORIENTED_EDGE('',*,*,#7770,.F.);
#9700=CARTESIAN_POINT('',(79.8765303071554,13.1741136995743,
50.3761227245646));
#9710=DIRECTION('',(-0.193964543680413,0.,-0.9810085401233));
#9720=DIRECTION('',(0.980375393322889,0.0359220180601592,
-0.193839358195067));
#9730=AXIS2_PLACEMENT_3D('',#9700,#9710,#9720);
#9740=ELLIPSE('',#9730,4.51029712344067,4.43006035030878);
#9750=EDGE_CURVE('586452-1791271391-1ce192b2241d-0 21061480',#7760,#9170
,#9740,.T.);
#9760=ORIENTED_EDGE('',*,*,#9750,.F.);
#9770=ORIENTED_EDGE('',*,*,#9180,.T.);
#9780=ORIENTED_EDGE('',*,*,#5660,.T.);
#9790=ORIENTED_EDGE('',*,*,#4080,.T.);
#9800=ORIENTED_EDGE('',*,*,#6140,.T.);
#9810=EDGE_LOOP('',(#9800,#9790,#9780,#9770,#9760,#9690,#9680,#9610,
#9530,#9520));
#9820=FACE_OUTER_BOUND('',#9810,.T.);
#9830=ADVANCED_FACE('586452-1791271391-1ce192b2241d-0 18832568',(#9820),
#9510,.F.);
#9840=CARTESIAN_POINT('',(48.25,70.2755348177641,50.0006524526127));
#9850=DIRECTION('',(0.,-0.19396454368041,-0.981008540123301));
#9860=DIRECTION('',(0.,0.981008540123301,-0.19396454368041));
#9870=AXIS2_PLACEMENT_3D('',#9840,#9850,#9860);
#9880=PLANE('',#9870);
#9890=ORIENTED_EDGE('',*,*,#5920,.T.);
#9900=ORIENTED_EDGE('',*,*,#4990,.T.);
#9910=CARTESIAN_POINT('',(50.75,39.2500000000007,56.1350064946396));
#9920=DIRECTION('',(-0.700295735919622,0.700295735919607,
-0.13846214105528));
#9930=VECTOR('',#9920,1.);
#9940=LINE('',#9910,#9930);
#9950=CARTESIAN_POINT('',(18.5202710455009,71.4797289544991,
49.7625597585316));
#9960=VERTEX_POINT('586452-1791271391-1ce192b2241d-0 21087687',#9950);
#9970=EDGE_CURVE('586452-1791271391-1ce192b2241d-0 21088080',#4890,#9960
,#9940,.T.);
#9980=ORIENTED_EDGE('',*,*,#9970,.F.);
#9990=CARTESIAN_POINT('',(21.6741136995743,68.3765303071554,
50.3761227245646));
#10000=DIRECTION('',(0.,-0.193964543680414,-0.9810085401233));
#10010=DIRECTION('',(0.0359220180601582,0.980375393322889,
-0.193839358195068));
#10020=AXIS2_PLACEMENT_3D('',#9990,#10000,#10010);
#10030=ELLIPSE('',#10020,4.51029712344067,4.43006035030878);
#10040=EDGE_CURVE('586452-1791271391-1ce192b2241d-0 21087688',#9960,
#8280,#10030,.T.);
#10050=ORIENTED_EDGE('',*,*,#10040,.F.);
#10060=ORIENTED_EDGE('',*,*,#8310,.F.);
#10070=CARTESIAN_POINT('',(79.8258863004257,68.3765303071554,
50.3761227245646));
#10080=DIRECTION('',(0.,-0.193964543680414,-0.9810085401233));
#10090=DIRECTION('',(-0.0359220180601582,0.980375393322889,
-0.193839358195068));
#10100=AXIS2_PLACEMENT_3D('',#10070,#10080,#10090);
#10110=ELLIPSE('',#10100,4.51029712344067,4.43006035030878);
#10120=EDGE_CURVE('586452-1791271391-1ce192b2241d-0 21088204',#8300,
#9590,#10110,.T.);
#10130=ORIENTED_EDGE('',*,*,#10120,.F.);
#10140=ORIENTED_EDGE('',*,*,#9600,.F.);
#10150=ORIENTED_EDGE('',*,*,#3490,.T.);
#10160=ORIENTED_EDGE('',*,*,#5270,.T.);
#10170=ORIENTED_EDGE('',*,*,#6070,.T.);
#10180=EDGE_LOOP('',(#10170,#10160,#10150,#10140,#10130,#10060,#10050,
#9980,#9900,#9890));
#10190=FACE_OUTER_BOUND('',#10180,.T.);
#10200=ADVANCED_FACE('586452-1791271391-1ce192b2241d-0 18835524',(#10190
),#9880,.F.);
#10210=CARTESIAN_POINT('',(19.7244651822359,40.75,50.0006524526127));
#10220=DIRECTION('',(0.19396454368041,0.,-0.981008540123301));
#10230=DIRECTION('',(-0.981008540123301,0.,-0.19396454368041));
#10240=AXIS2_PLACEMENT_3D('',#10210,#10220,#10230);
#10250=PLANE('',#10240);
#10260=ORIENTED_EDGE('',*,*,#4400,.T.);
#10270=ORIENTED_EDGE('',*,*,#5440,.T.);
#10280=ORIENTED_EDGE('',*,*,#9410,.T.);
#10290=CARTESIAN_POINT('',(21.6234696928445,13.1741136995743,
50.3761227245646));
#10300=DIRECTION('',(0.19396454368041,0.,-0.981008540123301));
#10310=DIRECTION('',(0.98037539332289,-0.0359220180601597,
0.193839358195064));
#10320=AXIS2_PLACEMENT_3D('',#10290,#10300,#10310);
#10330=ELLIPSE('',#10320,4.51029712344067,4.43006035030878);
#10340=EDGE_CURVE('586452-1791271391-1ce192b2241d-0 21062703',#9340,
#8590,#10330,.T.);
#10350=ORIENTED_EDGE('',*,*,#10340,.F.);
#10360=ORIENTED_EDGE('',*,*,#8620,.F.);
#10370=CARTESIAN_POINT('',(21.6234696928446,68.3258863004257,
50.3761227245646));
#10380=DIRECTION('',(0.19396454368041,0.,-0.981008540123301));
#10390=DIRECTION('',(0.98037539332289,0.0359220180601597,
0.193839358195064));
#10400=AXIS2_PLACEMENT_3D('',#10370,#10380,#10390);
#10410=ELLIPSE('',#10400,4.51029712344067,4.43006035030878);
#10420=EDGE_CURVE('586452-1791271391-1ce192b2241d-0 21062284',#8610,
#9960,#10410,.T.);
#10430=ORIENTED_EDGE('',*,*,#10420,.F.);
#10440=ORIENTED_EDGE('',*,*,#9970,.T.);
#10450=ORIENTED_EDGE('',*,*,#4900,.T.);
#10460=ORIENTED_EDGE('',*,*,#5870,.T.);
#10470=ORIENTED_EDGE('',*,*,#6280,.F.);
#10480=EDGE_LOOP('',(#10470,#10460,#10450,#10440,#10430,#10360,#10350,
#10280,#10270,#10260));
#10490=FACE_OUTER_BOUND('',#10480,.T.);
#10500=ADVANCED_FACE('586452-1791271391-1ce192b2241d-0 18840973',(#10490
),#10250,.F.);
#10510=CARTESIAN_POINT('',(79.5273198372111,13.4726801627889,
5.78688498335114));
#10520=DIRECTION('',(-0.00673431233499341,0.00673431233499335,
-0.999954648008973));
#10530=DIRECTION('',(-0.999977323233168,0.,0.006734465043961));
#10540=AXIS2_PLACEMENT_3D('',#10510,#10520,#10530);
#10550=CONICAL_SURFACE('',#10540,7.0117194103283,0.0578250640379775);
#10560=ORIENTED_EDGE('',*,*,#1350,.F.);
#10570=ORIENTED_EDGE('',*,*,#7580,.T.);
#10580=ORIENTED_EDGE('',*,*,#9250,.T.);
#10590=ORIENTED_EDGE('',*,*,#9750,.T.);
#10600=ORIENTED_EDGE('',*,*,#8130,.F.);
#10610=EDGE_LOOP('',(#10600,#10590,#10580,#10570,#10560));
#10620=FACE_OUTER_BOUND('',#10610,.T.);
#10630=ADVANCED_FACE('586452-1791271391-1ce192b2241d-0 18851683',(#10620
),#10550,.T.);
#10640=CARTESIAN_POINT('',(21.9726801627889,13.4726801627889,
5.78688498335114));
#10650=DIRECTION('',(0.00673431233499335,0.00673431233499335,
-0.999954648008973));
#10660=DIRECTION('',(-0.999977323233168,0.,-0.006734465043961));
#10670=AXIS2_PLACEMENT_3D('',#10640,#10650,#10660);
#10680=CONICAL_SURFACE('',#10670,7.0117194103283,0.0578250640379775);
#10690=ORIENTED_EDGE('',*,*,#3180,.F.);
#10700=ORIENTED_EDGE('',*,*,#8680,.F.);
#10710=ORIENTED_EDGE('',*,*,#10340,.T.);
#10720=ORIENTED_EDGE('',*,*,#9350,.T.);
#10730=ORIENTED_EDGE('',*,*,#7440,.T.);
#10740=EDGE_LOOP('',(#10730,#10720,#10710,#10700,#10690));
#10750=FACE_OUTER_BOUND('',#10740,.T.);
#10760=ADVANCED_FACE('586452-1791271391-1ce192b2241d-0 18855138',(#10750
),#10680,.T.);
#10770=CARTESIAN_POINT('',(21.9726801627889,68.0273198372111,
5.78688498335114));
#10780=DIRECTION('',(0.00673431233499335,-0.00673431233499341,
-0.999954648008973));
#10790=DIRECTION('',(-0.999977323233168,0.,-0.006734465043961));
#10800=AXIS2_PLACEMENT_3D('',#10770,#10780,#10790);
#10810=CONICAL_SURFACE('',#10800,7.0117194103283,0.0578250640379775);
#10820=ORIENTED_EDGE('',*,*,#2330,.T.);
#10830=ORIENTED_EDGE('',*,*,#8370,.T.);
#10840=ORIENTED_EDGE('',*,*,#10040,.T.);
#10850=ORIENTED_EDGE('',*,*,#10420,.T.);
#10860=ORIENTED_EDGE('',*,*,#8980,.F.);
#10870=EDGE_LOOP('',(#10860,#10850,#10840,#10830,#10820));
#10880=FACE_OUTER_BOUND('',#10870,.T.);
#10890=ADVANCED_FACE('586452-1791271391-1ce192b2241d-0 18858593',(#10880
),#10810,.T.);
#10900=CARTESIAN_POINT('',(79.5273198372111,68.0273198372111,
5.78688498335114));
#10910=DIRECTION('',(-0.00673431233499341,-0.00673431233499341,
-0.999954648008973));
#10920=DIRECTION('',(-0.999977323233168,0.,0.006734465043961));
#10930=AXIS2_PLACEMENT_3D('',#10900,#10910,#10920);
#10940=CONICAL_SURFACE('',#10930,7.0117194103283,0.0578250640379775);
#10950=ORIENTED_EDGE('',*,*,#2160,.T.);
#10960=ORIENTED_EDGE('',*,*,#7830,.T.);
#10970=ORIENTED_EDGE('',*,*,#9670,.T.);
#10980=ORIENTED_EDGE('',*,*,#10120,.T.);
#10990=ORIENTED_EDGE('',*,*,#8440,.F.);
#11000=EDGE_LOOP('',(#10990,#10980,#10970,#10960,#10950));
#11010=FACE_OUTER_BOUND('',#11000,.T.);
#11020=ADVANCED_FACE('586452-1791271391-1ce192b2241d-0 18865201',(#11010
),#10940,.T.);
#11030=CARTESIAN_POINT('',(40.1989303644717,57.6989303644718,50.5));
#11040=DIRECTION('',(0.,0.,1.));
#11050=DIRECTION('',(0.,-1.,0.));
#11060=AXIS2_PLACEMENT_3D('',#11030,#11040,#11050);
#11070=CYLINDRICAL_SURFACE('',#11060,1.);
#11080=CARTESIAN_POINT('',(41.1989303644717,57.6989303644718,50.5));
#11090=DIRECTION('',(-0.,0.,-1.));
#11100=VECTOR('',#11090,1.);
#11110=LINE('',#11080,#11100);
#11120=CARTESIAN_POINT('',(41.1989303644717,57.6989303644718,49.5));
#11130=VERTEX_POINT('586452-1791271391-1ce192b2241d-0 19286673',#11120);
#11140=EDGE_CURVE('586452-1791271391-1ce192b2241d-0 19286731',#6380,
#11130,#11110,.T.);
#11150=ORIENTED_EDGE('',*,*,#11140,.F.);
#11160=CARTESIAN_POINT('',(40.1989303644717,57.6989303644718,49.5));
#11170=DIRECTION('',(0.,0.,1.));
#11180=DIRECTION('',(0.,-1.,0.));
#11190=AXIS2_PLACEMENT_3D('',#11160,#11170,#11180);
#11200=CIRCLE('',#11190,1.);
#11210=CARTESIAN_POINT('',(40.1989303644717,58.6989303644718,49.5));
#11220=VERTEX_POINT('586452-1791271391-1ce192b2241d-0 19286635',#11210);
#11230=EDGE_CURVE('586452-1791271391-1ce192b2241d-0 19286677',#11130,
#11220,#11200,.T.);
#11240=ORIENTED_EDGE('',*,*,#11230,.F.);
#11250=CARTESIAN_POINT('',(40.1989303644717,58.6989303644718,50.5));
#11260=DIRECTION('',(-0.,0.,-1.));
#11270=VECTOR('',#11260,1.);
#11280=LINE('',#11250,#11270);
#11290=EDGE_CURVE('586452-1791271391-1ce192b2241d-0 19286699',#6400,
#11220,#11280,.T.);
#11300=ORIENTED_EDGE('',*,*,#11290,.T.);
#11310=ORIENTED_EDGE('',*,*,#6410,.T.);
#11320=EDGE_LOOP('',(#11310,#11300,#11240,#11150));
#11330=FACE_OUTER_BOUND('',#11320,.T.);
#11340=ADVANCED_FACE('586452-1791271391-1ce192b2241d-0 19286737',(#11330
),#11070,.F.);
#11350=CARTESIAN_POINT('',(39.25,6.5,25.5));
#11360=DIRECTION('',(0.,-1.,0.));
#11370=DIRECTION('',(-1.,0.,0.));
#11380=AXIS2_PLACEMENT_3D('',#11350,#11360,#11370);
#11390=CYLINDRICAL_SURFACE('',#11380,10.);
#11400=CARTESIAN_POINT('',(29.25,6.5,25.5));
#11410=DIRECTION('',(0.,-1.,0.));
#11420=VECTOR('',#11410,1.);
#11430=LINE('',#11400,#11420);
#11440=CARTESIAN_POINT('',(29.25,9.5,25.5));
#11450=VERTEX_POINT('586452-1791271391-1ce192b2241d-0 20174103',#11440);
#11460=EDGE_CURVE('',#11450,#7290,#11430,.T.);
#11470=ORIENTED_EDGE('',*,*,#11460,.F.);
#11480=ORIENTED_EDGE('',*,*,#7320,.F.);
#11490=CARTESIAN_POINT('',(49.25,6.5,25.5));
#11500=DIRECTION('',(0.,-1.,0.));
#11510=VECTOR('',#11500,1.);
#11520=LINE('',#11490,#11510);
#11530=CARTESIAN_POINT('',(49.25,9.5,25.5));
#11540=VERTEX_POINT('',#11530);
#11550=EDGE_CURVE('',#11540,#7310,#11520,.T.);
#11560=ORIENTED_EDGE('',*,*,#11550,.T.);
#11570=CARTESIAN_POINT('',(39.25,9.5,25.5));
#11580=DIRECTION('',(0.,-1.,0.));
#11590=DIRECTION('',(-1.,0.,0.));
#11600=AXIS2_PLACEMENT_3D('',#11570,#11580,#11590);
#11610=CIRCLE('',#11600,10.);
#11620=EDGE_CURVE('586452-1791271391-1ce192b2241d-0 20174101',#11540,
#11450,#11610,.T.);
#11630=ORIENTED_EDGE('',*,*,#11620,.F.);
#11640=EDGE_LOOP('',(#11630,#11560,#11480,#11470));
#11650=FACE_OUTER_BOUND('',#11640,.T.);
#11660=ADVANCED_FACE('586452-1791271391-1ce192b2241d-0 20174114',(#11650
),#11390,.F.);
#11670=CARTESIAN_POINT('',(50.75,9.5,-36.5));
#11680=DIRECTION('',(-0.,-1.,-0.));
#11690=DIRECTION('',(-1.,0.,0.));
#11700=AXIS2_PLACEMENT_3D('',#11670,#11680,#11690);
#11710=PLANE('',#11700);
#11720=EDGE_CURVE('586452-1791271391-1ce192b2241d-0 20174101',#11450,
#11540,#11610,.T.);
#11730=ORIENTED_EDGE('',*,*,#11720,.T.);
#11740=ORIENTED_EDGE('',*,*,#11620,.T.);
#11750=EDGE_LOOP('',(#11740,#11730));
#11760=FACE_OUTER_BOUND('',#11750,.T.);
#11770=CARTESIAN_POINT('',(39.25,9.5,25.5));
#11780=DIRECTION('',(0.,-1.,0.));
#11790=DIRECTION('',(0.,0.,-1.));
#11800=AXIS2_PLACEMENT_3D('',#11770,#11780,#11790);
#11810=CIRCLE('',#11800,7.5);
#11820=CARTESIAN_POINT('',(39.25,9.5,18.));
#11830=VERTEX_POINT('586452-1791271391-1ce192b2241d-0 20470373',#11820);
#11840=CARTESIAN_POINT('',(39.25,9.5,33.));
#11850=VERTEX_POINT('',#11840);
#11860=EDGE_CURVE('586452-1791271391-1ce192b2241d-0 20470374',#11830,
#11850,#11810,.T.);
#11870=ORIENTED_EDGE('',*,*,#11860,.F.);
#11880=EDGE_CURVE('586452-1791271391-1ce192b2241d-0 20470374',#11850,
#11830,#11810,.T.);
#11890=ORIENTED_EDGE('',*,*,#11880,.F.);
#11900=EDGE_LOOP('',(#11890,#11870));
#11910=FACE_BOUND('',#11900,.T.);
#11920=ADVANCED_FACE('586452-1791271391-1ce192b2241d-0 20174005',(#11760
,#11910),#11710,.T.);
#11930=CARTESIAN_POINT('',(50.75,40.75,50.4));
#11940=DIRECTION('',(-0.,0.,1.));
#11950=DIRECTION('',(0.,-1.,0.));
#11960=AXIS2_PLACEMENT_3D('',#11930,#11940,#11950);
#11970=PLANE('',#11960);
#11980=CARTESIAN_POINT('',(26.1989303644717,44.6989303644718,50.4));
#11990=DIRECTION('',(0.,0.,1.));
#12000=DIRECTION('',(0.,-1.,0.));
#12010=AXIS2_PLACEMENT_3D('',#11980,#11990,#12000);
#12020=CIRCLE('',#12010,1.);
#12030=CARTESIAN_POINT('',(26.1989303644717,45.6989303644718,50.4));
#12040=VERTEX_POINT('586452-1791271391-1ce192b2241d-0 19474394',#12030);
#12050=CARTESIAN_POINT('',(25.1989303644717,44.6989303644718,50.4));
#12060=VERTEX_POINT('586452-1791271391-1ce192b2241d-0 19474650',#12050);
#12070=EDGE_CURVE('586452-1791271391-1ce192b2241d-0 19474831',#12040,
#12060,#12020,.T.);
#12080=ORIENTED_EDGE('',*,*,#12070,.F.);
#12090=CARTESIAN_POINT('',(25.1989303644717,22.6989303644718,50.4));
#12100=DIRECTION('',(0.,1.,0.));
#12110=VECTOR('',#12100,1.);
#12120=LINE('',#12090,#12110);
#12130=CARTESIAN_POINT('',(25.1989303644717,49.6989303644718,50.4));
#12140=VERTEX_POINT('586452-1791271391-1ce192b2241d-0 19474615',#12130);
#12150=EDGE_CURVE('586452-1791271391-1ce192b2241d-0 19472733',#12060,
#12140,#12120,.T.);
#12160=ORIENTED_EDGE('',*,*,#12150,.F.);
#12170=CARTESIAN_POINT('',(26.1989303644717,49.6989303644718,50.4));
#12180=DIRECTION('',(0.,0.,1.));
#12190=DIRECTION('',(0.,-1.,0.));
#12200=AXIS2_PLACEMENT_3D('',#12170,#12180,#12190);
#12210=CIRCLE('',#12200,1.);
#12220=CARTESIAN_POINT('',(26.1989303644717,48.6989303644718,50.4));
#12230=VERTEX_POINT('586452-1791271391-1ce192b2241d-0 19474366',#12220);
#12240=EDGE_CURVE('586452-1791271391-1ce192b2241d-0 19474802',#12140,
#12230,#12210,.T.);
#12250=ORIENTED_EDGE('',*,*,#12240,.F.);
#12260=CARTESIAN_POINT('',(50.75,48.6989303644718,50.4));
#12270=DIRECTION('',(1.,0.,0.));
#12280=VECTOR('',#12270,1.);
#12290=LINE('',#12260,#12280);
#12300=CARTESIAN_POINT('',(40.1989303644717,48.6989303644718,50.4));
#12310=VERTEX_POINT('586452-1791271391-1ce192b2241d-0 19474269',#12300);
#12320=EDGE_CURVE('586452-1791271391-1ce192b2241d-0 19474367',#12230,
#12310,#12290,.T.);
#12330=ORIENTED_EDGE('',*,*,#12320,.F.);
#12340=CARTESIAN_POINT('',(40.1989303644717,49.6989303644718,50.4));
#12350=DIRECTION('',(0.,0.,1.));
#12360=DIRECTION('',(0.,-1.,0.));
#12370=AXIS2_PLACEMENT_3D('',#12340,#12350,#12360);
#12380=CIRCLE('',#12370,1.);
#12390=CARTESIAN_POINT('',(41.1989303644717,49.6989303644718,50.4));
#12400=VERTEX_POINT('586452-1791271391-1ce192b2241d-0 19474052',#12390);
#12410=EDGE_CURVE('586452-1791271391-1ce192b2241d-0 19474270',#12310,
#12400,#12380,.T.);
#12420=ORIENTED_EDGE('',*,*,#12410,.F.);
#12430=CARTESIAN_POINT('',(41.1989303644717,58.6989303644718,50.4));
#12440=DIRECTION('',(0.,-1.,0.));
#12450=VECTOR('',#12440,1.);
#12460=LINE('',#12430,#12450);
#12470=CARTESIAN_POINT('',(41.1989303644717,44.6989303644718,50.4));
#12480=VERTEX_POINT('586452-1791271391-1ce192b2241d-0 19474311',#12470);
#12490=EDGE_CURVE('586452-1791271391-1ce192b2241d-0 19476666',#12400,
#12480,#12460,.T.);
#12500=ORIENTED_EDGE('',*,*,#12490,.F.);
#12510=CARTESIAN_POINT('',(40.1989303644717,44.6989303644718,50.4));
#12520=DIRECTION('',(0.,0.,1.));
#12530=DIRECTION('',(0.,-1.,0.));
#12540=AXIS2_PLACEMENT_3D('',#12510,#12520,#12530);
#12550=CIRCLE('',#12540,1.);
#12560=CARTESIAN_POINT('',(40.1989303644717,45.6989303644718,50.4));
#12570=VERTEX_POINT('586452-1791271391-1ce192b2241d-0 19474392',#12560);
#12580=EDGE_CURVE('586452-1791271391-1ce192b2241d-0 19474472',#12480,
#12570,#12550,.T.);
#12590=ORIENTED_EDGE('',*,*,#12580,.F.);
#12600=CARTESIAN_POINT('',(50.75,45.6989303644718,50.4));
#12610=DIRECTION('',(-1.,-0.,0.));
#12620=VECTOR('',#12610,1.);
#12630=LINE('',#12600,#12620);
#12640=EDGE_CURVE('586452-1791271391-1ce192b2241d-0 19474395',#12570,
#12040,#12630,.T.);
#12650=ORIENTED_EDGE('',*,*,#12640,.F.);
#12660=EDGE_LOOP('',(#12650,#12590,#12500,#12420,#12330,#12250,#12160,
#12080));
#12670=FACE_OUTER_BOUND('',#12660,.T.);
#12680=ADVANCED_FACE('586452-1791271391-1ce192b2241d-0 19476934',(#12670
),#11970,.T.);
#12690=CARTESIAN_POINT('',(26.1989303644717,31.6989303644718,50.5));
#12700=DIRECTION('',(0.,0.,1.));
#12710=DIRECTION('',(0.,-1.,0.));
#12720=AXIS2_PLACEMENT_3D('',#12690,#12700,#12710);
#12730=CYLINDRICAL_SURFACE('',#12720,1.);
#12740=CARTESIAN_POINT('',(26.1989303644717,32.6989303644718,50.5));
#12750=DIRECTION('',(-0.,0.,-1.));
#12760=VECTOR('',#12750,1.);
#12770=LINE('',#12740,#12760);
#12780=CARTESIAN_POINT('',(26.1989303644717,32.6989303644718,50.4));
#12790=VERTEX_POINT('586452-1791271391-1ce192b2241d-0 19474523',#12780);
#12800=CARTESIAN_POINT('',(26.1989303644717,32.6989303644718,49.5));
#12810=VERTEX_POINT('586452-1791271391-1ce192b2241d-0 19286824',#12800);
#12820=EDGE_CURVE('586452-1791271391-1ce192b2241d-0 19286890',#12790,
#12810,#12770,.T.);
#12830=ORIENTED_EDGE('',*,*,#12820,.F.);
#12840=CARTESIAN_POINT('',(26.1989303644717,31.6989303644718,49.5));
#12850=DIRECTION('',(0.,0.,1.));
#12860=DIRECTION('',(0.,-1.,0.));
#12870=AXIS2_PLACEMENT_3D('',#12840,#12850,#12860);
#12880=CIRCLE('',#12870,1.);
#12890=CARTESIAN_POINT('',(25.1989303644717,31.6989303644718,49.5));
#12900=VERTEX_POINT('586452-1791271391-1ce192b2241d-0 19286832',#12890);
#12910=EDGE_CURVE('586452-1791271391-1ce192b2241d-0 19286830',#12810,
#12900,#12880,.T.);
#12920=ORIENTED_EDGE('',*,*,#12910,.F.);
#12930=CARTESIAN_POINT('',(25.1989303644717,31.6989303644718,50.5));
#12940=DIRECTION('',(-0.,0.,-1.));
#12950=VECTOR('',#12940,1.);
#12960=LINE('',#12930,#12950);
#12970=CARTESIAN_POINT('',(25.1989303644717,31.6989303644718,50.4));
#12980=VERTEX_POINT('586452-1791271391-1ce192b2241d-0 19474692',#12970);
#12990=EDGE_CURVE('586452-1791271391-1ce192b2241d-0 19286895',#12980,
#12900,#12960,.T.);
#13000=ORIENTED_EDGE('',*,*,#12990,.T.);
#13010=CARTESIAN_POINT('',(26.1989303644717,31.6989303644718,50.4));
#13020=DIRECTION('',(0.,0.,1.));
#13030=DIRECTION('',(0.,-1.,0.));
#13040=AXIS2_PLACEMENT_3D('',#13010,#13020,#13030);
#13050=CIRCLE('',#13040,1.);
#13060=EDGE_CURVE('586452-1791271391-1ce192b2241d-0 19474937',#12790,
#12980,#13050,.T.);
#13070=ORIENTED_EDGE('',*,*,#13060,.T.);
#13080=EDGE_LOOP('',(#13070,#13000,#12920,#12830));
#13090=FACE_OUTER_BOUND('',#13080,.T.);
#13100=ADVANCED_FACE('586452-1791271391-1ce192b2241d-0 19286897',(#13090
),#12730,.F.);
#13110=CARTESIAN_POINT('',(50.75,9.5,-36.5));
#13120=DIRECTION('',(-0.,-1.,-0.));
#13130=DIRECTION('',(-1.,0.,0.));
#13140=AXIS2_PLACEMENT_3D('',#13110,#13120,#13130);
#13150=PLANE('',#13140);
#13160=CARTESIAN_POINT('',(62.25,9.5,25.5));
#13170=DIRECTION('',(0.,-1.,0.));
#13180=DIRECTION('',(-1.,0.,0.));
#13190=AXIS2_PLACEMENT_3D('',#13160,#13170,#13180);
#13200=CIRCLE('',#13190,10.);
#13210=CARTESIAN_POINT('',(52.25,9.5,25.5));
#13220=VERTEX_POINT('586452-1791271391-1ce192b2241d-0 20174228',#13210);
#13230=CARTESIAN_POINT('',(72.25,9.5,25.5));
#13240=VERTEX_POINT('',#13230);
#13250=EDGE_CURVE('586452-1791271391-1ce192b2241d-0 20174226',#13220,
#13240,#13200,.T.);
#13260=ORIENTED_EDGE('',*,*,#13250,.T.);
#13270=EDGE_CURVE('586452-1791271391-1ce192b2241d-0 20174226',#13240,
#13220,#13200,.T.);
#13280=ORIENTED_EDGE('',*,*,#13270,.T.);
#13290=EDGE_LOOP('',(#13280,#13260));
#13300=FACE_OUTER_BOUND('',#13290,.T.);
#13310=CARTESIAN_POINT('',(54.6722777168861,9.5,6.5));
#13320=DIRECTION('',(-6.09036630651514E-16,0.,-1.));
#13330=VECTOR('',#13320,1.);
#13340=LINE('',#13310,#13330);
#13350=CARTESIAN_POINT('',(54.6722777168862,9.5,29.875));
#13360=VERTEX_POINT('586452-1791271391-1ce192b2241d-0 20543506',#13350);
#13370=CARTESIAN_POINT('',(54.6722777168862,9.5,21.125));
#13380=VERTEX_POINT('586452-1791271391-1ce192b2241d-0 20543627',#13370);
#13390=EDGE_CURVE('586452-1791271391-1ce192b2241d-0 20543628',#13360,
#13380,#13340,.T.);
#13400=ORIENTED_EDGE('',*,*,#13390,.F.);
#13410=CARTESIAN_POINT('',(50.75,9.5,23.3895280956807));
#13420=DIRECTION('',(0.866025403784438,0.,-0.500000000000001));
#13430=VECTOR('',#13420,1.);
#13440=LINE('',#13410,#13430);
#13450=CARTESIAN_POINT('',(62.25,9.5,16.75));
#13460=VERTEX_POINT('586452-1791271391-1ce192b2241d-0 20543748',#13450);
#13470=EDGE_CURVE('586452-1791271391-1ce192b2241d-0 20543749',#13380,
#13460,#13440,.T.);
#13480=ORIENTED_EDGE('',*,*,#13470,.F.);
#13490=CARTESIAN_POINT('',(50.75,9.5,10.1104719043193));
#13500=DIRECTION('',(0.866025403784439,0.,0.499999999999999));
#13510=VECTOR('',#13500,1.);
#13520=LINE('',#13490,#13510);
#13530=CARTESIAN_POINT('',(69.8277222831138,9.5,21.125));
#13540=VERTEX_POINT('586452-1791271391-1ce192b2241d-0 20543869',#13530);
#13550=EDGE_CURVE('586452-1791271391-1ce192b2241d-0 20543870',#13460,
#13540,#13520,.T.);
#13560=ORIENTED_EDGE('',*,*,#13550,.F.);
#13570=CARTESIAN_POINT('',(69.8277222831138,9.5,6.5));
#13580=DIRECTION('',(1.21807326130303E-15,0.,1.));
#13590=VECTOR('',#13580,1.);
#13600=LINE('',#13570,#13590);
#13610=CARTESIAN_POINT('',(69.8277222831138,9.5,29.875));
#13620=VERTEX_POINT('586452-1791271391-1ce192b2241d-0 20543990',#13610);
#13630=EDGE_CURVE('586452-1791271391-1ce192b2241d-0 20543991',#13540,
#13620,#13600,.T.);
#13640=ORIENTED_EDGE('',*,*,#13630,.F.);
#13650=CARTESIAN_POINT('',(50.75,9.5,40.8895280956807));
#13660=DIRECTION('',(-0.866025403784439,0.,0.5));
#13670=VECTOR('',#13660,1.);
#13680=LINE('',#13650,#13670);
#13690=CARTESIAN_POINT('',(62.25,9.5,34.25));
#13700=VERTEX_POINT('586452-1791271391-1ce192b2241d-0 20543504',#13690);
#13710=EDGE_CURVE('586452-1791271391-1ce192b2241d-0 20544108',#13620,
#13700,#13680,.T.);
#13720=ORIENTED_EDGE('',*,*,#13710,.F.);
#13730=CARTESIAN_POINT('',(50.75,9.5,27.6104719043193));
#13740=DIRECTION('',(-0.866025403784439,0.,-0.5));
#13750=VECTOR('',#13740,1.);
#13760=LINE('',#13730,#13750);
#13770=EDGE_CURVE('586452-1791271391-1ce192b2241d-0 20543507',#13700,
#13360,#13760,.T.);
#13780=ORIENTED_EDGE('',*,*,#13770,.F.);
#13790=EDGE_LOOP('',(#13780,#13720,#13640,#13560,#13480,#13400));
#13800=FACE_BOUND('',#13790,.T.);
#13810=ADVANCED_FACE('586452-1791271391-1ce192b2241d-0 20174067',(#13300
,#13800),#13150,.T.);
#13820=CARTESIAN_POINT('',(40.1989303644717,49.6989303644718,50.5));
#13830=DIRECTION('',(0.,0.,1.));
#13840=DIRECTION('',(0.,-1.,0.));
#13850=AXIS2_PLACEMENT_3D('',#13820,#13830,#13840);
#13860=CYLINDRICAL_SURFACE('',#13850,1.);
#13870=CARTESIAN_POINT('',(40.1989303644717,48.6989303644718,50.5));
#13880=DIRECTION('',(-0.,0.,-1.));
#13890=VECTOR('',#13880,1.);
#13900=LINE('',#13870,#13890);
#13910=CARTESIAN_POINT('',(40.1989303644717,48.6989303644718,49.5));
#13920=VERTEX_POINT('586452-1791271391-1ce192b2241d-0 19286661',#13910);
#13930=EDGE_CURVE('586452-1791271391-1ce192b2241d-0 19286721',#12310,
#13920,#13900,.T.);
#13940=ORIENTED_EDGE('',*,*,#13930,.F.);
#13950=CARTESIAN_POINT('',(40.1989303644717,49.6989303644718,49.5));
#13960=DIRECTION('',(0.,0.,1.));
#13970=DIRECTION('',(0.,-1.,0.));
#13980=AXIS2_PLACEMENT_3D('',#13950,#13960,#13970);
#13990=CIRCLE('',#13980,1.);
#14000=CARTESIAN_POINT('',(41.1989303644717,49.6989303644718,49.5));
#14010=VERTEX_POINT('586452-1791271391-1ce192b2241d-0 19286667',#14000);
#14020=EDGE_CURVE('586452-1791271391-1ce192b2241d-0 19286665',#13920,
#14010,#13990,.T.);
#14030=ORIENTED_EDGE('',*,*,#14020,.F.);
#14040=CARTESIAN_POINT('',(41.1989303644717,49.6989303644718,50.5));
#14050=DIRECTION('',(-0.,0.,-1.));
#14060=VECTOR('',#14050,1.);
#14070=LINE('',#14040,#14060);
#14080=EDGE_CURVE('586452-1791271391-1ce192b2241d-0 19286726',#12400,
#14010,#14070,.T.);
#14090=ORIENTED_EDGE('',*,*,#14080,.T.);
#14100=ORIENTED_EDGE('',*,*,#12410,.T.);
#14110=EDGE_LOOP('',(#14100,#14090,#14030,#13940));
#14120=FACE_OUTER_BOUND('',#14110,.T.);
#14130=ADVANCED_FACE('586452-1791271391-1ce192b2241d-0 19286728',(#14120
),#13860,.F.);
#14140=CARTESIAN_POINT('',(40.1989303644717,36.6989303644718,50.5));
#14150=DIRECTION('',(0.,0.,1.));
#14160=DIRECTION('',(0.,-1.,0.));
#14170=AXIS2_PLACEMENT_3D('',#14140,#14150,#14160);
#14180=CYLINDRICAL_SURFACE('',#14170,1.);
#14190=CARTESIAN_POINT('',(40.1989303644717,35.6989303644718,50.5));
#14200=DIRECTION('',(-0.,0.,-1.));
#14210=VECTOR('',#14200,1.);
#14220=LINE('',#14190,#14210);
#14230=CARTESIAN_POINT('',(40.1989303644717,35.6989303644718,50.4));
#14240=VERTEX_POINT('586452-1791271391-1ce192b2241d-0 19474130',#14230);
#14250=CARTESIAN_POINT('',(40.1989303644717,35.6989303644718,49.5));
#14260=VERTEX_POINT('586452-1791271391-1ce192b2241d-0 19286472',#14250);
#14270=EDGE_CURVE('586452-1791271391-1ce192b2241d-0 19286532',#14240,
#14260,#14220,.T.);
#14280=ORIENTED_EDGE('',*,*,#14270,.F.);
#14290=CARTESIAN_POINT('',(40.1989303644717,36.6989303644718,49.5));
#14300=DIRECTION('',(0.,0.,1.));
#14310=DIRECTION('',(0.,-1.,0.));
#14320=AXIS2_PLACEMENT_3D('',#14290,#14300,#14310);
#14330=CIRCLE('',#14320,1.);
#14340=CARTESIAN_POINT('',(41.1989303644717,36.6989303644718,49.5));
#14350=VERTEX_POINT('586452-1791271391-1ce192b2241d-0 19286478',#14340);
#14360=EDGE_CURVE('586452-1791271391-1ce192b2241d-0 19286476',#14260,
#14350,#14330,.T.);
#14370=ORIENTED_EDGE('',*,*,#14360,.F.);
#14380=CARTESIAN_POINT('',(41.1989303644717,36.6989303644718,50.5));
#14390=DIRECTION('',(-0.,0.,-1.));
#14400=VECTOR('',#14390,1.);
#14410=LINE('',#14380,#14400);
#14420=CARTESIAN_POINT('',(41.1989303644717,36.6989303644718,50.4));
#14430=VERTEX_POINT('586452-1791271391-1ce192b2241d-0 19474124',#14420);
#14440=EDGE_CURVE('586452-1791271391-1ce192b2241d-0 19286537',#14430,
#14350,#14410,.T.);
#14450=ORIENTED_EDGE('',*,*,#14440,.T.);
#14460=CARTESIAN_POINT('',(40.1989303644717,36.6989303644718,50.4));
#14470=DIRECTION('',(0.,0.,1.));
#14480=DIRECTION('',(0.,-1.,0.));
#14490=AXIS2_PLACEMENT_3D('',#14460,#14470,#14480);
#14500=CIRCLE('',#14490,1.);
#14510=EDGE_CURVE('586452-1791271391-1ce192b2241d-0 19474131',#14240,
#14430,#14500,.T.);
#14520=ORIENTED_EDGE('',*,*,#14510,.T.);
#14530=EDGE_LOOP('',(#14520,#14450,#14370,#14280));
#14540=FACE_OUTER_BOUND('',#14530,.T.);
#14550=ADVANCED_FACE('586452-1791271391-1ce192b2241d-0 19286539',(#14540
),#14180,.F.);
#14560=CARTESIAN_POINT('',(50.75,40.75,49.5));
#14570=DIRECTION('',(-0.,0.,1.));
#14580=DIRECTION('',(0.,-1.,0.));
#14590=AXIS2_PLACEMENT_3D('',#14560,#14570,#14580);
#14600=PLANE('',#14590);
#14610=ORIENTED_EDGE('',*,*,#11230,.T.);
#14620=CARTESIAN_POINT('',(41.1989303644717,58.6989303644718,49.5));
#14630=DIRECTION('',(0.,-1.,0.));
#14640=VECTOR('',#14630,1.);
#14650=LINE('',#14620,#14640);
#14660=EDGE_CURVE('586452-1791271391-1ce192b2241d-0 19286671',#11130,
#14010,#14650,.T.);
#14670=ORIENTED_EDGE('',*,*,#14660,.F.);
#14680=ORIENTED_EDGE('',*,*,#14020,.T.);
#14690=CARTESIAN_POINT('',(25.1989303644717,48.6989303644718,49.5));
#14700=DIRECTION('',(1.,0.,0.));
#14710=VECTOR('',#14700,1.);
#14720=LINE('',#14690,#14710);
#14730=CARTESIAN_POINT('',(26.1989303644717,48.6989303644718,49.5));
#14740=VERTEX_POINT('586452-1791271391-1ce192b2241d-0 19286655',#14730);
#14750=EDGE_CURVE('586452-1791271391-1ce192b2241d-0 19286659',#14740,
#13920,#14720,.T.);
#14760=ORIENTED_EDGE('',*,*,#14750,.T.);
#14770=CARTESIAN_POINT('',(26.1989303644717,49.6989303644718,49.5));
#14780=DIRECTION('',(0.,0.,1.));
#14790=DIRECTION('',(0.,-1.,0.));
#14800=AXIS2_PLACEMENT_3D('',#14770,#14780,#14790);
#14810=CIRCLE('',#14800,1.);
#14820=CARTESIAN_POINT('',(25.1989303644717,49.6989303644718,49.5));
#14830=VERTEX_POINT('586452-1791271391-1ce192b2241d-0 19286649',#14820);
#14840=EDGE_CURVE('586452-1791271391-1ce192b2241d-0 19286653',#14830,
#14740,#14810,.T.);
#14850=ORIENTED_EDGE('',*,*,#14840,.T.);
#14860=CARTESIAN_POINT('',(25.1989303644717,58.6989303644718,49.5));
#14870=DIRECTION('',(0.,-1.,0.));
#14880=VECTOR('',#14870,1.);
#14890=LINE('',#14860,#14880);
#14900=CARTESIAN_POINT('',(25.1989303644717,57.6989303644718,49.5));
#14910=VERTEX_POINT('586452-1791271391-1ce192b2241d-0 19286643',#14900);
#14920=EDGE_CURVE('586452-1791271391-1ce192b2241d-0 19286647',#14910,
#14830,#14890,.T.);
#14930=ORIENTED_EDGE('',*,*,#14920,.T.);
#14940=CARTESIAN_POINT('',(26.1989303644717,57.6989303644718,49.5));
#14950=DIRECTION('',(0.,0.,1.));
#14960=DIRECTION('',(0.,-1.,0.));
#14970=AXIS2_PLACEMENT_3D('',#14940,#14950,#14960);
#14980=CIRCLE('',#14970,1.);
#14990=CARTESIAN_POINT('',(26.1989303644717,58.6989303644718,49.5));
#15000=VERTEX_POINT('586452-1791271391-1ce192b2241d-0 19286637',#14990);
#15010=EDGE_CURVE('586452-1791271391-1ce192b2241d-0 19286641',#15000,
#14910,#14980,.T.);
#15020=ORIENTED_EDGE('',*,*,#15010,.T.);
#15030=CARTESIAN_POINT('',(41.1989303644717,58.6989303644718,49.5));
#15040=DIRECTION('',(-1.,0.,0.));
#15050=VECTOR('',#15040,1.);
#15060=LINE('',#15030,#15050);
#15070=EDGE_CURVE('586452-1791271391-1ce192b2241d-0 19286633',#11220,
#15000,#15060,.T.);
#15080=ORIENTED_EDGE('',*,*,#15070,.T.);
#15090=EDGE_LOOP('',(#15080,#15020,#14930,#14850,#14760,#14680,#14670,
#14610));
#15100=FACE_OUTER_BOUND('',#15090,.T.);
#15110=ADVANCED_FACE('586452-1791271391-1ce192b2241d-0 19286309',(#15100
),#14600,.T.);
#15120=COLOUR_RGB('',1.,1.,1.);
#15130=FILL_AREA_STYLE_COLOUR('',#15120);
#15140=FILL_AREA_STYLE('',(#15130));
#15150=SURFACE_STYLE_FILL_AREA(#15140);
#15160=SURFACE_SIDE_STYLE('',(#15150));
#15170=SURFACE_STYLE_USAGE(.BOTH.,#15160);
#15180=PRESENTATION_STYLE_ASSIGNMENT((#15170));
#15190=ORIENTED_EDGE('',*,*,#13060,.F.);
#15200=CARTESIAN_POINT('',(25.1989303644717,36.6989303644718,50.4));
#15210=VERTEX_POINT('586452-1791271391-1ce192b2241d-0 19474660',#15200);
#15220=EDGE_CURVE('586452-1791271391-1ce192b2241d-0 19476727',#12980,
#15210,#12120,.T.);
#15230=ORIENTED_EDGE('',*,*,#15220,.F.);
#15240=CARTESIAN_POINT('',(26.1989303644717,36.6989303644718,50.4));
#15250=DIRECTION('',(0.,0.,1.));
#15260=DIRECTION('',(0.,-1.,0.));
#15270=AXIS2_PLACEMENT_3D('',#15240,#15250,#15260);
#15280=CIRCLE('',#15270,1.);
#15290=CARTESIAN_POINT('',(26.1989303644717,35.6989303644718,50.4));
#15300=VERTEX_POINT('586452-1791271391-1ce192b2241d-0 19474497',#15290);
#15310=EDGE_CURVE('586452-1791271391-1ce192b2241d-0 19474908',#15210,
#15300,#15280,.T.);
#15320=ORIENTED_EDGE('',*,*,#15310,.F.);
#15330=CARTESIAN_POINT('',(50.75,35.6989303644718,50.4));
#15340=DIRECTION('',(1.,0.,0.));
#15350=VECTOR('',#15340,1.);
#15360=LINE('',#15330,#15350);
#15370=EDGE_CURVE('586452-1791271391-1ce192b2241d-0 19474498',#15300,
#14240,#15360,.T.);
#15380=ORIENTED_EDGE('',*,*,#15370,.F.);
#15390=ORIENTED_EDGE('',*,*,#14510,.F.);
#15400=CARTESIAN_POINT('',(41.1989303644717,31.6989303644718,50.4));
#15410=VERTEX_POINT('586452-1791271391-1ce192b2241d-0 19474096',#15400);
#15420=EDGE_CURVE('586452-1791271391-1ce192b2241d-0 19472757',#14430,
#15410,#12460,.T.);
#15430=ORIENTED_EDGE('',*,*,#15420,.F.);
#15440=CARTESIAN_POINT('',(40.1989303644717,31.6989303644718,50.4));
#15450=DIRECTION('',(0.,0.,1.));
#15460=DIRECTION('',(0.,-1.,0.));
#15470=AXIS2_PLACEMENT_3D('',#15440,#15450,#15460);
#15480=CIRCLE('',#15470,1.);
#15490=CARTESIAN_POINT('',(40.1989303644717,32.6989303644718,50.4));
#15500=VERTEX_POINT('586452-1791271391-1ce192b2241d-0 19474209',#15490);
#15510=EDGE_CURVE('586452-1791271391-1ce192b2241d-0 19474210',#15410,
#15500,#15480,.T.);
#15520=ORIENTED_EDGE('',*,*,#15510,.F.);
#15530=CARTESIAN_POINT('',(50.75,32.6989303644718,50.4));
#15540=DIRECTION('',(-1.,0.,0.));
#15550=VECTOR('',#15540,1.);
#15560=LINE('',#15530,#15550);
#15570=EDGE_CURVE('586452-1791271391-1ce192b2241d-0 19474524',#15500,
#12790,#15560,.T.);
#15580=ORIENTED_EDGE('',*,*,#15570,.F.);
#15590=EDGE_LOOP('',(#15580,#15520,#15430,#15390,#15380,#15320,#15230,
#15190));
#15600=FACE_OUTER_BOUND('',#15590,.T.);
#15610=ADVANCED_FACE('586452-1791271391-1ce192b2241d-0 19472655',(#15600
),#11970,.T.);
#15620=CARTESIAN_POINT('',(62.25,6.5,25.5));
#15630=DIRECTION('',(0.,-1.,0.));
#15640=DIRECTION('',(-1.,0.,0.));
#15650=AXIS2_PLACEMENT_3D('',#15620,#15630,#15640);
#15660=CYLINDRICAL_SURFACE('',#15650,10.);
#15670=CARTESIAN_POINT('',(52.25,6.5,25.5));
#15680=DIRECTION('',(0.,-1.,0.));
#15690=VECTOR('',#15680,1.);
#15700=LINE('',#15670,#15690);
#15710=EDGE_CURVE('',#13220,#7140,#15700,.T.);
#15720=ORIENTED_EDGE('',*,*,#15710,.F.);
#15730=ORIENTED_EDGE('',*,*,#7170,.F.);
#15740=CARTESIAN_POINT('',(72.25,6.5,25.5));
#15750=DIRECTION('',(0.,-1.,0.));
#15760=VECTOR('',#15750,1.);
#15770=LINE('',#15740,#15760);
#15780=EDGE_CURVE('',#13240,#7160,#15770,.T.);
#15790=ORIENTED_EDGE('',*,*,#15780,.T.);
#15800=ORIENTED_EDGE('',*,*,#13270,.F.);
#15810=EDGE_LOOP('',(#15800,#15790,#15730,#15720));
#15820=FACE_OUTER_BOUND('',#15810,.T.);
#15830=ADVANCED_FACE('586452-1791271391-1ce192b2241d-0 20174239',(#15820
),#15660,.F.);
#15840=CARTESIAN_POINT('',(26.1989303644717,36.6989303644718,50.5));
#15850=DIRECTION('',(0.,0.,1.));
#15860=DIRECTION('',(0.,-1.,0.));
#15870=AXIS2_PLACEMENT_3D('',#15840,#15850,#15860);
#15880=CYLINDRICAL_SURFACE('',#15870,1.);
#15890=CARTESIAN_POINT('',(25.1989303644717,36.6989303644718,50.5));
#15900=DIRECTION('',(-0.,0.,-1.));
#15910=VECTOR('',#15900,1.);
#15920=LINE('',#15890,#15910);
#15930=CARTESIAN_POINT('',(25.1989303644717,36.6989303644718,49.5));
#15940=VERTEX_POINT('586452-1791271391-1ce192b2241d-0 19286460',#15930);
#15950=EDGE_CURVE('586452-1791271391-1ce192b2241d-0 19286522',#15210,
#15940,#15920,.T.);
#15960=ORIENTED_EDGE('',*,*,#15950,.F.);
#15970=CARTESIAN_POINT('',(26.1989303644717,36.6989303644718,49.5));
#15980=DIRECTION('',(0.,0.,1.));
#15990=DIRECTION('',(0.,-1.,0.));
#16000=AXIS2_PLACEMENT_3D('',#15970,#15980,#15990);
#16010=CIRCLE('',#16000,1.);
#16020=CARTESIAN_POINT('',(26.1989303644717,35.6989303644718,49.5));
#16030=VERTEX_POINT('586452-1791271391-1ce192b2241d-0 19286466',#16020);
#16040=EDGE_CURVE('586452-1791271391-1ce192b2241d-0 19286464',#15940,
#16030,#16010,.T.);
#16050=ORIENTED_EDGE('',*,*,#16040,.F.);
#16060=CARTESIAN_POINT('',(26.1989303644717,35.6989303644718,50.5));
#16070=DIRECTION('',(-0.,0.,-1.));
#16080=VECTOR('',#16070,1.);
#16090=LINE('',#16060,#16080);
#16100=EDGE_CURVE('586452-1791271391-1ce192b2241d-0 19286527',#15300,
#16030,#16090,.T.);
#16110=ORIENTED_EDGE('',*,*,#16100,.T.);
#16120=ORIENTED_EDGE('',*,*,#15310,.T.);
#16130=EDGE_LOOP('',(#16120,#16110,#16050,#15960));
#16140=FACE_OUTER_BOUND('',#16130,.T.);
#16150=ADVANCED_FACE('586452-1791271391-1ce192b2241d-0 19286529',(#16140
),#15880,.F.);
#16160=CARTESIAN_POINT('',(50.75,40.75,49.5));
#16170=DIRECTION('',(-0.,0.,1.));
#16180=DIRECTION('',(0.,-1.,0.));
#16190=AXIS2_PLACEMENT_3D('',#16160,#16170,#16180);
#16200=PLANE('',#16190);
#16210=CARTESIAN_POINT('',(40.1989303644717,31.6989303644718,49.5));
#16220=DIRECTION('',(0.,0.,1.));
#16230=DIRECTION('',(0.,-1.,0.));
#16240=AXIS2_PLACEMENT_3D('',#16210,#16220,#16230);
#16250=CIRCLE('',#16240,1.);
#16260=CARTESIAN_POINT('',(41.1989303644717,31.6989303644718,49.5));
#16270=VERTEX_POINT('586452-1791271391-1ce192b2241d-0 19286862',#16260);
#16280=CARTESIAN_POINT('',(40.1989303644717,32.6989303644718,49.5));
#16290=VERTEX_POINT('586452-1791271391-1ce192b2241d-0 19286826',#16280);
#16300=EDGE_CURVE('586452-1791271391-1ce192b2241d-0 19286866',#16270,
#16290,#16250,.T.);
#16310=ORIENTED_EDGE('',*,*,#16300,.T.);
#16320=CARTESIAN_POINT('',(41.1989303644717,32.6989303644718,49.5));
#16330=DIRECTION('',(0.,-1.,0.));
#16340=VECTOR('',#16330,1.);
#16350=LINE('',#16320,#16340);
#16360=CARTESIAN_POINT('',(41.1989303644717,23.6989303644718,49.5));
#16370=VERTEX_POINT('586452-1791271391-1ce192b2241d-0 19286856',#16360);
#16380=EDGE_CURVE('586452-1791271391-1ce192b2241d-0 19286860',#16270,
#16370,#16350,.T.);
#16390=ORIENTED_EDGE('',*,*,#16380,.F.);
#16400=CARTESIAN_POINT('',(40.1989303644717,23.6989303644718,49.5));
#16410=DIRECTION('',(0.,0.,1.));
#16420=DIRECTION('',(0.,-1.,0.));
#16430=AXIS2_PLACEMENT_3D('',#16400,#16410,#16420);
#16440=CIRCLE('',#16430,1.);
#16450=CARTESIAN_POINT('',(40.1989303644717,22.6989303644718,49.5));
#16460=VERTEX_POINT('586452-1791271391-1ce192b2241d-0 19286850',#16450);
#16470=EDGE_CURVE('586452-1791271391-1ce192b2241d-0 19286854',#16460,
#16370,#16440,.T.);
#16480=ORIENTED_EDGE('',*,*,#16470,.T.);
#16490=CARTESIAN_POINT('',(41.1989303644717,22.6989303644718,49.5));
#16500=DIRECTION('',(-1.,0.,0.));
#16510=VECTOR('',#16500,1.);
#16520=LINE('',#16490,#16510);
#16530=CARTESIAN_POINT('',(26.1989303644717,22.6989303644718,49.5));
#16540=VERTEX_POINT('586452-1791271391-1ce192b2241d-0 19286844',#16530);
#16550=EDGE_CURVE('586452-1791271391-1ce192b2241d-0 19286848',#16460,
#16540,#16520,.T.);
#16560=ORIENTED_EDGE('',*,*,#16550,.F.);
#16570=CARTESIAN_POINT('',(26.1989303644717,23.6989303644718,49.5));
#16580=DIRECTION('',(0.,0.,1.));
#16590=DIRECTION('',(0.,-1.,0.));
#16600=AXIS2_PLACEMENT_3D('',#16570,#16580,#16590);
#16610=CIRCLE('',#16600,1.);
#16620=CARTESIAN_POINT('',(25.1989303644717,23.6989303644718,49.5));
#16630=VERTEX_POINT('586452-1791271391-1ce192b2241d-0 19286838',#16620);
#16640=EDGE_CURVE('586452-1791271391-1ce192b2241d-0 19286842',#16630,
#16540,#16610,.T.);
#16650=ORIENTED_EDGE('',*,*,#16640,.T.);
#16660=CARTESIAN_POINT('',(25.1989303644717,22.6989303644718,49.5));
#16670=DIRECTION('',(0.,1.,0.));
#16680=VECTOR('',#16670,1.);
#16690=LINE('',#16660,#16680);
#16700=EDGE_CURVE('586452-1791271391-1ce192b2241d-0 19286836',#16630,
#12900,#16690,.T.);
#16710=ORIENTED_EDGE('',*,*,#16700,.F.);
#16720=ORIENTED_EDGE('',*,*,#12910,.T.);
#16730=CARTESIAN_POINT('',(25.1989303644717,32.6989303644718,49.5));
#16740=DIRECTION('',(1.,0.,0.));
#16750=VECTOR('',#16740,1.);
#16760=LINE('',#16730,#16750);
#16770=EDGE_CURVE('586452-1791271391-1ce192b2241d-0 19286822',#12810,
#16290,#16760,.T.);
#16780=ORIENTED_EDGE('',*,*,#16770,.F.);
#16790=EDGE_LOOP('',(#16780,#16720,#16710,#16650,#16560,#16480,#16390,
#16310));
#16800=FACE_OUTER_BOUND('',#16790,.T.);
#16810=ADVANCED_FACE('586452-1791271391-1ce192b2241d-0 19286357',(#16800
),#16200,.T.);
#16820=COLOUR_RGB('',1.,1.,1.);
#16830=FILL_AREA_STYLE_COLOUR('',#16820);
#16840=FILL_AREA_STYLE('',(#16830));
#16850=SURFACE_STYLE_FILL_AREA(#16840);
#16860=SURFACE_SIDE_STYLE('',(#16850));
#16870=SURFACE_STYLE_USAGE(.BOTH.,#16860);
#16880=PRESENTATION_STYLE_ASSIGNMENT((#16870));
#16890=CARTESIAN_POINT('',(40.1989303644717,31.6989303644718,50.5));
#16900=DIRECTION('',(0.,0.,1.));
#16910=DIRECTION('',(0.,-1.,0.));
#16920=AXIS2_PLACEMENT_3D('',#16890,#16900,#16910);
#16930=CYLINDRICAL_SURFACE('',#16920,1.);
#16940=CARTESIAN_POINT('',(41.1989303644717,31.6989303644718,50.5));
#16950=DIRECTION('',(-0.,0.,-1.));
#16960=VECTOR('',#16950,1.);
#16970=LINE('',#16940,#16960);
#16980=EDGE_CURVE('586452-1791271391-1ce192b2241d-0 19286920',#15410,
#16270,#16970,.T.);
#16990=ORIENTED_EDGE('',*,*,#16980,.F.);
#17000=ORIENTED_EDGE('',*,*,#16300,.F.);
#17010=CARTESIAN_POINT('',(40.1989303644717,32.6989303644718,50.5));
#17020=DIRECTION('',(-0.,0.,-1.));
#17030=VECTOR('',#17020,1.);
#17040=LINE('',#17010,#17030);
#17050=EDGE_CURVE('586452-1791271391-1ce192b2241d-0 19286888',#15500,
#16290,#17040,.T.);
#17060=ORIENTED_EDGE('',*,*,#17050,.T.);
#17070=ORIENTED_EDGE('',*,*,#15510,.T.);
#17080=EDGE_LOOP('',(#17070,#17060,#17000,#16990));
#17090=FACE_OUTER_BOUND('',#17080,.T.);
#17100=ADVANCED_FACE('586452-1791271391-1ce192b2241d-0 19286926',(#17090
),#16930,.F.);
#17110=CARTESIAN_POINT('',(26.1989303644717,45.6989303644718,50.5));
#17120=DIRECTION('',(0.,-1.,0.));
#17130=DIRECTION('',(-1.,0.,0.));
#17140=AXIS2_PLACEMENT_3D('',#17110,#17120,#17130);
#17150=PLANE('',#17140);
#17160=CARTESIAN_POINT('',(40.1989303644717,45.6989303644718,50.5));
#17170=DIRECTION('',(-0.,0.,-1.));
#17180=VECTOR('',#17170,1.);
#17190=LINE('',#17160,#17180);
#17200=CARTESIAN_POINT('',(40.1989303644717,45.6989303644718,49.5));
#17210=VERTEX_POINT('586452-1791271391-1ce192b2241d-0 19286446',#17200);
#17220=EDGE_CURVE('586452-1791271391-1ce192b2241d-0 19286510',#12570,
#17210,#17190,.T.);
#17230=ORIENTED_EDGE('',*,*,#17220,.F.);
#17240=CARTESIAN_POINT('',(41.1989303644717,45.6989303644718,49.5));
#17250=DIRECTION('',(-1.,0.,0.));
#17260=VECTOR('',#17250,1.);
#17270=LINE('',#17240,#17260);
#17280=CARTESIAN_POINT('',(26.1989303644717,45.6989303644718,49.5));
#17290=VERTEX_POINT('586452-1791271391-1ce192b2241d-0 19286448',#17280);
#17300=EDGE_CURVE('586452-1791271391-1ce192b2241d-0 19286444',#17210,
#17290,#17270,.T.);
#17310=ORIENTED_EDGE('',*,*,#17300,.F.);
#17320=CARTESIAN_POINT('',(26.1989303644717,45.6989303644718,50.5));
#17330=DIRECTION('',(-0.,0.,-1.));
#17340=VECTOR('',#17330,1.);
#17350=LINE('',#17320,#17340);
#17360=EDGE_CURVE('586452-1791271391-1ce192b2241d-0 19286512',#12040,
#17290,#17350,.T.);
#17370=ORIENTED_EDGE('',*,*,#17360,.T.);
#17380=ORIENTED_EDGE('',*,*,#12640,.T.);
#17390=EDGE_LOOP('',(#17380,#17370,#17310,#17230));
#17400=FACE_OUTER_BOUND('',#17390,.T.);
#17410=ADVANCED_FACE('586452-1791271391-1ce192b2241d-0 19286514',(#17400
),#17150,.T.);
#17420=CARTESIAN_POINT('',(26.1989303644717,57.6989303644718,50.5));
#17430=DIRECTION('',(0.,0.,1.));
#17440=DIRECTION('',(0.,-1.,0.));
#17450=AXIS2_PLACEMENT_3D('',#17420,#17430,#17440);
#17460=CYLINDRICAL_SURFACE('',#17450,1.);
#17470=CARTESIAN_POINT('',(26.1989303644717,58.6989303644718,50.5));
#17480=DIRECTION('',(-0.,0.,-1.));
#17490=VECTOR('',#17480,1.);
#17500=LINE('',#17470,#17490);
#17510=EDGE_CURVE('586452-1791271391-1ce192b2241d-0 19286701',#6480,
#15000,#17500,.T.);
#17520=ORIENTED_EDGE('',*,*,#17510,.F.);
#17530=ORIENTED_EDGE('',*,*,#15010,.F.);
#17540=CARTESIAN_POINT('',(25.1989303644717,57.6989303644718,50.5));
#17550=DIRECTION('',(-0.,0.,-1.));
#17560=VECTOR('',#17550,1.);
#17570=LINE('',#17540,#17560);
#17580=EDGE_CURVE('586452-1791271391-1ce192b2241d-0 19286706',#6570,
#14910,#17570,.T.);
#17590=ORIENTED_EDGE('',*,*,#17580,.T.);
#17600=ORIENTED_EDGE('',*,*,#6580,.T.);
#17610=EDGE_LOOP('',(#17600,#17590,#17530,#17520));
#17620=FACE_OUTER_BOUND('',#17610,.T.);
#17630=ADVANCED_FACE('586452-1791271391-1ce192b2241d-0 19286708',(#17620
),#17460,.F.);
#17640=CARTESIAN_POINT('',(26.1989303644717,44.6989303644718,50.5));
#17650=DIRECTION('',(0.,0.,1.));
#17660=DIRECTION('',(0.,-1.,0.));
#17670=AXIS2_PLACEMENT_3D('',#17640,#17650,#17660);
#17680=CYLINDRICAL_SURFACE('',#17670,1.);
#17690=ORIENTED_EDGE('',*,*,#17360,.F.);
#17700=CARTESIAN_POINT('',(26.1989303644717,44.6989303644718,49.5));
#17710=DIRECTION('',(0.,0.,1.));
#17720=DIRECTION('',(0.,-1.,0.));
#17730=AXIS2_PLACEMENT_3D('',#17700,#17710,#17720);
#17740=CIRCLE('',#17730,1.);
#17750=CARTESIAN_POINT('',(25.1989303644717,44.6989303644718,49.5));
#17760=VERTEX_POINT('586452-1791271391-1ce192b2241d-0 19286454',#17750);
#17770=EDGE_CURVE('586452-1791271391-1ce192b2241d-0 19286452',#17290,
#17760,#17740,.T.);
#17780=ORIENTED_EDGE('',*,*,#17770,.F.);
#17790=CARTESIAN_POINT('',(25.1989303644717,44.6989303644718,50.5));
#17800=DIRECTION('',(-0.,0.,-1.));
#17810=VECTOR('',#17800,1.);
#17820=LINE('',#17790,#17810);
#17830=EDGE_CURVE('586452-1791271391-1ce192b2241d-0 19286517',#12060,
#17760,#17820,.T.);
#17840=ORIENTED_EDGE('',*,*,#17830,.T.);
#17850=ORIENTED_EDGE('',*,*,#12070,.T.);
#17860=EDGE_LOOP('',(#17850,#17840,#17780,#17690));
#17870=FACE_OUTER_BOUND('',#17860,.T.);
#17880=ADVANCED_FACE('586452-1791271391-1ce192b2241d-0 19286519',(#17870
),#17680,.F.);
#17890=CARTESIAN_POINT('',(26.1989303644717,58.6989303644718,50.5));
#17900=DIRECTION('',(0.,-1.,0.));
#17910=DIRECTION('',(-1.,0.,0.));
#17920=AXIS2_PLACEMENT_3D('',#17890,#17900,#17910);
#17930=PLANE('',#17920);
#17940=ORIENTED_EDGE('',*,*,#11290,.F.);
#17950=ORIENTED_EDGE('',*,*,#15070,.F.);
#17960=ORIENTED_EDGE('',*,*,#17510,.T.);
#17970=ORIENTED_EDGE('',*,*,#6490,.T.);
#17980=EDGE_LOOP('',(#17970,#17960,#17950,#17940));
#17990=FACE_OUTER_BOUND('',#17980,.T.);
#18000=ADVANCED_FACE('586452-1791271391-1ce192b2241d-0 19286703',(#17990
),#17930,.T.);
#18010=CARTESIAN_POINT('',(26.1989303644717,23.6989303644718,50.5));
#18020=DIRECTION('',(0.,0.,1.));
#18030=DIRECTION('',(0.,-1.,0.));
#18040=AXIS2_PLACEMENT_3D('',#18010,#18020,#18030);
#18050=CYLINDRICAL_SURFACE('',#18040,1.);
#18060=CARTESIAN_POINT('',(25.1989303644717,23.6989303644718,50.5));
#18070=DIRECTION('',(-0.,0.,-1.));
#18080=VECTOR('',#18070,1.);
#18090=LINE('',#18060,#18080);
#18100=EDGE_CURVE('586452-1791271391-1ce192b2241d-0 19286900',#6650,
#16630,#18090,.T.);
#18110=ORIENTED_EDGE('',*,*,#18100,.F.);
#18120=ORIENTED_EDGE('',*,*,#16640,.F.);
#18130=CARTESIAN_POINT('',(26.1989303644717,22.6989303644718,50.5));
#18140=DIRECTION('',(-0.,0.,-1.));
#18150=VECTOR('',#18140,1.);
#18160=LINE('',#18130,#18150);
#18170=EDGE_CURVE('586452-1791271391-1ce192b2241d-0 19286905',#6740,
#16540,#18160,.T.);
#18180=ORIENTED_EDGE('',*,*,#18170,.T.);
#18190=ORIENTED_EDGE('',*,*,#6750,.T.);
#18200=EDGE_LOOP('',(#18190,#18180,#18120,#18110));
#18210=FACE_OUTER_BOUND('',#18200,.T.);
#18220=ADVANCED_FACE('586452-1791271391-1ce192b2241d-0 19286907',(#18210
),#18050,.F.);
#18230=CARTESIAN_POINT('',(40.1989303644717,22.6989303644718,50.5));
#18240=DIRECTION('',(-0.,1.,0.));
#18250=DIRECTION('',(1.,0.,0.));
#18260=AXIS2_PLACEMENT_3D('',#18230,#18240,#18250);
#18270=PLANE('',#18260);
#18280=ORIENTED_EDGE('',*,*,#18170,.F.);
#18290=ORIENTED_EDGE('',*,*,#16550,.T.);
#18300=CARTESIAN_POINT('',(40.1989303644717,22.6989303644718,50.5));
#18310=DIRECTION('',(-0.,0.,-1.));
#18320=VECTOR('',#18310,1.);
#18330=LINE('',#18300,#18320);
#18340=EDGE_CURVE('586452-1791271391-1ce192b2241d-0 19286910',#6820,
#16460,#18330,.T.);
#18350=ORIENTED_EDGE('',*,*,#18340,.T.);
#18360=ORIENTED_EDGE('',*,*,#6830,.T.);
#18370=EDGE_LOOP('',(#18360,#18350,#18290,#18280));
#18380=FACE_OUTER_BOUND('',#18370,.T.);
#18390=ADVANCED_FACE('586452-1791271391-1ce192b2241d-0 19286912',(#18380
),#18270,.T.);
#18400=CARTESIAN_POINT('',(40.1989303644717,23.6989303644718,50.5));
#18410=DIRECTION('',(0.,0.,1.));
#18420=DIRECTION('',(0.,-1.,0.));
#18430=AXIS2_PLACEMENT_3D('',#18400,#18410,#18420);
#18440=CYLINDRICAL_SURFACE('',#18430,1.);
#18450=ORIENTED_EDGE('',*,*,#18340,.F.);
#18460=ORIENTED_EDGE('',*,*,#16470,.F.);
#18470=CARTESIAN_POINT('',(41.1989303644717,23.6989303644718,50.5));
#18480=DIRECTION('',(-0.,0.,-1.));
#18490=VECTOR('',#18480,1.);
#18500=LINE('',#18470,#18490);
#18510=EDGE_CURVE('586452-1791271391-1ce192b2241d-0 19286915',#6910,
#16370,#18500,.T.);
#18520=ORIENTED_EDGE('',*,*,#18510,.T.);
#18530=ORIENTED_EDGE('',*,*,#6920,.T.);
#18540=EDGE_LOOP('',(#18530,#18520,#18460,#18450));
#18550=FACE_OUTER_BOUND('',#18540,.T.);
#18560=ADVANCED_FACE('586452-1791271391-1ce192b2241d-0 19286917',(#18550
),#18440,.F.);
#18570=CARTESIAN_POINT('',(50.75,40.75,49.5));
#18580=DIRECTION('',(-0.,0.,1.));
#18590=DIRECTION('',(0.,-1.,0.));
#18600=AXIS2_PLACEMENT_3D('',#18570,#18580,#18590);
#18610=PLANE('',#18600);
#18620=CARTESIAN_POINT('',(40.1989303644717,44.6989303644718,49.5));
#18630=DIRECTION('',(0.,0.,1.));
#18640=DIRECTION('',(0.,-1.,0.));
#18650=AXIS2_PLACEMENT_3D('',#18620,#18630,#18640);
#18660=CIRCLE('',#18650,1.);
#18670=CARTESIAN_POINT('',(41.1989303644717,44.6989303644718,49.5));
#18680=VERTEX_POINT('586452-1791271391-1ce192b2241d-0 19286484',#18670);
#18690=EDGE_CURVE('586452-1791271391-1ce192b2241d-0 19286488',#18680,
#17210,#18660,.T.);
#18700=ORIENTED_EDGE('',*,*,#18690,.T.);
#18710=CARTESIAN_POINT('',(41.1989303644717,35.6989303644718,49.5));
#18720=DIRECTION('',(0.,1.,0.));
#18730=VECTOR('',#18720,1.);
#18740=LINE('',#18710,#18730);
#18750=EDGE_CURVE('586452-1791271391-1ce192b2241d-0 19286482',#14350,
#18680,#18740,.T.);
#18760=ORIENTED_EDGE('',*,*,#18750,.T.);
#18770=ORIENTED_EDGE('',*,*,#14360,.T.);
#18780=CARTESIAN_POINT('',(25.1989303644717,35.6989303644718,49.5));
#18790=DIRECTION('',(1.,0.,0.));
#18800=VECTOR('',#18790,1.);
#18810=LINE('',#18780,#18800);
#18820=EDGE_CURVE('586452-1791271391-1ce192b2241d-0 19286470',#16030,
#14260,#18810,.T.);
#18830=ORIENTED_EDGE('',*,*,#18820,.T.);
#18840=ORIENTED_EDGE('',*,*,#16040,.T.);
#18850=CARTESIAN_POINT('',(25.1989303644717,45.6989303644718,49.5));
#18860=DIRECTION('',(0.,-1.,0.));
#18870=VECTOR('',#18860,1.);
#18880=LINE('',#18850,#18870);
#18890=EDGE_CURVE('586452-1791271391-1ce192b2241d-0 19286458',#17760,
#15940,#18880,.T.);
#18900=ORIENTED_EDGE('',*,*,#18890,.T.);
#18910=ORIENTED_EDGE('',*,*,#17770,.T.);
#18920=ORIENTED_EDGE('',*,*,#17300,.T.);
#18930=EDGE_LOOP('',(#18920,#18910,#18900,#18840,#18830,#18770,#18760,
#18700));
#18940=FACE_OUTER_BOUND('',#18930,.T.);
#18950=ADVANCED_FACE('586452-1791271391-1ce192b2241d-0 19286260',(#18940
),#18610,.T.);
#18960=COLOUR_RGB('',1.,1.,1.);
#18970=FILL_AREA_STYLE_COLOUR('',#18960);
#18980=FILL_AREA_STYLE('',(#18970));
#18990=SURFACE_STYLE_FILL_AREA(#18980);
#19000=SURFACE_SIDE_STYLE('',(#18990));
#19010=SURFACE_STYLE_USAGE(.BOTH.,#19000);
#19020=PRESENTATION_STYLE_ASSIGNMENT((#19010));
#19030=CARTESIAN_POINT('',(26.1989303644717,32.6989303644718,50.5));
#19040=DIRECTION('',(-0.,-1.,-0.));
#19050=DIRECTION('',(-1.,0.,0.));
#19060=AXIS2_PLACEMENT_3D('',#19030,#19040,#19050);
#19070=PLANE('',#19060);
#19080=ORIENTED_EDGE('',*,*,#17050,.F.);
#19090=ORIENTED_EDGE('',*,*,#16770,.T.);
#19100=ORIENTED_EDGE('',*,*,#12820,.T.);
#19110=ORIENTED_EDGE('',*,*,#15570,.T.);
#19120=EDGE_LOOP('',(#19110,#19100,#19090,#19080));
#19130=FACE_OUTER_BOUND('',#19120,.T.);
#19140=ADVANCED_FACE('586452-1791271391-1ce192b2241d-0 19286892',(#19130
),#19070,.T.);
#19150=CARTESIAN_POINT('',(41.1989303644717,44.6989303644718,50.5));
#19160=DIRECTION('',(-1.,0.,-0.));
#19170=DIRECTION('',(0.,1.,0.));
#19180=AXIS2_PLACEMENT_3D('',#19150,#19160,#19170);
#19190=PLANE('',#19180);
#19200=ORIENTED_EDGE('',*,*,#18510,.F.);
#19210=ORIENTED_EDGE('',*,*,#16380,.T.);
#19220=ORIENTED_EDGE('',*,*,#16980,.T.);
#19230=ORIENTED_EDGE('',*,*,#15420,.T.);
#19240=ORIENTED_EDGE('',*,*,#14440,.F.);
#19250=ORIENTED_EDGE('',*,*,#18750,.F.);
#19260=CARTESIAN_POINT('',(41.1989303644717,44.6989303644718,50.5));
#19270=DIRECTION('',(-0.,0.,-1.));
#19280=VECTOR('',#19270,1.);
#19290=LINE('',#19260,#19280);
#19300=EDGE_CURVE('586452-1791271391-1ce192b2241d-0 19286542',#12480,
#18680,#19290,.T.);
#19310=ORIENTED_EDGE('',*,*,#19300,.T.);
#19320=ORIENTED_EDGE('',*,*,#12490,.T.);
#19330=ORIENTED_EDGE('',*,*,#14080,.F.);
#19340=ORIENTED_EDGE('',*,*,#14660,.T.);
#19350=ORIENTED_EDGE('',*,*,#11140,.T.);
#19360=ORIENTED_EDGE('',*,*,#6980,.T.);
#19370=EDGE_LOOP('',(#19360,#19350,#19340,#19330,#19320,#19310,#19250,
#19240,#19230,#19220,#19210,#19200));
#19380=FACE_OUTER_BOUND('',#19370,.T.);
#19390=ADVANCED_FACE('586452-1791271391-1ce192b2241d-0 19286544',(#19380
),#19190,.T.);
#19400=CARTESIAN_POINT('',(40.1989303644717,48.6989303644718,50.5));
#19410=DIRECTION('',(-0.,1.,0.));
#19420=DIRECTION('',(1.,0.,0.));
#19430=AXIS2_PLACEMENT_3D('',#19400,#19410,#19420);
#19440=PLANE('',#19430);
#19450=CARTESIAN_POINT('',(26.1989303644717,48.6989303644718,50.5));
#19460=DIRECTION('',(-0.,0.,-1.));
#19470=VECTOR('',#19460,1.);
#19480=LINE('',#19450,#19470);
#19490=EDGE_CURVE('586452-1791271391-1ce192b2241d-0 19286716',#12230,
#14740,#19480,.T.);
#19500=ORIENTED_EDGE('',*,*,#19490,.F.);
#19510=ORIENTED_EDGE('',*,*,#14750,.F.);
#19520=ORIENTED_EDGE('',*,*,#13930,.T.);
#19530=ORIENTED_EDGE('',*,*,#12320,.T.);
#19540=EDGE_LOOP('',(#19530,#19520,#19510,#19500));
#19550=FACE_OUTER_BOUND('',#19540,.T.);
#19560=ADVANCED_FACE('586452-1791271391-1ce192b2241d-0 19286723',(#19550
),#19440,.T.);
#19570=CARTESIAN_POINT('',(40.1989303644717,35.6989303644718,50.5));
#19580=DIRECTION('',(-0.,1.,0.));
#19590=DIRECTION('',(1.,0.,0.));
#19600=AXIS2_PLACEMENT_3D('',#19570,#19580,#19590);
#19610=PLANE('',#19600);
#19620=ORIENTED_EDGE('',*,*,#16100,.F.);
#19630=ORIENTED_EDGE('',*,*,#18820,.F.);
#19640=ORIENTED_EDGE('',*,*,#14270,.T.);
#19650=ORIENTED_EDGE('',*,*,#15370,.T.);
#19660=EDGE_LOOP('',(#19650,#19640,#19630,#19620));
#19670=FACE_OUTER_BOUND('',#19660,.T.);
#19680=ADVANCED_FACE('586452-1791271391-1ce192b2241d-0 19286534',(#19670
),#19610,.T.);
#19690=CARTESIAN_POINT('',(26.1989303644717,49.6989303644718,50.5));
#19700=DIRECTION('',(0.,0.,1.));
#19710=DIRECTION('',(0.,-1.,0.));
#19720=AXIS2_PLACEMENT_3D('',#19690,#19700,#19710);
#19730=CYLINDRICAL_SURFACE('',#19720,1.);
#19740=CARTESIAN_POINT('',(25.1989303644717,49.6989303644718,50.5));
#19750=DIRECTION('',(-0.,0.,-1.));
#19760=VECTOR('',#19750,1.);
#19770=LINE('',#19740,#19760);
#19780=EDGE_CURVE('586452-1791271391-1ce192b2241d-0 19286711',#12140,
#14830,#19770,.T.);
#19790=ORIENTED_EDGE('',*,*,#19780,.F.);
#19800=ORIENTED_EDGE('',*,*,#14840,.F.);
#19810=ORIENTED_EDGE('',*,*,#19490,.T.);
#19820=ORIENTED_EDGE('',*,*,#12240,.T.);
#19830=EDGE_LOOP('',(#19820,#19810,#19800,#19790));
#19840=FACE_OUTER_BOUND('',#19830,.T.);
#19850=ADVANCED_FACE('586452-1791271391-1ce192b2241d-0 19286718',(#19840
),#19730,.F.);
#19860=CARTESIAN_POINT('',(25.1989303644717,36.6989303644718,50.5));
#19870=DIRECTION('',(1.,0.,0.));
#19880=DIRECTION('',(0.,-1.,0.));
#19890=AXIS2_PLACEMENT_3D('',#19860,#19870,#19880);
#19900=PLANE('',#19890);
#19910=ORIENTED_EDGE('',*,*,#17580,.F.);
#19920=ORIENTED_EDGE('',*,*,#14920,.F.);
#19930=ORIENTED_EDGE('',*,*,#19780,.T.);
#19940=ORIENTED_EDGE('',*,*,#12150,.T.);
#19950=ORIENTED_EDGE('',*,*,#17830,.F.);
#19960=ORIENTED_EDGE('',*,*,#18890,.F.);
#19970=ORIENTED_EDGE('',*,*,#15950,.T.);
#19980=ORIENTED_EDGE('',*,*,#15220,.T.);
#19990=ORIENTED_EDGE('',*,*,#12990,.F.);
#20000=ORIENTED_EDGE('',*,*,#16700,.T.);
#20010=ORIENTED_EDGE('',*,*,#18100,.T.);
#20020=ORIENTED_EDGE('',*,*,#6660,.T.);
#20030=EDGE_LOOP('',(#20020,#20010,#20000,#19990,#19980,#19970,#19960,
#19950,#19940,#19930,#19920,#19910));
#20040=FACE_OUTER_BOUND('',#20030,.T.);
#20050=ADVANCED_FACE('586452-1791271391-1ce192b2241d-0 19286524',(#20040
),#19900,.T.);
#20060=CARTESIAN_POINT('',(40.1989303644717,44.6989303644718,50.5));
#20070=DIRECTION('',(0.,0.,1.));
#20080=DIRECTION('',(0.,-1.,0.));
#20090=AXIS2_PLACEMENT_3D('',#20060,#20070,#20080);
#20100=CYLINDRICAL_SURFACE('',#20090,1.);
#20110=ORIENTED_EDGE('',*,*,#19300,.F.);
#20120=ORIENTED_EDGE('',*,*,#18690,.F.);
#20130=ORIENTED_EDGE('',*,*,#17220,.T.);
#20140=ORIENTED_EDGE('',*,*,#12580,.T.);
#20150=EDGE_LOOP('',(#20140,#20130,#20120,#20110));
#20160=FACE_OUTER_BOUND('',#20150,.T.);
#20170=ADVANCED_FACE('586452-1791271391-1ce192b2241d-0 19286548',(#20160
),#20100,.F.);
#20180=CARTESIAN_POINT('',(86.5,60.9999999999998,6.5));
#20190=DIRECTION('',(0.,1.,0.));
#20200=DIRECTION('',(0.,0.,1.));
#20210=AXIS2_PLACEMENT_3D('',#20180,#20190,#20200);
#20220=PLANE('',#20210);
#20230=CARTESIAN_POINT('',(86.5,60.9999999999998,13.));
#20240=DIRECTION('',(-1.,0.,0.));
#20250=VECTOR('',#20240,1.);
#20260=LINE('',#20230,#20250);
#20270=CARTESIAN_POINT('',(15.,61.,13.));
#20280=VERTEX_POINT('586452-1791271391-1ce192b2241d-0 20742494',#20270);
#20290=EDGE_CURVE('586452-1791271391-1ce192b2241d-0 20741851',#8840,
#20280,#20260,.T.);
#20300=ORIENTED_EDGE('',*,*,#20290,.F.);
#20310=CARTESIAN_POINT('',(15.,61.,6.499997));
#20320=DIRECTION('',(0.,0.,1.));
#20330=VECTOR('',#20320,1.);
#20340=LINE('',#20310,#20330);
#20350=EDGE_CURVE('586452-1791271391-1ce192b2241d-0 20742495',#2400,
#20280,#20340,.T.);
#20360=ORIENTED_EDGE('',*,*,#20350,.T.);
#20370=ORIENTED_EDGE('',*,*,#8910,.F.);
#20380=EDGE_LOOP('',(#20370,#20360,#20300));
#20390=FACE_OUTER_BOUND('',#20380,.T.);
#20400=ADVANCED_FACE('586452-1791271391-1ce192b2241d-0 20743512',(#20390
),#20220,.T.);
#20410=CARTESIAN_POINT('',(50.75,40.75,13.));
#20420=DIRECTION('',(0.,0.,1.));
#20430=DIRECTION('',(1.,0.,0.));
#20440=AXIS2_PLACEMENT_3D('',#20410,#20420,#20430);
#20450=PLANE('',#20440);
#20460=CARTESIAN_POINT('',(91.75,52.75,13.));
#20470=DIRECTION('',(0.,0.,1.));
#20480=DIRECTION('',(1.,0.,-0.));
#20490=AXIS2_PLACEMENT_3D('',#20460,#20470,#20480);
#20500=CIRCLE('',#20490,3.5);
#20510=CARTESIAN_POINT('',(95.25,52.75,13.));
#20520=VERTEX_POINT('586452-1791271391-1ce192b2241d-0 20836590',#20510);
#20530=CARTESIAN_POINT('',(88.25,52.75,13.));
#20540=VERTEX_POINT('',#20530);
#20550=EDGE_CURVE('586452-1791271391-1ce192b2241d-0 20839371',#20520,
#20540,#20500,.T.);
#20560=ORIENTED_EDGE('',*,*,#20550,.F.);
#20570=EDGE_CURVE('586452-1791271391-1ce192b2241d-0 20839371',#20540,
#20520,#20500,.T.);
#20580=ORIENTED_EDGE('',*,*,#20570,.F.);
#20590=EDGE_LOOP('',(#20580,#20560));
#20600=FACE_BOUND('',#20590,.T.);
#20610=CARTESIAN_POINT('',(91.75,29.25,13.));
#20620=DIRECTION('',(0.,0.,1.));
#20630=DIRECTION('',(1.,0.,-0.));
#20640=AXIS2_PLACEMENT_3D('',#20610,#20620,#20630);
#20650=CIRCLE('',#20640,3.5);
#20660=CARTESIAN_POINT('',(95.25,29.25,13.));
#20670=VERTEX_POINT('586452-1791271391-1ce192b2241d-0 20836552',#20660);
#20680=CARTESIAN_POINT('',(88.25,29.25,13.));
#20690=VERTEX_POINT('',#20680);
#20700=EDGE_CURVE('586452-1791271391-1ce192b2241d-0 20841167',#20670,
#20690,#20650,.T.);
#20710=ORIENTED_EDGE('',*,*,#20700,.F.);
#20720=EDGE_CURVE('586452-1791271391-1ce192b2241d-0 20841167',#20690,
#20670,#20650,.T.);
#20730=ORIENTED_EDGE('',*,*,#20720,.F.);
#20740=EDGE_LOOP('',(#20730,#20710));
#20750=FACE_BOUND('',#20740,.T.);
#20760=CARTESIAN_POINT('',(86.5,20.5,13.));
#20770=DIRECTION('',(-1.,0.,0.));
#20780=VECTOR('',#20770,1.);
#20790=LINE('',#20760,#20780);
#20800=CARTESIAN_POINT('',(86.5,20.5,13.));
#20810=VERTEX_POINT('586452-1791271391-1ce192b2241d-0 20742093',#20800);
#20820=EDGE_CURVE('586452-1791271391-1ce192b2241d-0 20743487',#20810,
#7990,#20790,.T.);
#20830=ORIENTED_EDGE('',*,*,#20820,.F.);
#20840=ORIENTED_EDGE('',*,*,#8000,.F.);
#20850=CARTESIAN_POINT('',(86.5,60.9999999999998,13.));
#20860=VERTEX_POINT('586452-1791271391-1ce192b2241d-0 20742091',#20850);
#20870=EDGE_CURVE('586452-1791271391-1ce192b2241d-0 20743436',#20860,
#7910,#20260,.T.);
#20880=ORIENTED_EDGE('',*,*,#20870,.T.);
#20890=CARTESIAN_POINT('',(88.5,60.9999999999998,13.));
#20900=DIRECTION('',(0.,0.,1.));
#20910=DIRECTION('',(1.,0.,0.));
#20920=AXIS2_PLACEMENT_3D('',#20890,#20900,#20910);
#20930=CIRCLE('',#20920,1.99999999999983);
#20940=CARTESIAN_POINT('',(88.5,59.,13.));
#20950=VERTEX_POINT('586452-1791271391-1ce192b2241d-0 20452756',#20940);
#20960=EDGE_CURVE('586452-1791271391-1ce192b2241d-0 20452760',#20860,
#20950,#20930,.T.);
#20970=ORIENTED_EDGE('',*,*,#20960,.F.);
#20980=CARTESIAN_POINT('',(86.5,59.,13.));
#20990=DIRECTION('',(1.,0.,0.));
#21000=VECTOR('',#20990,1.);
#21010=LINE('',#20980,#21000);
#21020=CARTESIAN_POINT('',(93.5,59.,13.));
#21030=VERTEX_POINT('586452-1791271391-1ce192b2241d-0 20452750',#21020);
#21040=EDGE_CURVE('586452-1791271391-1ce192b2241d-0 20452754',#20950,
#21030,#21010,.T.);
#21050=ORIENTED_EDGE('',*,*,#21040,.F.);
#21060=CARTESIAN_POINT('',(93.5,54.,13.));
#21070=DIRECTION('',(0.,0.,1.));
#21080=DIRECTION('',(1.,0.,0.));
#21090=AXIS2_PLACEMENT_3D('',#21060,#21070,#21080);
#21100=CIRCLE('',#21090,5.);
#21110=CARTESIAN_POINT('',(98.5,54.,13.));
#21120=VERTEX_POINT('586452-1791271391-1ce192b2241d-0 20452744',#21110);
#21130=EDGE_CURVE('586452-1791271391-1ce192b2241d-0 20452748',#21120,
#21030,#21100,.T.);
#21140=ORIENTED_EDGE('',*,*,#21130,.T.);
#21150=CARTESIAN_POINT('',(98.5,59.,13.));
#21160=DIRECTION('',(0.,-1.,0.));
#21170=VECTOR('',#21160,1.);
#21180=LINE('',#21150,#21170);
#21190=CARTESIAN_POINT('',(98.5,27.5,13.));
#21200=VERTEX_POINT('586452-1791271391-1ce192b2241d-0 20452738',#21190);
#21210=EDGE_CURVE('586452-1791271391-1ce192b2241d-0 20452742',#21120,
#21200,#21180,.T.);
#21220=ORIENTED_EDGE('',*,*,#21210,.F.);
#21230=CARTESIAN_POINT('',(93.5,27.5,13.));
#21240=DIRECTION('',(0.,0.,1.));
#21250=DIRECTION('',(1.,0.,0.));
#21260=AXIS2_PLACEMENT_3D('',#21230,#21240,#21250);
#21270=CIRCLE('',#21260,5.);
#21280=CARTESIAN_POINT('',(93.5,22.5,13.));
#21290=VERTEX_POINT('586452-1791271391-1ce192b2241d-0 20452732',#21280);
#21300=EDGE_CURVE('586452-1791271391-1ce192b2241d-0 20452736',#21290,
#21200,#21270,.T.);
#21310=ORIENTED_EDGE('',*,*,#21300,.T.);
#21320=CARTESIAN_POINT('',(98.5,22.5,13.));
#21330=DIRECTION('',(-1.,0.,0.));
#21340=VECTOR('',#21330,1.);
#21350=LINE('',#21320,#21340);
#21360=CARTESIAN_POINT('',(88.5,22.5,13.));
#21370=VERTEX_POINT('586452-1791271391-1ce192b2241d-0 20452726',#21360);
#21380=EDGE_CURVE('586452-1791271391-1ce192b2241d-0 20452730',#21290,
#21370,#21350,.T.);
#21390=ORIENTED_EDGE('',*,*,#21380,.F.);
#21400=CARTESIAN_POINT('',(88.5,20.5,13.));
#21410=DIRECTION('',(0.,0.,1.));
#21420=DIRECTION('',(1.,0.,0.));
#21430=AXIS2_PLACEMENT_3D('',#21400,#21410,#21420);
#21440=CIRCLE('',#21430,2.00000000000001);
#21450=EDGE_CURVE('586452-1791271391-1ce192b2241d-0 20452724',#21370,
#20810,#21440,.T.);
#21460=ORIENTED_EDGE('',*,*,#21450,.F.);
#21470=EDGE_LOOP('',(#21460,#21390,#21310,#21220,#21140,#21050,#20970,
#20880,#20840,#20830));
#21480=FACE_OUTER_BOUND('',#21470,.T.);
#21490=ADVANCED_FACE('586452-1791271391-1ce192b2241d-0 20452583',(#20600
,#20750,#21480),#20450,.T.);
#21500=CARTESIAN_POINT('',(62.25,-12.,25.5));
#21510=DIRECTION('',(0.,-1.,0.));
#21520=DIRECTION('',(1.,0.,0.));
#21530=AXIS2_PLACEMENT_3D('',#21500,#21510,#21520);
#21540=CYLINDRICAL_SURFACE('',#21530,3.5);
#21550=CARTESIAN_POINT('',(65.75,-12.,25.5));
#21560=DIRECTION('',(0.,-1.,0.));
#21570=VECTOR('',#21560,1.);
#21580=LINE('',#21550,#21570);
#21590=CARTESIAN_POINT('',(65.75,8.,25.5));
#21600=VERTEX_POINT('586452-1791271391-1ce192b2241d-0 20649334',#21590);
#21610=CARTESIAN_POINT('',(65.75,-12.,25.5));
#21620=VERTEX_POINT('586452-1791271391-1ce192b2241d-0 20649747',#21610);
#21630=EDGE_CURVE('',#21600,#21620,#21580,.T.);
#21640=ORIENTED_EDGE('',*,*,#21630,.F.);
#21650=CARTESIAN_POINT('',(62.25,-12.,25.5));
#21660=DIRECTION('',(0.,-1.,0.));
#21670=DIRECTION('',(1.,0.,0.));
#21680=AXIS2_PLACEMENT_3D('',#21650,#21660,#21670);
#21690=CIRCLE('',#21680,3.5);
#21700=CARTESIAN_POINT('',(58.75,-12.,25.5));
#21710=VERTEX_POINT('',#21700);
#21720=EDGE_CURVE('586452-1791271391-1ce192b2241d-0 20649748',#21710,
#21620,#21690,.T.);
#21730=ORIENTED_EDGE('',*,*,#21720,.T.);
#21740=CARTESIAN_POINT('',(58.75,-12.,25.5));
#21750=DIRECTION('',(0.,-1.,0.));
#21760=VECTOR('',#21750,1.);
#21770=LINE('',#21740,#21760);
#21780=CARTESIAN_POINT('',(58.75,8.,25.5));
#21790=VERTEX_POINT('',#21780);
#21800=EDGE_CURVE('',#21790,#21710,#21770,.T.);
#21810=ORIENTED_EDGE('',*,*,#21800,.T.);
#21820=CARTESIAN_POINT('',(62.25,8.,25.5));
#21830=DIRECTION('',(0.,-1.,0.));
#21840=DIRECTION('',(1.,0.,0.));
#21850=AXIS2_PLACEMENT_3D('',#21820,#21830,#21840);
#21860=CIRCLE('',#21850,3.5);
#21870=EDGE_CURVE('586452-1791271391-1ce192b2241d-0 20649332',#21790,
#21600,#21860,.T.);
#21880=ORIENTED_EDGE('',*,*,#21870,.F.);
#21890=EDGE_LOOP('',(#21880,#21810,#21730,#21640));
#21900=FACE_OUTER_BOUND('',#21890,.T.);
#21910=ADVANCED_FACE('586452-1791271391-1ce192b2241d-0 20649345',(#21900
),#21540,.F.);
#21920=CARTESIAN_POINT('',(91.75,29.25,6.5));
#21930=DIRECTION('',(0.,0.,1.));
#21940=DIRECTION('',(1.,0.,0.));
#21950=AXIS2_PLACEMENT_3D('',#21920,#21930,#21940);
#21960=CYLINDRICAL_SURFACE('',#21950,3.75);
#21970=CARTESIAN_POINT('',(88.,29.25,6.5));
#21980=DIRECTION('',(0.,0.,1.));
#21990=VECTOR('',#21980,1.);
#22000=LINE('',#21970,#21990);
#22010=CARTESIAN_POINT('',(88.,29.25,10.5));
#22020=VERTEX_POINT('',#22010);
#22030=EDGE_CURVE('',#290,#22020,#22000,.T.);
#22040=ORIENTED_EDGE('',*,*,#22030,.T.);
#22050=ORIENTED_EDGE('',*,*,#320,.F.);
#22060=CARTESIAN_POINT('',(95.5,29.25,6.5));
#22070=DIRECTION('',(0.,0.,1.));
#22080=VECTOR('',#22070,1.);
#22090=LINE('',#22060,#22080);
#22100=CARTESIAN_POINT('',(95.5,29.25,10.5));
#22110=VERTEX_POINT('586452-1791271391-1ce192b2241d-0 20837493',#22100);
#22120=EDGE_CURVE('',#270,#22110,#22090,.T.);
#22130=ORIENTED_EDGE('',*,*,#22120,.F.);
#22140=CARTESIAN_POINT('',(91.75,29.25,10.5));
#22150=DIRECTION('',(0.,0.,1.));
#22160=DIRECTION('',(1.,0.,0.));
#22170=AXIS2_PLACEMENT_3D('',#22140,#22150,#22160);
#22180=CIRCLE('',#22170,3.75);
#22190=EDGE_CURVE('586452-1791271391-1ce192b2241d-0 20837494',#22020,
#22110,#22180,.T.);
#22200=ORIENTED_EDGE('',*,*,#22190,.T.);
#22210=EDGE_LOOP('',(#22200,#22130,#22050,#22040));
#22220=FACE_OUTER_BOUND('',#22210,.T.);
#22230=ADVANCED_FACE('586452-1791271391-1ce192b2241d-0 20452982',(#22220
),#21960,.F.);
#22240=CARTESIAN_POINT('',(88.5,20.5,6.5));
#22250=DIRECTION('',(0.,0.,1.));
#22260=DIRECTION('',(1.,0.,0.));
#22270=AXIS2_PLACEMENT_3D('',#22240,#22250,#22260);
#22280=CYLINDRICAL_SURFACE('',#22270,2.00000000000001);
#22290=CARTESIAN_POINT('',(86.5,20.5,6.499997));
#22300=DIRECTION('',(0.,0.,1.));
#22310=VECTOR('',#22300,1.);
#22320=LINE('',#22290,#22310);
#22330=EDGE_CURVE('586452-1791271391-1ce192b2241d-0 20742141',#1420,
#20810,#22320,.T.);
#22340=ORIENTED_EDGE('',*,*,#22330,.F.);
#22350=ORIENTED_EDGE('',*,*,#21450,.T.);
#22360=CARTESIAN_POINT('',(88.5,22.5,6.5));
#22370=DIRECTION('',(0.,0.,1.));
#22380=VECTOR('',#22370,1.);
#22390=LINE('',#22360,#22380);
#22400=EDGE_CURVE('586452-1791271391-1ce192b2241d-0 20452824',#1510,
#21370,#22390,.T.);
#22410=ORIENTED_EDGE('',*,*,#22400,.T.);
#22420=ORIENTED_EDGE('',*,*,#1520,.F.);
#22430=EDGE_LOOP('',(#22420,#22410,#22350,#22340));
#22440=FACE_OUTER_BOUND('',#22430,.T.);
#22450=ADVANCED_FACE('586452-1791271391-1ce192b2241d-0 20452826',(#22440
),#22280,.F.);
#22460=CARTESIAN_POINT('',(93.5,22.5,6.5));
#22470=DIRECTION('',(0.,-1.,0.));
#22480=DIRECTION('',(-1.,-0.,0.));
#22490=AXIS2_PLACEMENT_3D('',#22460,#22470,#22480);
#22500=PLANE('',#22490);
#22510=ORIENTED_EDGE('',*,*,#22400,.F.);
#22520=ORIENTED_EDGE('',*,*,#21380,.T.);
#22530=CARTESIAN_POINT('',(93.5,22.5,6.5));
#22540=DIRECTION('',(0.,0.,1.));
#22550=VECTOR('',#22540,1.);
#22560=LINE('',#22530,#22550);
#22570=EDGE_CURVE('586452-1791271391-1ce192b2241d-0 20452829',#1590,
#21290,#22560,.T.);
#22580=ORIENTED_EDGE('',*,*,#22570,.T.);
#22590=ORIENTED_EDGE('',*,*,#1600,.F.);
#22600=EDGE_LOOP('',(#22590,#22580,#22520,#22510));
#22610=FACE_OUTER_BOUND('',#22600,.T.);
#22620=ADVANCED_FACE('586452-1791271391-1ce192b2241d-0 20452831',(#22610
),#22500,.T.);
#22630=CARTESIAN_POINT('',(93.5,27.5,6.5));
#22640=DIRECTION('',(0.,0.,1.));
#22650=DIRECTION('',(1.,0.,0.));
#22660=AXIS2_PLACEMENT_3D('',#22630,#22640,#22650);
#22670=CYLINDRICAL_SURFACE('',#22660,5.);
#22680=ORIENTED_EDGE('',*,*,#22570,.F.);
#22690=ORIENTED_EDGE('',*,*,#21300,.F.);
#22700=CARTESIAN_POINT('',(98.5,27.5,6.5));
#22710=DIRECTION('',(0.,0.,1.));
#22720=VECTOR('',#22710,1.);
#22730=LINE('',#22700,#22720);
#22740=EDGE_CURVE('586452-1791271391-1ce192b2241d-0 20452834',#1680,
#21200,#22730,.T.);
#22750=ORIENTED_EDGE('',*,*,#22740,.T.);
#22760=ORIENTED_EDGE('',*,*,#1690,.T.);
#22770=EDGE_LOOP('',(#22760,#22750,#22690,#22680));
#22780=FACE_OUTER_BOUND('',#22770,.T.);
#22790=ADVANCED_FACE('586452-1791271391-1ce192b2241d-0 20452836',(#22780
),#22670,.T.);
#22800=CARTESIAN_POINT('',(98.5,54.,6.5));
#22810=DIRECTION('',(1.,0.,0.));
#22820=DIRECTION('',(0.,-1.,0.));
#22830=AXIS2_PLACEMENT_3D('',#22800,#22810,#22820);
#22840=PLANE('',#22830);
#22850=ORIENTED_EDGE('',*,*,#22740,.F.);
#22860=ORIENTED_EDGE('',*,*,#21210,.T.);
#22870=CARTESIAN_POINT('',(98.5,54.,6.5));
#22880=DIRECTION('',(0.,0.,1.));
#22890=VECTOR('',#22880,1.);
#22900=LINE('',#22870,#22890);
#22910=EDGE_CURVE('586452-1791271391-1ce192b2241d-0 20452839',#1760,
#21120,#22900,.T.);
#22920=ORIENTED_EDGE('',*,*,#22910,.T.);
#22930=ORIENTED_EDGE('',*,*,#1770,.F.);
#22940=EDGE_LOOP('',(#22930,#22920,#22860,#22850));
#22950=FACE_OUTER_BOUND('',#22940,.T.);
#22960=ADVANCED_FACE('586452-1791271391-1ce192b2241d-0 20452841',(#22950
),#22840,.T.);
#22970=CARTESIAN_POINT('',(93.5,54.,6.5));
#22980=DIRECTION('',(0.,0.,1.));
#22990=DIRECTION('',(1.,0.,0.));
#23000=AXIS2_PLACEMENT_3D('',#22970,#22980,#22990);
#23010=CYLINDRICAL_SURFACE('',#23000,5.);
#23020=ORIENTED_EDGE('',*,*,#22910,.F.);
#23030=ORIENTED_EDGE('',*,*,#21130,.F.);
#23040=CARTESIAN_POINT('',(93.5,59.,6.5));
#23050=DIRECTION('',(0.,0.,1.));
#23060=VECTOR('',#23050,1.);
#23070=LINE('',#23040,#23060);
#23080=EDGE_CURVE('586452-1791271391-1ce192b2241d-0 20452844',#1850,
#21030,#23070,.T.);
#23090=ORIENTED_EDGE('',*,*,#23080,.T.);
#23100=ORIENTED_EDGE('',*,*,#1860,.T.);
#23110=EDGE_LOOP('',(#23100,#23090,#23030,#23020));
#23120=FACE_OUTER_BOUND('',#23110,.T.);
#23130=ADVANCED_FACE('586452-1791271391-1ce192b2241d-0 20452846',(#23120
),#23010,.T.);
#23140=CARTESIAN_POINT('',(88.5,59.,6.5));
#23150=DIRECTION('',(0.,1.,0.));
#23160=DIRECTION('',(1.,-0.,0.));
#23170=AXIS2_PLACEMENT_3D('',#23140,#23150,#23160);
#23180=PLANE('',#23170);
#23190=ORIENTED_EDGE('',*,*,#23080,.F.);
#23200=ORIENTED_EDGE('',*,*,#21040,.T.);
#23210=CARTESIAN_POINT('',(88.5,59.,6.5));
#23220=DIRECTION('',(0.,0.,1.));
#23230=VECTOR('',#23220,1.);
#23240=LINE('',#23210,#23230);
#23250=EDGE_CURVE('586452-1791271391-1ce192b2241d-0 20452849',#1930,
#20950,#23240,.T.);
#23260=ORIENTED_EDGE('',*,*,#23250,.T.);
#23270=ORIENTED_EDGE('',*,*,#1940,.F.);
#23280=EDGE_LOOP('',(#23270,#23260,#23200,#23190));
#23290=FACE_OUTER_BOUND('',#23280,.T.);
#23300=ADVANCED_FACE('586452-1791271391-1ce192b2241d-0 20452851',(#23290
),#23180,.T.);
#23310=CARTESIAN_POINT('',(88.5,60.9999999999998,6.5));
#23320=DIRECTION('',(0.,0.,1.));
#23330=DIRECTION('',(1.,0.,0.));
#23340=AXIS2_PLACEMENT_3D('',#23310,#23320,#23330);
#23350=CYLINDRICAL_SURFACE('',#23340,1.99999999999983);
#23360=ORIENTED_EDGE('',*,*,#23250,.F.);
#23370=ORIENTED_EDGE('',*,*,#20960,.T.);
#23380=CARTESIAN_POINT('',(86.5000000000002,60.9999999999998,6.499997));
#23390=DIRECTION('',(0.,0.,1.));
#23400=VECTOR('',#23390,1.);
#23410=LINE('',#23380,#23400);
#23420=EDGE_CURVE('586452-1791271391-1ce192b2241d-0 20742168',#2020,
#20860,#23410,.T.);
#23430=ORIENTED_EDGE('',*,*,#23420,.T.);
#23440=ORIENTED_EDGE('',*,*,#2030,.F.);
#23450=EDGE_LOOP('',(#23440,#23430,#23370,#23360));
#23460=FACE_OUTER_BOUND('',#23450,.T.);
#23470=ADVANCED_FACE('586452-1791271391-1ce192b2241d-0 20452856',(#23460
),#23350,.F.);
#23480=CARTESIAN_POINT('',(91.75,52.75,6.5));
#23490=DIRECTION('',(0.,0.,1.));
#23500=DIRECTION('',(1.,0.,0.));
#23510=AXIS2_PLACEMENT_3D('',#23480,#23490,#23500);
#23520=CYLINDRICAL_SURFACE('',#23510,3.75);
#23530=CARTESIAN_POINT('',(88.,52.75,6.5));
#23540=DIRECTION('',(0.,0.,1.));
#23550=VECTOR('',#23540,1.);
#23560=LINE('',#23530,#23550);
#23570=CARTESIAN_POINT('',(88.,52.75,10.5));
#23580=VERTEX_POINT('',#23570);
#23590=EDGE_CURVE('',#140,#23580,#23560,.T.);
#23600=ORIENTED_EDGE('',*,*,#23590,.T.);
#23610=ORIENTED_EDGE('',*,*,#170,.F.);
#23620=CARTESIAN_POINT('',(95.5,52.75,6.5));
#23630=DIRECTION('',(0.,0.,1.));
#23640=VECTOR('',#23630,1.);
#23650=LINE('',#23620,#23640);
#23660=CARTESIAN_POINT('',(95.5,52.75,10.5));
#23670=VERTEX_POINT('586452-1791271391-1ce192b2241d-0 20837945',#23660);
#23680=EDGE_CURVE('',#120,#23670,#23650,.T.);
#23690=ORIENTED_EDGE('',*,*,#23680,.F.);
#23700=CARTESIAN_POINT('',(91.75,52.75,10.5));
#23710=DIRECTION('',(0.,0.,1.));
#23720=DIRECTION('',(1.,0.,0.));
#23730=AXIS2_PLACEMENT_3D('',#23700,#23710,#23720);
#23740=CIRCLE('',#23730,3.75);
#23750=EDGE_CURVE('586452-1791271391-1ce192b2241d-0 20837946',#23580,
#23670,#23740,.T.);
#23760=ORIENTED_EDGE('',*,*,#23750,.T.);
#23770=EDGE_LOOP('',(#23760,#23690,#23610,#23600));
#23780=FACE_OUTER_BOUND('',#23770,.T.);
#23790=ADVANCED_FACE('586452-1791271391-1ce192b2241d-0 20452966',(#23780
),#23520,.F.);
#23800=CARTESIAN_POINT('',(39.25,-22.5,25.5));
#23810=DIRECTION('',(0.,-1.,0.));
#23820=DIRECTION('',(0.,0.,-1.));
#23830=AXIS2_PLACEMENT_3D('',#23800,#23810,#23820);
#23840=PLANE('',#23830);
#23850=CARTESIAN_POINT('',(39.25,-22.5,25.5));
#23860=DIRECTION('',(0.,-1.,0.));
#23870=DIRECTION('',(0.,0.,-1.));
#23880=AXIS2_PLACEMENT_3D('',#23850,#23860,#23870);
#23890=CIRCLE('',#23880,7.5);
#23900=CARTESIAN_POINT('',(39.25,-22.5,18.));
#23910=VERTEX_POINT('586452-1791271391-1ce192b2241d-0 20470155',#23900);
#23920=CARTESIAN_POINT('',(39.25,-22.5,33.));
#23930=VERTEX_POINT('',#23920);
#23940=EDGE_CURVE('586452-1791271391-1ce192b2241d-0 20470153',#23910,
#23930,#23890,.T.);
#23950=ORIENTED_EDGE('',*,*,#23940,.T.);
#23960=EDGE_CURVE('586452-1791271391-1ce192b2241d-0 20470153',#23930,
#23910,#23890,.T.);
#23970=ORIENTED_EDGE('',*,*,#23960,.T.);
#23980=EDGE_LOOP('',(#23970,#23950));
#23990=FACE_OUTER_BOUND('',#23980,.T.);
#24000=CARTESIAN_POINT('',(25.5303448853971,-22.5,6.5));
#24010=DIRECTION('',(0.5,0.,0.866025403784439));
#24020=VECTOR('',#24010,1.);
#24030=LINE('',#24000,#24020);
#24040=CARTESIAN_POINT('',(36.5,-22.5,25.5));
#24050=VERTEX_POINT('586452-1791271391-1ce192b2241d-0 21142659',#24040);
#24060=CARTESIAN_POINT('',(37.875,-22.5,27.8815698604072));
#24070=VERTEX_POINT('586452-1791271391-1ce192b2241d-0 21143043',#24060);
#24080=EDGE_CURVE('586452-1791271391-1ce192b2241d-0 21143138',#24050,
#24070,#24030,.T.);
#24090=ORIENTED_EDGE('',*,*,#24080,.T.);
#24100=CARTESIAN_POINT('',(47.4696551146029,-22.5,6.5));
#24110=DIRECTION('',(-0.5,0.,0.866025403784439));
#24120=VECTOR('',#24110,1.);
#24130=LINE('',#24100,#24120);
#24140=CARTESIAN_POINT('',(37.875,-22.5,23.1184301395928));
#24150=VERTEX_POINT('586452-1791271391-1ce192b2241d-0 21142657',#24140);
#24160=EDGE_CURVE('586452-1791271391-1ce192b2241d-0 21142660',#24150,
#24050,#24130,.T.);
#24170=ORIENTED_EDGE('',*,*,#24160,.T.);
#24180=CARTESIAN_POINT('',(50.75,-22.5,23.1184301395928));
#24190=DIRECTION('',(-1.,0.,3.22973970800046E-16));
#24200=VECTOR('',#24190,1.);
#24210=LINE('',#24180,#24200);
#24220=CARTESIAN_POINT('',(40.625,-22.5,23.1184301395928));
#24230=VERTEX_POINT('586452-1791271391-1ce192b2241d-0 21142755',#24220);
#24240=EDGE_CURVE('586452-1791271391-1ce192b2241d-0 21142756',#24230,
#24150,#24210,.T.);
#24250=ORIENTED_EDGE('',*,*,#24240,.T.);
#24260=CARTESIAN_POINT('',(31.0303448853971,-22.5,6.5));
#24270=DIRECTION('',(-0.5,0.,-0.866025403784439));
#24280=VECTOR('',#24270,1.);
#24290=LINE('',#24260,#24280);
#24300=CARTESIAN_POINT('',(42.,-22.5,25.5));
#24310=VERTEX_POINT('586452-1791271391-1ce192b2241d-0 21142851',#24300);
#24320=EDGE_CURVE('586452-1791271391-1ce192b2241d-0 21142852',#24310,
#24230,#24290,.T.);
#24330=ORIENTED_EDGE('',*,*,#24320,.T.);
#24340=CARTESIAN_POINT('',(52.9696551146029,-22.5,6.5));
#24350=DIRECTION('',(0.5,0.,-0.866025403784439));
#24360=VECTOR('',#24350,1.);
#24370=LINE('',#24340,#24360);
#24380=CARTESIAN_POINT('',(40.625,-22.5,27.8815698604072));
#24390=VERTEX_POINT('586452-1791271391-1ce192b2241d-0 21142947',#24380);
#24400=EDGE_CURVE('586452-1791271391-1ce192b2241d-0 21142948',#24390,
#24310,#24370,.T.);
#24410=ORIENTED_EDGE('',*,*,#24400,.T.);
#24420=CARTESIAN_POINT('',(50.75,-22.5,27.8815698604072));
#24430=DIRECTION('',(1.,0.,-6.45947941600091E-16));
#24440=VECTOR('',#24430,1.);
#24450=LINE('',#24420,#24440);
#24460=EDGE_CURVE('586452-1791271391-1ce192b2241d-0 21143044',#24070,
#24390,#24450,.T.);
#24470=ORIENTED_EDGE('',*,*,#24460,.T.);
#24480=EDGE_LOOP('',(#24470,#24410,#24330,#24250,#24170,#24090));
#24490=FACE_BOUND('',#24480,.T.);
#24500=ADVANCED_FACE('586452-1791271391-1ce192b2241d-0 20470131',(#23990
,#24490),#23840,.T.);
#24510=CARTESIAN_POINT('',(39.25,9.5,25.5));
#24520=DIRECTION('',(0.,-1.,0.));
#24530=DIRECTION('',(0.,0.,-1.));
#24540=AXIS2_PLACEMENT_3D('',#24510,#24520,#24530);
#24550=CYLINDRICAL_SURFACE('',#24540,7.5);
#24560=CARTESIAN_POINT('',(39.25,9.5,18.));
#24570=DIRECTION('',(0.,-1.,0.));
#24580=VECTOR('',#24570,1.);
#24590=LINE('',#24560,#24580);
#24600=EDGE_CURVE('',#11830,#23910,#24590,.T.);
#24610=ORIENTED_EDGE('',*,*,#24600,.T.);
#24620=ORIENTED_EDGE('',*,*,#11880,.T.);
#24630=CARTESIAN_POINT('',(39.25,9.5,33.));
#24640=DIRECTION('',(0.,-1.,0.));
#24650=VECTOR('',#24640,1.);
#24660=LINE('',#24630,#24650);
#24670=EDGE_CURVE('',#11850,#23930,#24660,.T.);
#24680=ORIENTED_EDGE('',*,*,#24670,.F.);
#24690=ORIENTED_EDGE('',*,*,#23960,.F.);
#24700=EDGE_LOOP('',(#24690,#24680,#24620,#24610));
#24710=FACE_OUTER_BOUND('',#24700,.T.);
#24720=ADVANCED_FACE('586452-1791271391-1ce192b2241d-0 20470166',(#24710
),#24550,.T.);
#24730=CARTESIAN_POINT('',(39.25,4.,25.5));
#24740=DIRECTION('',(0.,-1.,0.));
#24750=DIRECTION('',(0.,0.,-1.));
#24760=AXIS2_PLACEMENT_3D('',#24730,#24740,#24750);
#24770=PLANE('',#24760);
#24780=CARTESIAN_POINT('',(62.25,4.,34.25));
#24790=DIRECTION('',(0.866025403784439,0.,-0.5));
#24800=VECTOR('',#24790,1.);
#24810=LINE('',#24780,#24800);
#24820=CARTESIAN_POINT('',(62.25,4.,34.25));
#24830=VERTEX_POINT('586452-1791271391-1ce192b2241d-0 20543184',#24820);
#24840=CARTESIAN_POINT('',(69.8277222831138,4.,29.875));
#24850=VERTEX_POINT('586452-1791271391-1ce192b2241d-0 20543208',#24840);
#24860=EDGE_CURVE('586452-1791271391-1ce192b2241d-0 20543212',#24830,
#24850,#24810,.T.);
#24870=ORIENTED_EDGE('',*,*,#24860,.F.);
#24880=CARTESIAN_POINT('',(69.8277222831138,4.,29.875));
#24890=DIRECTION('',(-1.21807326130303E-15,0.,-1.));
#24900=VECTOR('',#24890,1.);
#24910=LINE('',#24880,#24900);
#24920=CARTESIAN_POINT('',(69.8277222831138,4.,21.125));
#24930=VERTEX_POINT('586452-1791271391-1ce192b2241d-0 20543202',#24920);
#24940=EDGE_CURVE('586452-1791271391-1ce192b2241d-0 20543206',#24850,
#24930,#24910,.T.);
#24950=ORIENTED_EDGE('',*,*,#24940,.F.);
#24960=CARTESIAN_POINT('',(69.8277222831138,4.,21.125));
#24970=DIRECTION('',(-0.866025403784439,0.,-0.499999999999999));
#24980=VECTOR('',#24970,1.);
#24990=LINE('',#24960,#24980);
#25000=CARTESIAN_POINT('',(62.25,4.,16.75));
#25010=VERTEX_POINT('586452-1791271391-1ce192b2241d-0 20543196',#25000);
#25020=EDGE_CURVE('586452-1791271391-1ce192b2241d-0 20543200',#24930,
#25010,#24990,.T.);
#25030=ORIENTED_EDGE('',*,*,#25020,.F.);
#25040=CARTESIAN_POINT('',(62.25,4.,16.75));
#25050=DIRECTION('',(-0.866025403784438,0.,0.500000000000001));
#25060=VECTOR('',#25050,1.);
#25070=LINE('',#25040,#25060);
#25080=CARTESIAN_POINT('',(54.6722777168862,4.,21.125));
#25090=VERTEX_POINT('586452-1791271391-1ce192b2241d-0 20543190',#25080);
#25100=EDGE_CURVE('586452-1791271391-1ce192b2241d-0 20543194',#25010,
#25090,#25070,.T.);
#25110=ORIENTED_EDGE('',*,*,#25100,.F.);
#25120=CARTESIAN_POINT('',(54.6722777168862,4.,21.125));
#25130=DIRECTION('',(6.09036630651514E-16,0.,1.));
#25140=VECTOR('',#25130,1.);
#25150=LINE('',#25120,#25140);
#25160=CARTESIAN_POINT('',(54.6722777168862,4.,29.875));
#25170=VERTEX_POINT('586452-1791271391-1ce192b2241d-0 20543182',#25160);
#25180=EDGE_CURVE('586452-1791271391-1ce192b2241d-0 20543188',#25090,
#25170,#25150,.T.);
#25190=ORIENTED_EDGE('',*,*,#25180,.F.);
#25200=CARTESIAN_POINT('',(54.6722777168862,4.,29.875));
#25210=DIRECTION('',(0.866025403784439,0.,0.5));
#25220=VECTOR('',#25210,1.);
#25230=LINE('',#25200,#25220);
#25240=EDGE_CURVE('586452-1791271391-1ce192b2241d-0 20543180',#25170,
#24830,#25230,.T.);
#25250=ORIENTED_EDGE('',*,*,#25240,.F.);
#25260=EDGE_LOOP('',(#25250,#25190,#25110,#25030,#24950,#24870));
#25270=FACE_OUTER_BOUND('',#25260,.T.);
#25280=CARTESIAN_POINT('',(62.25,4.,25.5));
#25290=DIRECTION('',(0.,-1.,0.));
#25300=DIRECTION('',(0.,0.,-1.));
#25310=AXIS2_PLACEMENT_3D('',#25280,#25290,#25300);
#25320=CIRCLE('',#25310,6.25);
#25330=CARTESIAN_POINT('',(62.25,4.,19.25));
#25340=VERTEX_POINT('586452-1791271391-1ce192b2241d-0 20561554',#25330);
#25350=CARTESIAN_POINT('',(62.25,4.,31.75));
#25360=VERTEX_POINT('',#25350);
#25370=EDGE_CURVE('586452-1791271391-1ce192b2241d-0 20561555',#25340,
#25360,#25320,.T.);
#25380=ORIENTED_EDGE('',*,*,#25370,.F.);
#25390=EDGE_CURVE('586452-1791271391-1ce192b2241d-0 20561555',#25360,
#25340,#25320,.T.);
#25400=ORIENTED_EDGE('',*,*,#25390,.F.);
#25410=EDGE_LOOP('',(#25400,#25380));
#25420=FACE_BOUND('',#25410,.T.);
#25430=ADVANCED_FACE('586452-1791271391-1ce192b2241d-0 20543128',(#25270
,#25420),#24770,.T.);
#25440=CARTESIAN_POINT('',(54.6722777168862,9.5,21.125));
#25450=DIRECTION('',(-1.,0.,6.09036630651514E-16));
#25460=DIRECTION('',(6.09036630651514E-16,0.,1.));
#25470=AXIS2_PLACEMENT_3D('',#25440,#25450,#25460);
#25480=PLANE('',#25470);
#25490=CARTESIAN_POINT('',(54.6722777168862,9.5,29.875));
#25500=DIRECTION('',(0.,-1.,0.));
#25510=VECTOR('',#25500,1.);
#25520=LINE('',#25490,#25510);
#25530=EDGE_CURVE('586452-1791271391-1ce192b2241d-0 20543232',#13360,
#25170,#25520,.T.);
#25540=ORIENTED_EDGE('',*,*,#25530,.F.);
#25550=ORIENTED_EDGE('',*,*,#25180,.T.);
#25560=CARTESIAN_POINT('',(54.6722777168862,9.5,21.125));
#25570=DIRECTION('',(0.,-1.,0.));
#25580=VECTOR('',#25570,1.);
#25590=LINE('',#25560,#25580);
#25600=EDGE_CURVE('586452-1791271391-1ce192b2241d-0 20543237',#13380,
#25090,#25590,.T.);
#25610=ORIENTED_EDGE('',*,*,#25600,.T.);
#25620=ORIENTED_EDGE('',*,*,#13390,.T.);
#25630=EDGE_LOOP('',(#25620,#25610,#25550,#25540));
#25640=FACE_OUTER_BOUND('',#25630,.T.);
#25650=ADVANCED_FACE('586452-1791271391-1ce192b2241d-0 20543239',(#25640
),#25480,.T.);
#25660=CARTESIAN_POINT('',(62.25,9.5,16.75));
#25670=DIRECTION('',(-0.500000000000001,0.,-0.866025403784438));
#25680=DIRECTION('',(-0.866025403784438,-0.,0.500000000000001));
#25690=AXIS2_PLACEMENT_3D('',#25660,#25670,#25680);
#25700=PLANE('',#25690);
#25710=ORIENTED_EDGE('',*,*,#25600,.F.);
#25720=ORIENTED_EDGE('',*,*,#25100,.T.);
#25730=CARTESIAN_POINT('',(62.25,9.5,16.75));
#25740=DIRECTION('',(0.,-1.,0.));
#25750=VECTOR('',#25740,1.);
#25760=LINE('',#25730,#25750);
#25770=EDGE_CURVE('586452-1791271391-1ce192b2241d-0 20543242',#13460,
#25010,#25760,.T.);
#25780=ORIENTED_EDGE('',*,*,#25770,.T.);
#25790=ORIENTED_EDGE('',*,*,#13470,.T.);
#25800=EDGE_LOOP('',(#25790,#25780,#25720,#25710));
#25810=FACE_OUTER_BOUND('',#25800,.T.);
#25820=ADVANCED_FACE('586452-1791271391-1ce192b2241d-0 20543244',(#25810
),#25700,.T.);
#25830=CARTESIAN_POINT('',(69.8277222831138,9.5,21.125));
#25840=DIRECTION('',(0.499999999999999,-0.,-0.866025403784439));
#25850=DIRECTION('',(-0.866025403784439,0.,-0.499999999999999));
#25860=AXIS2_PLACEMENT_3D('',#25830,#25840,#25850);
#25870=PLANE('',#25860);
#25880=ORIENTED_EDGE('',*,*,#25770,.F.);
#25890=ORIENTED_EDGE('',*,*,#25020,.T.);
#25900=CARTESIAN_POINT('',(69.8277222831138,9.5,21.125));
#25910=DIRECTION('',(0.,-1.,0.));
#25920=VECTOR('',#25910,1.);
#25930=LINE('',#25900,#25920);
#25940=EDGE_CURVE('586452-1791271391-1ce192b2241d-0 20543247',#13540,
#24930,#25930,.T.);
#25950=ORIENTED_EDGE('',*,*,#25940,.T.);
#25960=ORIENTED_EDGE('',*,*,#13550,.T.);
#25970=EDGE_LOOP('',(#25960,#25950,#25890,#25880));
#25980=FACE_OUTER_BOUND('',#25970,.T.);
#25990=ADVANCED_FACE('586452-1791271391-1ce192b2241d-0 20543249',(#25980
),#25870,.T.);
#26000=CARTESIAN_POINT('',(69.8277222831138,9.5,29.875));
#26010=DIRECTION('',(1.,-0.,-1.21807326130303E-15));
#26020=DIRECTION('',(-1.21807326130303E-15,0.,-1.));
#26030=AXIS2_PLACEMENT_3D('',#26000,#26010,#26020);
#26040=PLANE('',#26030);
#26050=ORIENTED_EDGE('',*,*,#25940,.F.);
#26060=ORIENTED_EDGE('',*,*,#24940,.T.);
#26070=CARTESIAN_POINT('',(69.8277222831138,9.5,29.875));
#26080=DIRECTION('',(0.,-1.,0.));
#26090=VECTOR('',#26080,1.);
#26100=LINE('',#26070,#26090);
#26110=EDGE_CURVE('586452-1791271391-1ce192b2241d-0 20543252',#13620,
#24850,#26100,.T.);
#26120=ORIENTED_EDGE('',*,*,#26110,.T.);
#26130=ORIENTED_EDGE('',*,*,#13630,.T.);
#26140=EDGE_LOOP('',(#26130,#26120,#26060,#26050));
#26150=FACE_OUTER_BOUND('',#26140,.T.);
#26160=ADVANCED_FACE('586452-1791271391-1ce192b2241d-0 20543254',(#26150
),#26040,.T.);
#26170=CARTESIAN_POINT('',(62.25,9.5,34.25));
#26180=DIRECTION('',(0.5,-0.,0.866025403784439));
#26190=DIRECTION('',(0.866025403784439,0.,-0.5));
#26200=AXIS2_PLACEMENT_3D('',#26170,#26180,#26190);
#26210=PLANE('',#26200);
#26220=ORIENTED_EDGE('',*,*,#26110,.F.);
#26230=ORIENTED_EDGE('',*,*,#24860,.T.);
#26240=CARTESIAN_POINT('',(62.25,9.5,34.25));
#26250=DIRECTION('',(0.,-1.,0.));
#26260=VECTOR('',#26250,1.);
#26270=LINE('',#26240,#26260);
#26280=EDGE_CURVE('586452-1791271391-1ce192b2241d-0 20543230',#13700,
#24830,#26270,.T.);
#26290=ORIENTED_EDGE('',*,*,#26280,.T.);
#26300=ORIENTED_EDGE('',*,*,#13710,.T.);
#26310=EDGE_LOOP('',(#26300,#26290,#26230,#26220));
#26320=FACE_OUTER_BOUND('',#26310,.T.);
#26330=ADVANCED_FACE('586452-1791271391-1ce192b2241d-0 20543258',(#26320
),#26210,.T.);
#26340=CARTESIAN_POINT('',(54.6722777168862,9.5,29.875));
#26350=DIRECTION('',(-0.5,0.,0.866025403784439));
#26360=DIRECTION('',(0.866025403784439,0.,0.5));
#26370=AXIS2_PLACEMENT_3D('',#26340,#26350,#26360);
#26380=PLANE('',#26370);
#26390=ORIENTED_EDGE('',*,*,#26280,.F.);
#26400=ORIENTED_EDGE('',*,*,#25240,.T.);
#26410=ORIENTED_EDGE('',*,*,#25530,.T.);
#26420=ORIENTED_EDGE('',*,*,#13770,.T.);
#26430=EDGE_LOOP('',(#26420,#26410,#26400,#26390));
#26440=FACE_OUTER_BOUND('',#26430,.T.);
#26450=ADVANCED_FACE('586452-1791271391-1ce192b2241d-0 20543234',(#26440
),#26380,.T.);
#26460=CARTESIAN_POINT('',(62.25,4.,25.5));
#26470=DIRECTION('',(0.,-1.,0.));
#26480=DIRECTION('',(0.,0.,-1.));
#26490=AXIS2_PLACEMENT_3D('',#26460,#26470,#26480);
#26500=CYLINDRICAL_SURFACE('',#26490,6.25);
#26510=CARTESIAN_POINT('',(62.25,4.,19.25));
#26520=DIRECTION('',(0.,-1.,0.));
#26530=VECTOR('',#26520,1.);
#26540=LINE('',#26510,#26530);
#26550=CARTESIAN_POINT('',(62.25,2.,19.25));
#26560=VERTEX_POINT('586452-1791271391-1ce192b2241d-0 20588307',#26550);
#26570=EDGE_CURVE('',#25340,#26560,#26540,.T.);
#26580=ORIENTED_EDGE('',*,*,#26570,.T.);
#26590=ORIENTED_EDGE('',*,*,#25390,.T.);
#26600=CARTESIAN_POINT('',(62.25,4.,31.75));
#26610=DIRECTION('',(0.,-1.,0.));
#26620=VECTOR('',#26610,1.);
#26630=LINE('',#26600,#26620);
#26640=CARTESIAN_POINT('',(62.25,2.,31.75));
#26650=VERTEX_POINT('',#26640);
#26660=EDGE_CURVE('',#25360,#26650,#26630,.T.);
#26670=ORIENTED_EDGE('',*,*,#26660,.F.);
#26680=CARTESIAN_POINT('',(62.25,2.,25.5));
#26690=DIRECTION('',(0.,-1.,0.));
#26700=DIRECTION('',(0.,0.,-1.));
#26710=AXIS2_PLACEMENT_3D('',#26680,#26690,#26700);
#26720=CIRCLE('',#26710,6.25);
#26730=EDGE_CURVE('586452-1791271391-1ce192b2241d-0 20588308',#26650,
#26560,#26720,.T.);
#26740=ORIENTED_EDGE('',*,*,#26730,.F.);
#26750=EDGE_LOOP('',(#26740,#26670,#26590,#26580));
#26760=FACE_OUTER_BOUND('',#26750,.T.);
#26770=ADVANCED_FACE('586452-1791271391-1ce192b2241d-0 20561343',(#26760
),#26500,.T.);
#26780=CARTESIAN_POINT('',(62.25,2.,25.5));
#26790=DIRECTION('',(0.,-1.,0.));
#26800=DIRECTION('',(0.,0.,-1.));
#26810=AXIS2_PLACEMENT_3D('',#26780,#26790,#26800);
#26820=PLANE('',#26810);
#26830=CARTESIAN_POINT('',(62.25,2.,25.5));
#26840=DIRECTION('',(0.,-1.,0.));
#26850=DIRECTION('',(0.,0.,-1.));
#26860=AXIS2_PLACEMENT_3D('',#26830,#26840,#26850);
#26870=CIRCLE('',#26860,8.75);
#26880=CARTESIAN_POINT('',(62.25,2.,16.75));
#26890=VERTEX_POINT('586452-1791271391-1ce192b2241d-0 20588131',#26880);
#26900=CARTESIAN_POINT('',(62.25,2.,34.25));
#26910=VERTEX_POINT('',#26900);
#26920=EDGE_CURVE('586452-1791271391-1ce192b2241d-0 20588130',#26890,
#26910,#26870,.T.);
#26930=ORIENTED_EDGE('',*,*,#26920,.F.);
#26940=EDGE_CURVE('586452-1791271391-1ce192b2241d-0 20588130',#26910,
#26890,#26870,.T.);
#26950=ORIENTED_EDGE('',*,*,#26940,.F.);
#26960=EDGE_LOOP('',(#26950,#26930));
#26970=FACE_OUTER_BOUND('',#26960,.T.);
#26980=EDGE_CURVE('586452-1791271391-1ce192b2241d-0 20588308',#26560,
#26650,#26720,.T.);
#26990=ORIENTED_EDGE('',*,*,#26980,.T.);
#27000=ORIENTED_EDGE('',*,*,#26730,.T.);
#27010=EDGE_LOOP('',(#27000,#26990));
#27020=FACE_BOUND('',#27010,.T.);
#27030=ADVANCED_FACE('586452-1791271391-1ce192b2241d-0 20588142',(#26970
,#27020),#26820,.F.);
#27040=CARTESIAN_POINT('',(62.25,0.25,25.5));
#27050=DIRECTION('',(0.,-1.,0.));
#27060=DIRECTION('',(0.,0.,-1.));
#27070=AXIS2_PLACEMENT_3D('',#27040,#27050,#27060);
#27080=PLANE('',#27070);
#27090=CARTESIAN_POINT('',(50.75,0.25,23.3895280956807));
#27100=DIRECTION('',(0.866025403784438,0.,-0.5));
#27110=VECTOR('',#27100,1.);
#27120=LINE('',#27090,#27110);
#27130=CARTESIAN_POINT('',(54.6722777168862,0.25,21.125));
#27140=VERTEX_POINT('586452-1791271391-1ce192b2241d-0 20613091',#27130);
#27150=CARTESIAN_POINT('',(62.25,0.25,16.75));
#27160=VERTEX_POINT('586452-1791271391-1ce192b2241d-0 20613061',#27150);
#27170=EDGE_CURVE('586452-1791271391-1ce192b2241d-0 20613289',#27140,
#27160,#27120,.T.);
#27180=ORIENTED_EDGE('',*,*,#27170,.F.);
#27190=CARTESIAN_POINT('',(62.25,0.25,25.5));
#27200=DIRECTION('',(0.,-1.,0.));
#27210=DIRECTION('',(0.,0.,-1.));
#27220=AXIS2_PLACEMENT_3D('',#27190,#27200,#27210);
#27230=CIRCLE('',#27220,8.75);
#27240=EDGE_CURVE('586452-1791271391-1ce192b2241d-0 20588149',#27140,
#27160,#27230,.T.);
#27250=ORIENTED_EDGE('',*,*,#27240,.T.);
#27260=EDGE_LOOP('',(#27250,#27180));
#27270=FACE_OUTER_BOUND('',#27260,.T.);
#27280=ADVANCED_FACE('586452-1791271391-1ce192b2241d-0 20588127',(#27270
),#27080,.T.);
#27290=CARTESIAN_POINT('',(62.25,2.,25.5));
#27300=DIRECTION('',(0.,-1.,0.));
#27310=DIRECTION('',(0.,0.,-1.));
#27320=AXIS2_PLACEMENT_3D('',#27290,#27300,#27310);
#27330=CYLINDRICAL_SURFACE('',#27320,8.75);
#27340=CARTESIAN_POINT('',(62.25,2.,16.75));
#27350=DIRECTION('',(0.,-1.,0.));
#27360=VECTOR('',#27350,1.);
#27370=LINE('',#27340,#27360);
#27380=EDGE_CURVE('',#26890,#27160,#27370,.T.);
#27390=ORIENTED_EDGE('',*,*,#27380,.T.);
#27400=ORIENTED_EDGE('',*,*,#26940,.T.);
#27410=CARTESIAN_POINT('',(62.25,2.,34.25));
#27420=DIRECTION('',(0.,-1.,0.));
#27430=VECTOR('',#27420,1.);
#27440=LINE('',#27410,#27430);
#27450=CARTESIAN_POINT('',(62.25,0.25,34.25));
#27460=VERTEX_POINT('586452-1791271391-1ce192b2241d-0 20613079',#27450);
#27470=EDGE_CURVE('',#26910,#27460,#27440,.T.);
#27480=ORIENTED_EDGE('',*,*,#27470,.F.);
#27490=CARTESIAN_POINT('',(54.6722777168862,0.25,29.875));
#27500=VERTEX_POINT('586452-1791271391-1ce192b2241d-0 20613085',#27490);
#27510=EDGE_CURVE('586452-1791271391-1ce192b2241d-0 20613507',#27460,
#27500,#27230,.T.);
#27520=ORIENTED_EDGE('',*,*,#27510,.F.);
#27530=EDGE_CURVE('586452-1791271391-1ce192b2241d-0 20613510',#27500,
#27140,#27230,.T.);
#27540=ORIENTED_EDGE('',*,*,#27530,.F.);
#27550=ORIENTED_EDGE('',*,*,#27240,.F.);
#27560=EDGE_LOOP('',(#27550,#27540,#27520,#27480,#27400,#27390));
#27570=FACE_OUTER_BOUND('',#27560,.T.);
#27580=ADVANCED_FACE('586452-1791271391-1ce192b2241d-0 20588162',(#27570
),#27330,.T.);
#27590=CARTESIAN_POINT('',(69.8277222831138,0.25,21.125));
#27600=VERTEX_POINT('586452-1791271391-1ce192b2241d-0 20613067',#27590);
#27610=EDGE_CURVE('586452-1791271391-1ce192b2241d-0 20613498',#27160,
#27600,#27230,.T.);
#27620=ORIENTED_EDGE('',*,*,#27610,.T.);
#27630=CARTESIAN_POINT('',(50.75,0.25,10.1104719043193));
#27640=DIRECTION('',(0.866025403784439,0.,0.499999999999999));
#27650=VECTOR('',#27640,1.);
#27660=LINE('',#27630,#27650);
#27670=EDGE_CURVE('586452-1791271391-1ce192b2241d-0 20613355',#27160,
#27600,#27660,.T.);
#27680=ORIENTED_EDGE('',*,*,#27670,.F.);
#27690=EDGE_LOOP('',(#27680,#27620));
#27700=FACE_OUTER_BOUND('',#27690,.T.);
#27710=ADVANCED_FACE('586452-1791271391-1ce192b2241d-0 20613556',(#27700
),#27080,.T.);
#27720=ORIENTED_EDGE('',*,*,#27530,.T.);
#27730=CARTESIAN_POINT('',(54.6722777168861,0.25,6.5));
#27740=DIRECTION('',(-5.07530525542928E-16,0.,-1.));
#27750=VECTOR('',#27740,1.);
#27760=LINE('',#27730,#27750);
#27770=EDGE_CURVE('586452-1791271391-1ce192b2241d-0 20613223',#27500,
#27140,#27760,.T.);
#27780=ORIENTED_EDGE('',*,*,#27770,.F.);
#27790=EDGE_LOOP('',(#27780,#27720));
#27800=FACE_OUTER_BOUND('',#27790,.T.);
#27810=ADVANCED_FACE('586452-1791271391-1ce192b2241d-0 20613544',(#27800
),#27080,.T.);
#27820=ORIENTED_EDGE('',*,*,#27510,.T.);
#27830=CARTESIAN_POINT('',(50.75,0.25,27.6104719043193));
#27840=DIRECTION('',(-0.866025403784439,0.,-0.5));
#27850=VECTOR('',#27840,1.);
#27860=LINE('',#27830,#27850);
#27870=EDGE_CURVE('586452-1791271391-1ce192b2241d-0 20613157',#27460,
#27500,#27860,.T.);
#27880=ORIENTED_EDGE('',*,*,#27870,.F.);
#27890=EDGE_LOOP('',(#27880,#27820));
#27900=FACE_OUTER_BOUND('',#27890,.T.);
#27910=ADVANCED_FACE('586452-1791271391-1ce192b2241d-0 20613547',(#27900
),#27080,.T.);
#27920=CARTESIAN_POINT('',(69.8277222831138,0.25,29.875));
#27930=VERTEX_POINT('586452-1791271391-1ce192b2241d-0 20613073',#27920);
#27940=EDGE_CURVE('586452-1791271391-1ce192b2241d-0 20613504',#27930,
#27460,#27230,.T.);
#27950=ORIENTED_EDGE('',*,*,#27940,.T.);
#27960=CARTESIAN_POINT('',(50.75,0.25,40.8895280956807));
#27970=DIRECTION('',(-0.866025403784439,0.,0.5));
#27980=VECTOR('',#27970,1.);
#27990=LINE('',#27960,#27980);
#28000=EDGE_CURVE('586452-1791271391-1ce192b2241d-0 20613485',#27930,
#27460,#27990,.T.);
#28010=ORIENTED_EDGE('',*,*,#28000,.F.);
#28020=EDGE_LOOP('',(#28010,#27950));
#28030=FACE_OUTER_BOUND('',#28020,.T.);
#28040=ADVANCED_FACE('586452-1791271391-1ce192b2241d-0 20613550',(#28030
),#27080,.T.);
#28050=EDGE_CURVE('586452-1791271391-1ce192b2241d-0 20613501',#27600,
#27930,#27230,.T.);
#28060=ORIENTED_EDGE('',*,*,#28050,.T.);
#28070=CARTESIAN_POINT('',(69.8277222831138,0.25,6.5));
#28080=DIRECTION('',(9.13554945977271E-16,0.,1.));
#28090=VECTOR('',#28080,1.);
#28100=LINE('',#28070,#28090);
#28110=EDGE_CURVE('586452-1791271391-1ce192b2241d-0 20613421',#27600,
#27930,#28100,.T.);
#28120=ORIENTED_EDGE('',*,*,#28110,.F.);
#28130=EDGE_LOOP('',(#28120,#28060));
#28140=FACE_OUTER_BOUND('',#28130,.T.);
#28150=ADVANCED_FACE('586452-1791271391-1ce192b2241d-0 20613553',(#28140
),#27080,.T.);
#28160=CARTESIAN_POINT('',(62.25,0.25,16.75));
#28170=DIRECTION('',(-0.5,0.,-0.866025403784438));
#28180=DIRECTION('',(-0.866025403784438,-0.,0.5));
#28190=AXIS2_PLACEMENT_3D('',#28160,#28170,#28180);
#28200=PLANE('',#28190);
#28210=CARTESIAN_POINT('',(54.6722777168862,0.25,21.125));
#28220=DIRECTION('',(0.,-1.,0.));
#28230=VECTOR('',#28220,1.);
#28240=LINE('',#28210,#28230);
#28250=CARTESIAN_POINT('',(54.6722777168862,-7.,21.125));
#28260=VERTEX_POINT('586452-1791271391-1ce192b2241d-0 20612822',#28250);
#28270=EDGE_CURVE('586452-1791271391-1ce192b2241d-0 20612869',#27140,
#28260,#28240,.T.);
#28280=ORIENTED_EDGE('',*,*,#28270,.F.);
#28290=CARTESIAN_POINT('',(62.25,-7.,16.75));
#28300=DIRECTION('',(-0.866025403784438,0.,0.5));
#28310=VECTOR('',#28300,1.);
#28320=LINE('',#28290,#28310);
#28330=CARTESIAN_POINT('',(62.25,-7.,16.75));
#28340=VERTEX_POINT('586452-1791271391-1ce192b2241d-0 20612828',#28330);
#28350=EDGE_CURVE('586452-1791271391-1ce192b2241d-0 20612826',#28340,
#28260,#28320,.T.);
#28360=ORIENTED_EDGE('',*,*,#28350,.T.);
#28370=CARTESIAN_POINT('',(62.25,0.25,16.75));
#28380=DIRECTION('',(0.,-1.,0.));
#28390=VECTOR('',#28380,1.);
#28400=LINE('',#28370,#28390);
#28410=EDGE_CURVE('586452-1791271391-1ce192b2241d-0 20612874',#27160,
#28340,#28400,.T.);
#28420=ORIENTED_EDGE('',*,*,#28410,.T.);
#28430=ORIENTED_EDGE('',*,*,#27170,.T.);
#28440=EDGE_LOOP('',(#28430,#28420,#28360,#28280));
#28450=FACE_OUTER_BOUND('',#28440,.T.);
#28460=ADVANCED_FACE('586452-1791271391-1ce192b2241d-0 20612876',(#28450
),#28200,.T.);
#28470=CARTESIAN_POINT('',(62.25,-7.,25.5));
#28480=DIRECTION('',(0.,-1.,0.));
#28490=DIRECTION('',(0.,0.,-1.));
#28500=AXIS2_PLACEMENT_3D('',#28470,#28480,#28490);
#28510=PLANE('',#28500);
#28520=CARTESIAN_POINT('',(62.25,-7.,34.25));
#28530=DIRECTION('',(0.866025403784439,0.,-0.5));
#28540=VECTOR('',#28530,1.);
#28550=LINE('',#28520,#28540);
#28560=CARTESIAN_POINT('',(62.25,-7.,34.25));
#28570=VERTEX_POINT('586452-1791271391-1ce192b2241d-0 20612816',#28560);
#28580=CARTESIAN_POINT('',(69.8277222831138,-7.,29.875));
#28590=VERTEX_POINT('586452-1791271391-1ce192b2241d-0 20612840',#28580);
#28600=EDGE_CURVE('586452-1791271391-1ce192b2241d-0 20612844',#28570,
#28590,#28550,.T.);
#28610=ORIENTED_EDGE('',*,*,#28600,.F.);
#28620=CARTESIAN_POINT('',(69.8277222831138,-7.,29.875));
#28630=DIRECTION('',(-9.13554945977271E-16,0.,-1.));
#28640=VECTOR('',#28630,1.);
#28650=LINE('',#28620,#28640);
#28660=CARTESIAN_POINT('',(69.8277222831138,-7.,21.125));
#28670=VERTEX_POINT('586452-1791271391-1ce192b2241d-0 20612834',#28660);
#28680=EDGE_CURVE('586452-1791271391-1ce192b2241d-0 20612838',#28590,
#28670,#28650,.T.);
#28690=ORIENTED_EDGE('',*,*,#28680,.F.);
#28700=CARTESIAN_POINT('',(69.8277222831138,-7.,21.125));
#28710=DIRECTION('',(-0.866025403784439,0.,-0.499999999999999));
#28720=VECTOR('',#28710,1.);
#28730=LINE('',#28700,#28720);
#28740=EDGE_CURVE('586452-1791271391-1ce192b2241d-0 20612832',#28670,
#28340,#28730,.T.);
#28750=ORIENTED_EDGE('',*,*,#28740,.F.);
#28760=ORIENTED_EDGE('',*,*,#28350,.F.);
#28770=CARTESIAN_POINT('',(54.6722777168862,-7.,21.125));
#28780=DIRECTION('',(5.07530525542928E-16,0.,1.));
#28790=VECTOR('',#28780,1.);
#28800=LINE('',#28770,#28790);
#28810=CARTESIAN_POINT('',(54.6722777168862,-7.,29.875));
#28820=VERTEX_POINT('586452-1791271391-1ce192b2241d-0 20612814',#28810);
#28830=EDGE_CURVE('586452-1791271391-1ce192b2241d-0 20612820',#28260,
#28820,#28800,.T.);
#28840=ORIENTED_EDGE('',*,*,#28830,.F.);
#28850=CARTESIAN_POINT('',(54.6722777168862,-7.,29.875));
#28860=DIRECTION('',(0.866025403784439,0.,0.5));
#28870=VECTOR('',#28860,1.);
#28880=LINE('',#28850,#28870);
#28890=EDGE_CURVE('586452-1791271391-1ce192b2241d-0 20612812',#28820,
#28570,#28880,.T.);
#28900=ORIENTED_EDGE('',*,*,#28890,.F.);
#28910=EDGE_LOOP('',(#28900,#28840,#28760,#28750,#28690,#28610));
#28920=FACE_OUTER_BOUND('',#28910,.T.);
#28930=CARTESIAN_POINT('',(62.25,-7.,25.5));
#28940=DIRECTION('',(0.,-1.,0.));
#28950=DIRECTION('',(1.,0.,0.));
#28960=AXIS2_PLACEMENT_3D('',#28930,#28940,#28950);
#28970=CIRCLE('',#28960,7.5);
#28980=CARTESIAN_POINT('',(69.75,-7.,25.5));
#28990=VERTEX_POINT('586452-1791271391-1ce192b2241d-0 20630473',#28980);
#29000=CARTESIAN_POINT('',(54.75,-7.,25.5));
#29010=VERTEX_POINT('',#29000);
#29020=EDGE_CURVE('586452-1791271391-1ce192b2241d-0 20630474',#28990,
#29010,#28970,.T.);
#29030=ORIENTED_EDGE('',*,*,#29020,.F.);
#29040=EDGE_CURVE('586452-1791271391-1ce192b2241d-0 20630474',#29010,
#28990,#28970,.T.);
#29050=ORIENTED_EDGE('',*,*,#29040,.F.);
#29060=EDGE_LOOP('',(#29050,#29030));
#29070=FACE_BOUND('',#29060,.T.);
#29080=ADVANCED_FACE('586452-1791271391-1ce192b2241d-0 20612760',(#28920
,#29070),#28510,.T.);
#29090=CARTESIAN_POINT('',(69.8277222831138,0.25,21.125));
#29100=DIRECTION('',(0.499999999999999,-0.,-0.866025403784439));
#29110=DIRECTION('',(-0.866025403784439,0.,-0.499999999999999));
#29120=AXIS2_PLACEMENT_3D('',#29090,#29100,#29110);
#29130=PLANE('',#29120);
#29140=ORIENTED_EDGE('',*,*,#28410,.F.);
#29150=ORIENTED_EDGE('',*,*,#28740,.T.);
#29160=CARTESIAN_POINT('',(69.8277222831138,0.25,21.125));
#29170=DIRECTION('',(0.,-1.,0.));
#29180=VECTOR('',#29170,1.);
#29190=LINE('',#29160,#29180);
#29200=EDGE_CURVE('586452-1791271391-1ce192b2241d-0 20612879',#27600,
#28670,#29190,.T.);
#29210=ORIENTED_EDGE('',*,*,#29200,.T.);
#29220=ORIENTED_EDGE('',*,*,#27670,.T.);
#29230=EDGE_LOOP('',(#29220,#29210,#29150,#29140));
#29240=FACE_OUTER_BOUND('',#29230,.T.);
#29250=ADVANCED_FACE('586452-1791271391-1ce192b2241d-0 20612881',(#29240
),#29130,.T.);
#29260=CARTESIAN_POINT('',(69.8277222831138,0.25,29.875));
#29270=DIRECTION('',(1.,-0.,-9.13554945977271E-16));
#29280=DIRECTION('',(-9.13554945977271E-16,0.,-1.));
#29290=AXIS2_PLACEMENT_3D('',#29260,#29270,#29280);
#29300=PLANE('',#29290);
#29310=ORIENTED_EDGE('',*,*,#29200,.F.);
#29320=ORIENTED_EDGE('',*,*,#28680,.T.);
#29330=CARTESIAN_POINT('',(69.8277222831138,0.25,29.875));
#29340=DIRECTION('',(0.,-1.,0.));
#29350=VECTOR('',#29340,1.);
#29360=LINE('',#29330,#29350);
#29370=EDGE_CURVE('586452-1791271391-1ce192b2241d-0 20612884',#27930,
#28590,#29360,.T.);
#29380=ORIENTED_EDGE('',*,*,#29370,.T.);
#29390=ORIENTED_EDGE('',*,*,#28110,.T.);
#29400=EDGE_LOOP('',(#29390,#29380,#29320,#29310));
#29410=FACE_OUTER_BOUND('',#29400,.T.);
#29420=ADVANCED_FACE('586452-1791271391-1ce192b2241d-0 20612886',(#29410
),#29300,.T.);
#29430=CARTESIAN_POINT('',(62.25,0.25,34.25));
#29440=DIRECTION('',(0.5,-0.,0.866025403784439));
#29450=DIRECTION('',(0.866025403784439,0.,-0.5));
#29460=AXIS2_PLACEMENT_3D('',#29430,#29440,#29450);
#29470=PLANE('',#29460);
#29480=ORIENTED_EDGE('',*,*,#29370,.F.);
#29490=ORIENTED_EDGE('',*,*,#28600,.T.);
#29500=CARTESIAN_POINT('',(62.25,0.25,34.25));
#29510=DIRECTION('',(0.,-1.,0.));
#29520=VECTOR('',#29510,1.);
#29530=LINE('',#29500,#29520);
#29540=EDGE_CURVE('586452-1791271391-1ce192b2241d-0 20612862',#27460,
#28570,#29530,.T.);
#29550=ORIENTED_EDGE('',*,*,#29540,.T.);
#29560=ORIENTED_EDGE('',*,*,#28000,.T.);
#29570=EDGE_LOOP('',(#29560,#29550,#29490,#29480));
#29580=FACE_OUTER_BOUND('',#29570,.T.);
#29590=ADVANCED_FACE('586452-1791271391-1ce192b2241d-0 20612890',(#29580
),#29470,.T.);
#29600=CARTESIAN_POINT('',(54.6722777168862,0.25,29.875));
#29610=DIRECTION('',(-0.5,0.,0.866025403784439));
#29620=DIRECTION('',(0.866025403784439,0.,0.5));
#29630=AXIS2_PLACEMENT_3D('',#29600,#29610,#29620);
#29640=PLANE('',#29630);
#29650=ORIENTED_EDGE('',*,*,#29540,.F.);
#29660=ORIENTED_EDGE('',*,*,#28890,.T.);
#29670=CARTESIAN_POINT('',(54.6722777168862,0.25,29.875));
#29680=DIRECTION('',(0.,-1.,0.));
#29690=VECTOR('',#29680,1.);
#29700=LINE('',#29670,#29690);
#29710=EDGE_CURVE('586452-1791271391-1ce192b2241d-0 20612864',#27500,
#28820,#29700,.T.);
#29720=ORIENTED_EDGE('',*,*,#29710,.T.);
#29730=ORIENTED_EDGE('',*,*,#27870,.T.);
#29740=EDGE_LOOP('',(#29730,#29720,#29660,#29650));
#29750=FACE_OUTER_BOUND('',#29740,.T.);
#29760=ADVANCED_FACE('586452-1791271391-1ce192b2241d-0 20612866',(#29750
),#29640,.T.);
#29770=CARTESIAN_POINT('',(54.6722777168862,0.25,21.125));
#29780=DIRECTION('',(-1.,0.,5.07530525542928E-16));
#29790=DIRECTION('',(5.07530525542928E-16,0.,1.));
#29800=AXIS2_PLACEMENT_3D('',#29770,#29780,#29790);
#29810=PLANE('',#29800);
#29820=ORIENTED_EDGE('',*,*,#29710,.F.);
#29830=ORIENTED_EDGE('',*,*,#28830,.T.);
#29840=ORIENTED_EDGE('',*,*,#28270,.T.);
#29850=ORIENTED_EDGE('',*,*,#27770,.T.);
#29860=EDGE_LOOP('',(#29850,#29840,#29830,#29820));
#29870=FACE_OUTER_BOUND('',#29860,.T.);
#29880=ADVANCED_FACE('586452-1791271391-1ce192b2241d-0 20612871',(#29870
),#29810,.T.);
#29890=CARTESIAN_POINT('',(62.25,-8.,25.5));
#29900=DIRECTION('',(0.,-1.,0.));
#29910=DIRECTION('',(-1.,0.,0.));
#29920=AXIS2_PLACEMENT_3D('',#29890,#29900,#29910);
#29930=DEGENERATE_TOROIDAL_SURFACE('',#29920,3.5,4.,.T.);
#29940=CARTESIAN_POINT('',(65.75,-8.,25.5));
#29950=DIRECTION('',(0.,0.,1.));
#29960=DIRECTION('',(1.,0.,0.));
#29970=AXIS2_PLACEMENT_3D('',#29940,#29950,#29960);
#29980=CIRCLE('',#29970,4.);
#29990=CARTESIAN_POINT('',(69.75,-8.,25.5));
#30000=VERTEX_POINT('586452-1791271391-1ce192b2241d-0 20653499',#29990);
#30010=EDGE_CURVE('',#21620,#30000,#29980,.T.);
#30020=ORIENTED_EDGE('',*,*,#30010,.F.);
#30030=CARTESIAN_POINT('',(62.25,-8.,25.5));
#30040=DIRECTION('',(0.,-1.,0.));
#30050=DIRECTION('',(-1.,-0.,0.));
#30060=AXIS2_PLACEMENT_3D('',#30030,#30040,#30050);
#30070=CIRCLE('',#30060,7.5);
#30080=CARTESIAN_POINT('',(54.75,-8.,25.5));
#30090=VERTEX_POINT('',#30080);
#30100=EDGE_CURVE('586452-1791271391-1ce192b2241d-0 20630253',#30090,
#30000,#30070,.T.);
#30110=ORIENTED_EDGE('',*,*,#30100,.T.);
#30120=CARTESIAN_POINT('',(58.75,-8.,25.5));
#30130=DIRECTION('',(0.,0.,-1.));
#30140=DIRECTION('',(-1.,0.,0.));
#30150=AXIS2_PLACEMENT_3D('',#30120,#30130,#30140);
#30160=CIRCLE('',#30150,4.);
#30170=EDGE_CURVE('',#21710,#30090,#30160,.T.);
#30180=ORIENTED_EDGE('',*,*,#30170,.T.);
#30190=ORIENTED_EDGE('',*,*,#21720,.F.);
#30200=EDGE_LOOP('',(#30190,#30180,#30110,#30020));
#30210=FACE_OUTER_BOUND('',#30200,.T.);
#30220=ADVANCED_FACE('586452-1791271391-1ce192b2241d-0 20653428',(#30210
),#29930,.T.);
#30230=CARTESIAN_POINT('',(62.25,-7.,25.5));
#30240=DIRECTION('',(0.,-1.,0.));
#30250=DIRECTION('',(1.,0.,0.));
#30260=AXIS2_PLACEMENT_3D('',#30230,#30240,#30250);
#30270=CYLINDRICAL_SURFACE('',#30260,7.5);
#30280=CARTESIAN_POINT('',(69.75,-7.,25.5));
#30290=DIRECTION('',(0.,-1.,0.));
#30300=VECTOR('',#30290,1.);
#30310=LINE('',#30280,#30300);
#30320=EDGE_CURVE('',#28990,#30000,#30310,.T.);
#30330=ORIENTED_EDGE('',*,*,#30320,.T.);
#30340=ORIENTED_EDGE('',*,*,#29040,.T.);
#30350=CARTESIAN_POINT('',(54.75,-7.,25.5));
#30360=DIRECTION('',(0.,-1.,0.));
#30370=VECTOR('',#30360,1.);
#30380=LINE('',#30350,#30370);
#30390=EDGE_CURVE('',#29010,#30090,#30380,.T.);
#30400=ORIENTED_EDGE('',*,*,#30390,.F.);
#30410=ORIENTED_EDGE('',*,*,#30100,.F.);
#30420=EDGE_LOOP('',(#30410,#30400,#30340,#30330));
#30430=FACE_OUTER_BOUND('',#30420,.T.);
#30440=ADVANCED_FACE('586452-1791271391-1ce192b2241d-0 20630266',(#30430
),#30270,.T.);
#30450=CARTESIAN_POINT('',(62.25,8.,25.5));
#30460=DIRECTION('',(0.,-1.,0.));
#30470=DIRECTION('',(1.,0.,0.));
#30480=AXIS2_PLACEMENT_3D('',#30450,#30460,#30470);
#30490=PLANE('',#30480);
#30500=EDGE_CURVE('586452-1791271391-1ce192b2241d-0 20649332',#21600,
#21790,#21860,.T.);
#30510=ORIENTED_EDGE('',*,*,#30500,.T.);
#30520=ORIENTED_EDGE('',*,*,#21870,.T.);
#30530=EDGE_LOOP('',(#30520,#30510));
#30540=FACE_OUTER_BOUND('',#30530,.T.);
#30550=ADVANCED_FACE('586452-1791271391-1ce192b2241d-0 20649310',(#30540
),#30490,.T.);
#30560=ORIENTED_EDGE('',*,*,#20870,.F.);
#30570=ORIENTED_EDGE('',*,*,#7920,.F.);
#30580=ORIENTED_EDGE('',*,*,#23420,.F.);
#30590=EDGE_LOOP('',(#30580,#30570,#30560));
#30600=FACE_OUTER_BOUND('',#30590,.T.);
#30610=ADVANCED_FACE('586452-1791271391-1ce192b2241d-0 20741858',(#30600
),#20220,.T.);
#30620=CARTESIAN_POINT('',(86.5,20.5,13.));
#30630=DIRECTION('',(0.,-1.,0.));
#30640=DIRECTION('',(-0.,0.,-1.));
#30650=AXIS2_PLACEMENT_3D('',#30620,#30630,#30640);
#30660=PLANE('',#30650);
#30670=CARTESIAN_POINT('',(15.,20.5,6.499997));
#30680=DIRECTION('',(0.,0.,1.));
#30690=VECTOR('',#30680,1.);
#30700=LINE('',#30670,#30690);
#30710=CARTESIAN_POINT('',(15.,20.5,13.));
#30720=VERTEX_POINT('586452-1791271391-1ce192b2241d-0 20742325',#30710);
#30730=EDGE_CURVE('586452-1791271391-1ce192b2241d-0 20742326',#3000,
#30720,#30700,.T.);
#30740=ORIENTED_EDGE('',*,*,#30730,.F.);
#30750=EDGE_CURVE('586452-1791271391-1ce192b2241d-0 20741846',#8760,
#30720,#20790,.T.);
#30760=ORIENTED_EDGE('',*,*,#30750,.T.);
#30770=ORIENTED_EDGE('',*,*,#8770,.F.);
#30780=EDGE_LOOP('',(#30770,#30760,#30740));
#30790=FACE_OUTER_BOUND('',#30780,.T.);
#30800=ADVANCED_FACE('586452-1791271391-1ce192b2241d-0 20743522',(#30790
),#30660,.T.);
#30810=CARTESIAN_POINT('',(92.3338068181818,40.7499999999999,10.5));
#30820=DIRECTION('',(0.,0.,1.));
#30830=DIRECTION('',(1.,0.,0.));
#30840=AXIS2_PLACEMENT_3D('',#30810,#30820,#30830);
#30850=PLANE('',#30840);
#30860=EDGE_CURVE('586452-1791271391-1ce192b2241d-0 20837494',#22110,
#22020,#22180,.T.);
#30870=ORIENTED_EDGE('',*,*,#30860,.F.);
#30880=ORIENTED_EDGE('',*,*,#22190,.F.);
#30890=EDGE_LOOP('',(#30880,#30870));
#30900=FACE_OUTER_BOUND('',#30890,.T.);
#30910=CARTESIAN_POINT('',(91.75,29.25,10.5));
#30920=DIRECTION('',(0.,0.,1.));
#30930=DIRECTION('',(1.,0.,0.));
#30940=AXIS2_PLACEMENT_3D('',#30910,#30920,#30930);
#30950=CIRCLE('',#30940,2.);
#30960=CARTESIAN_POINT('',(93.75,29.25,10.5));
#30970=VERTEX_POINT('586452-1791271391-1ce192b2241d-0 20836696',#30960);
#30980=CARTESIAN_POINT('',(89.75,29.25,10.5));
#30990=VERTEX_POINT('',#30980);
#31000=EDGE_CURVE('586452-1791271391-1ce192b2241d-0 20836694',#30970,
#30990,#30950,.T.);
#31010=ORIENTED_EDGE('',*,*,#31000,.T.);
#31020=EDGE_CURVE('586452-1791271391-1ce192b2241d-0 20836694',#30990,
#30970,#30950,.T.);
#31030=ORIENTED_EDGE('',*,*,#31020,.T.);
#31040=EDGE_LOOP('',(#31030,#31010));
#31050=FACE_BOUND('',#31040,.T.);
#31060=ADVANCED_FACE('586452-1791271391-1ce192b2241d-0 20836544',(#30900
,#31050),#30850,.F.);
#31070=CARTESIAN_POINT('',(92.3338068181818,40.7499999999999,10.5));
#31080=DIRECTION('',(0.,0.,1.));
#31090=DIRECTION('',(1.,0.,0.));
#31100=AXIS2_PLACEMENT_3D('',#31070,#31080,#31090);
#31110=PLANE('',#31100);
#31120=EDGE_CURVE('586452-1791271391-1ce192b2241d-0 20837946',#23670,
#23580,#23740,.T.);
#31130=ORIENTED_EDGE('',*,*,#31120,.F.);
#31140=ORIENTED_EDGE('',*,*,#23750,.F.);
#31150=EDGE_LOOP('',(#31140,#31130));
#31160=FACE_OUTER_BOUND('',#31150,.T.);
#31170=CARTESIAN_POINT('',(91.75,52.75,10.5));
#31180=DIRECTION('',(0.,0.,1.));
#31190=DIRECTION('',(1.,0.,0.));
#31200=AXIS2_PLACEMENT_3D('',#31170,#31180,#31190);
#31210=CIRCLE('',#31200,2.);
#31220=CARTESIAN_POINT('',(93.75,52.75,10.5));
#31230=VERTEX_POINT('586452-1791271391-1ce192b2241d-0 20836804',#31220);
#31240=CARTESIAN_POINT('',(89.75,52.75,10.5));
#31250=VERTEX_POINT('',#31240);
#31260=EDGE_CURVE('586452-1791271391-1ce192b2241d-0 20836802',#31230,
#31250,#31210,.T.);
#31270=ORIENTED_EDGE('',*,*,#31260,.T.);
#31280=EDGE_CURVE('586452-1791271391-1ce192b2241d-0 20836802',#31250,
#31230,#31210,.T.);
#31290=ORIENTED_EDGE('',*,*,#31280,.T.);
#31300=EDGE_LOOP('',(#31290,#31270));
#31310=FACE_BOUND('',#31300,.T.);
#31320=ADVANCED_FACE('586452-1791271391-1ce192b2241d-0 20836582',(#31160
,#31310),#31110,.F.);
#31330=CARTESIAN_POINT('',(91.75,52.75,13.));
#31340=DIRECTION('',(0.,0.,1.));
#31350=DIRECTION('',(1.,0.,0.));
#31360=AXIS2_PLACEMENT_3D('',#31330,#31340,#31350);
#31370=CYLINDRICAL_SURFACE('',#31360,2.);
#31380=CARTESIAN_POINT('',(89.75,52.75,13.));
#31390=DIRECTION('',(0.,0.,1.));
#31400=VECTOR('',#31390,1.);
#31410=LINE('',#31380,#31400);
#31420=CARTESIAN_POINT('',(89.75,52.75,11.5));
#31430=VERTEX_POINT('',#31420);
#31440=EDGE_CURVE('',#31250,#31430,#31410,.T.);
#31450=ORIENTED_EDGE('',*,*,#31440,.T.);
#31460=ORIENTED_EDGE('',*,*,#31280,.F.);
#31470=CARTESIAN_POINT('',(93.75,52.75,13.));
#31480=DIRECTION('',(0.,0.,1.));
#31490=VECTOR('',#31480,1.);
#31500=LINE('',#31470,#31490);
#31510=CARTESIAN_POINT('',(93.75,52.75,11.5));
#31520=VERTEX_POINT('586452-1791271391-1ce192b2241d-0 20839440',#31510);
#31530=EDGE_CURVE('',#31230,#31520,#31500,.T.);
#31540=ORIENTED_EDGE('',*,*,#31530,.F.);
#31550=CARTESIAN_POINT('',(91.75,52.75,11.5));
#31560=DIRECTION('',(0.,0.,1.));
#31570=DIRECTION('',(1.,0.,-0.));
#31580=AXIS2_PLACEMENT_3D('',#31550,#31560,#31570);
#31590=CIRCLE('',#31580,2.);
#31600=EDGE_CURVE('586452-1791271391-1ce192b2241d-0 20836589',#31430,
#31520,#31590,.T.);
#31610=ORIENTED_EDGE('',*,*,#31600,.T.);
#31620=EDGE_LOOP('',(#31610,#31540,#31460,#31450));
#31630=FACE_OUTER_BOUND('',#31620,.T.);
#31640=ADVANCED_FACE('586452-1791271391-1ce192b2241d-0 20836833',(#31630
),#31370,.F.);
#31650=CARTESIAN_POINT('',(91.75,29.25,13.));
#31660=DIRECTION('',(0.,0.,1.));
#31670=DIRECTION('',(1.,0.,0.));
#31680=AXIS2_PLACEMENT_3D('',#31650,#31660,#31670);
#31690=CYLINDRICAL_SURFACE('',#31680,2.);
#31700=CARTESIAN_POINT('',(89.75,29.25,13.));
#31710=DIRECTION('',(0.,0.,1.));
#31720=VECTOR('',#31710,1.);
#31730=LINE('',#31700,#31720);
#31740=CARTESIAN_POINT('',(89.75,29.25,11.5));
#31750=VERTEX_POINT('',#31740);
#31760=EDGE_CURVE('',#30990,#31750,#31730,.T.);
#31770=ORIENTED_EDGE('',*,*,#31760,.T.);
#31780=ORIENTED_EDGE('',*,*,#31020,.F.);
#31790=CARTESIAN_POINT('',(93.75,29.25,13.));
#31800=DIRECTION('',(0.,0.,1.));
#31810=VECTOR('',#31800,1.);
#31820=LINE('',#31790,#31810);
#31830=CARTESIAN_POINT('',(93.75,29.25,11.5));
#31840=VERTEX_POINT('586452-1791271391-1ce192b2241d-0 20841236',#31830);
#31850=EDGE_CURVE('',#30970,#31840,#31820,.T.);
#31860=ORIENTED_EDGE('',*,*,#31850,.F.);
#31870=CARTESIAN_POINT('',(91.75,29.25,11.5));
#31880=DIRECTION('',(0.,0.,1.));
#31890=DIRECTION('',(1.,0.,-0.));
#31900=AXIS2_PLACEMENT_3D('',#31870,#31880,#31890);
#31910=CIRCLE('',#31900,2.);
#31920=EDGE_CURVE('586452-1791271391-1ce192b2241d-0 20836551',#31750,
#31840,#31910,.T.);
#31930=ORIENTED_EDGE('',*,*,#31920,.T.);
#31940=EDGE_LOOP('',(#31930,#31860,#31780,#31770));
#31950=FACE_OUTER_BOUND('',#31940,.T.);
#31960=ADVANCED_FACE('586452-1791271391-1ce192b2241d-0 20836725',(#31950
),#31690,.F.);
#31970=CARTESIAN_POINT('',(91.75,52.75,13.));
#31980=DIRECTION('',(0.,0.,1.));
#31990=DIRECTION('',(1.,0.,-0.));
#32000=AXIS2_PLACEMENT_3D('',#31970,#31980,#31990);
#32010=CONICAL_SURFACE('',#32000,3.5,0.785398163397448);
#32020=CARTESIAN_POINT('',(88.25,52.75,13.));
#32030=DIRECTION('',(-0.707106781186548,0.,0.707106781186548));
#32040=VECTOR('',#32030,4.94974746830583);
#32050=LINE('',#32020,#32040);
#32060=EDGE_CURVE('',#31430,#20540,#32050,.T.);
#32070=ORIENTED_EDGE('',*,*,#32060,.T.);
#32080=ORIENTED_EDGE('',*,*,#31600,.F.);
#32090=CARTESIAN_POINT('',(95.25,52.75,13.));
#32100=DIRECTION('',(0.707106781186548,0.,0.707106781186548));
#32110=VECTOR('',#32100,4.94974746830583);
#32120=LINE('',#32090,#32110);
#32130=EDGE_CURVE('',#31520,#20520,#32120,.T.);
#32140=ORIENTED_EDGE('',*,*,#32130,.F.);
#32150=ORIENTED_EDGE('',*,*,#20570,.T.);
#32160=EDGE_LOOP('',(#32150,#32140,#32080,#32070));
#32170=FACE_OUTER_BOUND('',#32160,.T.);
#32180=ADVANCED_FACE('586452-1791271391-1ce192b2241d-0 20839376',(#32170
),#32010,.F.);
#32190=CARTESIAN_POINT('',(91.75,29.25,13.));
#32200=DIRECTION('',(0.,0.,1.));
#32210=DIRECTION('',(1.,0.,-0.));
#32220=AXIS2_PLACEMENT_3D('',#32190,#32200,#32210);
#32230=CONICAL_SURFACE('',#32220,3.5,0.785398163397448);
#32240=CARTESIAN_POINT('',(88.25,29.25,13.));
#32250=DIRECTION('',(-0.707106781186548,0.,0.707106781186548));
#32260=VECTOR('',#32250,4.94974746830583);
#32270=LINE('',#32240,#32260);
#32280=EDGE_CURVE('',#31750,#20690,#32270,.T.);
#32290=ORIENTED_EDGE('',*,*,#32280,.T.);
#32300=ORIENTED_EDGE('',*,*,#31920,.F.);
#32310=CARTESIAN_POINT('',(95.25,29.25,13.));
#32320=DIRECTION('',(0.707106781186548,0.,0.707106781186548));
#32330=VECTOR('',#32320,4.94974746830583);
#32340=LINE('',#32310,#32330);
#32350=EDGE_CURVE('',#31840,#20670,#32340,.T.);
#32360=ORIENTED_EDGE('',*,*,#32350,.F.);
#32370=ORIENTED_EDGE('',*,*,#20720,.T.);
#32380=EDGE_LOOP('',(#32370,#32360,#32300,#32290));
#32390=FACE_OUTER_BOUND('',#32380,.T.);
#32400=ADVANCED_FACE('586452-1791271391-1ce192b2241d-0 20841172',(#32390
),#32230,.F.);
#32410=CARTESIAN_POINT('',(39.25,-19.5,25.5));
#32420=DIRECTION('',(0.,-1.,0.));
#32430=DIRECTION('',(1.,0.,0.));
#32440=AXIS2_PLACEMENT_3D('',#32410,#32420,#32430);
#32450=PLANE('',#32440);
#32460=CARTESIAN_POINT('',(36.5,-19.5,25.5));
#32470=DIRECTION('',(0.5,0.,0.866025403784439));
#32480=VECTOR('',#32470,1.);
#32490=LINE('',#32460,#32480);
#32500=CARTESIAN_POINT('',(36.5,-19.5,25.5));
#32510=VERTEX_POINT('586452-1791271391-1ce192b2241d-0 21142299',#32500);
#32520=CARTESIAN_POINT('',(37.875,-19.5,27.8815698604072));
#32530=VERTEX_POINT('586452-1791271391-1ce192b2241d-0 21142323',#32520);
#32540=EDGE_CURVE('586452-1791271391-1ce192b2241d-0 21142327',#32510,
#32530,#32490,.T.);
#32550=ORIENTED_EDGE('',*,*,#32540,.F.);
#32560=CARTESIAN_POINT('',(37.875,-19.5,27.8815698604072));
#32570=DIRECTION('',(1.,0.,-6.45947941600091E-16));
#32580=VECTOR('',#32570,1.);
#32590=LINE('',#32560,#32580);
#32600=CARTESIAN_POINT('',(40.625,-19.5,27.8815698604072));
#32610=VERTEX_POINT('586452-1791271391-1ce192b2241d-0 21142317',#32600);
#32620=EDGE_CURVE('586452-1791271391-1ce192b2241d-0 21142321',#32530,
#32610,#32590,.T.);
#32630=ORIENTED_EDGE('',*,*,#32620,.F.);
#32640=CARTESIAN_POINT('',(40.625,-19.5,27.8815698604072));
#32650=DIRECTION('',(0.5,0.,-0.866025403784439));
#32660=VECTOR('',#32650,1.);
#32670=LINE('',#32640,#32660);
#32680=CARTESIAN_POINT('',(42.,-19.5,25.5));
#32690=VERTEX_POINT('586452-1791271391-1ce192b2241d-0 21142311',#32680);
#32700=EDGE_CURVE('586452-1791271391-1ce192b2241d-0 21142315',#32610,
#32690,#32670,.T.);
#32710=ORIENTED_EDGE('',*,*,#32700,.F.);
#32720=CARTESIAN_POINT('',(42.,-19.5,25.5));
#32730=DIRECTION('',(-0.5,0.,-0.866025403784439));
#32740=VECTOR('',#32730,1.);
#32750=LINE('',#32720,#32740);
#32760=CARTESIAN_POINT('',(40.625,-19.5,23.1184301395928));
#32770=VERTEX_POINT('586452-1791271391-1ce192b2241d-0 21142305',#32760);
#32780=EDGE_CURVE('586452-1791271391-1ce192b2241d-0 21142309',#32690,
#32770,#32750,.T.);
#32790=ORIENTED_EDGE('',*,*,#32780,.F.);
#32800=CARTESIAN_POINT('',(40.625,-19.5,23.1184301395928));
#32810=DIRECTION('',(-1.,0.,3.22973970800046E-16));
#32820=VECTOR('',#32810,1.);
#32830=LINE('',#32800,#32820);
#32840=CARTESIAN_POINT('',(37.875,-19.5,23.1184301395928));
#32850=VERTEX_POINT('586452-1791271391-1ce192b2241d-0 21142297',#32840);
#32860=EDGE_CURVE('586452-1791271391-1ce192b2241d-0 21142303',#32770,
#32850,#32830,.T.);
#32870=ORIENTED_EDGE('',*,*,#32860,.F.);
#32880=CARTESIAN_POINT('',(37.875,-19.5,23.1184301395928));
#32890=DIRECTION('',(-0.5,0.,0.866025403784439));
#32900=VECTOR('',#32890,1.);
#32910=LINE('',#32880,#32900);
#32920=EDGE_CURVE('586452-1791271391-1ce192b2241d-0 21142295',#32850,
#32510,#32910,.T.);
#32930=ORIENTED_EDGE('',*,*,#32920,.F.);
#32940=EDGE_LOOP('',(#32930,#32870,#32790,#32710,#32630,#32550));
#32950=FACE_OUTER_BOUND('',#32940,.T.);
#32960=ADVANCED_FACE('586452-1791271391-1ce192b2241d-0 21142243',(#32950
),#32450,.T.);
#32970=CARTESIAN_POINT('',(37.875,-22.5,27.8815698604072));
#32980=DIRECTION('',(-6.45947941600091E-16,0.,-1.));
#32990=DIRECTION('',(-1.,0.,6.45947941600091E-16));
#33000=AXIS2_PLACEMENT_3D('',#32970,#32980,#32990);
#33010=PLANE('',#33000);
#33020=CARTESIAN_POINT('',(40.625,-22.5,27.8815698604072));
#33030=DIRECTION('',(-0.,1.,0.));
#33040=VECTOR('',#33030,1.);
#33050=LINE('',#33020,#33040);
#33060=EDGE_CURVE('586452-1791271391-1ce192b2241d-0 21142362',#24390,
#32610,#33050,.T.);
#33070=ORIENTED_EDGE('',*,*,#33060,.F.);
#33080=ORIENTED_EDGE('',*,*,#32620,.T.);
#33090=CARTESIAN_POINT('',(37.875,-22.5,27.8815698604072));
#33100=DIRECTION('',(-0.,1.,0.));
#33110=VECTOR('',#33100,1.);
#33120=LINE('',#33090,#33110);
#33130=EDGE_CURVE('586452-1791271391-1ce192b2241d-0 21142367',#24070,
#32530,#33120,.T.);
#33140=ORIENTED_EDGE('',*,*,#33130,.T.);
#33150=ORIENTED_EDGE('',*,*,#24460,.F.);
#33160=EDGE_LOOP('',(#33150,#33140,#33080,#33070));
#33170=FACE_OUTER_BOUND('',#33160,.T.);
#33180=ADVANCED_FACE('586452-1791271391-1ce192b2241d-0 21142369',(#33170
),#33010,.T.);
#33190=CARTESIAN_POINT('',(36.5,-22.5,25.5));
#33200=DIRECTION('',(0.866025403784439,-0.,-0.5));
#33210=DIRECTION('',(-0.5,-0.,-0.866025403784439));
#33220=AXIS2_PLACEMENT_3D('',#33190,#33200,#33210);
#33230=PLANE('',#33220);
#33240=ORIENTED_EDGE('',*,*,#33130,.F.);
#33250=ORIENTED_EDGE('',*,*,#32540,.T.);
#33260=CARTESIAN_POINT('',(36.5,-22.5,25.5));
#33270=DIRECTION('',(-0.,1.,0.));
#33280=VECTOR('',#33270,1.);
#33290=LINE('',#33260,#33280);
#33300=EDGE_CURVE('586452-1791271391-1ce192b2241d-0 21142345',#24050,
#32510,#33290,.T.);
#33310=ORIENTED_EDGE('',*,*,#33300,.T.);
#33320=ORIENTED_EDGE('',*,*,#24080,.F.);
#33330=EDGE_LOOP('',(#33320,#33310,#33250,#33240));
#33340=FACE_OUTER_BOUND('',#33330,.T.);
#33350=ADVANCED_FACE('586452-1791271391-1ce192b2241d-0 21142373',(#33340
),#33230,.T.);
#33360=CARTESIAN_POINT('',(37.875,-22.5,23.1184301395928));
#33370=DIRECTION('',(0.866025403784439,0.,0.5));
#33380=DIRECTION('',(0.5,0.,-0.866025403784439));
#33390=AXIS2_PLACEMENT_3D('',#33360,#33370,#33380);
#33400=PLANE('',#33390);
#33410=ORIENTED_EDGE('',*,*,#33300,.F.);
#33420=ORIENTED_EDGE('',*,*,#32920,.T.);
#33430=CARTESIAN_POINT('',(37.875,-22.5,23.1184301395928));
#33440=DIRECTION('',(-0.,1.,0.));
#33450=VECTOR('',#33440,1.);
#33460=LINE('',#33430,#33450);
#33470=EDGE_CURVE('586452-1791271391-1ce192b2241d-0 21142347',#24150,
#32850,#33460,.T.);
#33480=ORIENTED_EDGE('',*,*,#33470,.T.);
#33490=ORIENTED_EDGE('',*,*,#24160,.F.);
#33500=EDGE_LOOP('',(#33490,#33480,#33420,#33410));
#33510=FACE_OUTER_BOUND('',#33500,.T.);
#33520=ADVANCED_FACE('586452-1791271391-1ce192b2241d-0 21142349',(#33510
),#33400,.T.);
#33530=CARTESIAN_POINT('',(40.625,-22.5,23.1184301395928));
#33540=DIRECTION('',(3.22973970800046E-16,0.,1.));
#33550=DIRECTION('',(1.,0.,-3.22973970800046E-16));
#33560=AXIS2_PLACEMENT_3D('',#33530,#33540,#33550);
#33570=PLANE('',#33560);
#33580=ORIENTED_EDGE('',*,*,#33470,.F.);
#33590=ORIENTED_EDGE('',*,*,#32860,.T.);
#33600=CARTESIAN_POINT('',(40.625,-22.5,23.1184301395928));
#33610=DIRECTION('',(-0.,1.,0.));
#33620=VECTOR('',#33610,1.);
#33630=LINE('',#33600,#33620);
#33640=EDGE_CURVE('586452-1791271391-1ce192b2241d-0 21142352',#24230,
#32770,#33630,.T.);
#33650=ORIENTED_EDGE('',*,*,#33640,.T.);
#33660=ORIENTED_EDGE('',*,*,#24240,.F.);
#33670=EDGE_LOOP('',(#33660,#33650,#33590,#33580));
#33680=FACE_OUTER_BOUND('',#33670,.T.);
#33690=ADVANCED_FACE('586452-1791271391-1ce192b2241d-0 21142354',(#33680
),#33570,.T.);
#33700=CARTESIAN_POINT('',(42.,-22.5,25.5));
#33710=DIRECTION('',(-0.866025403784439,0.,0.5));
#33720=DIRECTION('',(0.5,0.,0.866025403784439));
#33730=AXIS2_PLACEMENT_3D('',#33700,#33710,#33720);
#33740=PLANE('',#33730);
#33750=ORIENTED_EDGE('',*,*,#33640,.F.);
#33760=ORIENTED_EDGE('',*,*,#32780,.T.);
#33770=CARTESIAN_POINT('',(42.,-22.5,25.5));
#33780=DIRECTION('',(-0.,1.,0.));
#33790=VECTOR('',#33780,1.);
#33800=LINE('',#33770,#33790);
#33810=EDGE_CURVE('586452-1791271391-1ce192b2241d-0 21142357',#24310,
#32690,#33800,.T.);
#33820=ORIENTED_EDGE('',*,*,#33810,.T.);
#33830=ORIENTED_EDGE('',*,*,#24320,.F.);
#33840=EDGE_LOOP('',(#33830,#33820,#33760,#33750));
#33850=FACE_OUTER_BOUND('',#33840,.T.);
#33860=ADVANCED_FACE('586452-1791271391-1ce192b2241d-0 21142359',(#33850
),#33740,.T.);
#33870=CARTESIAN_POINT('',(40.625,-22.5,27.8815698604072));
#33880=DIRECTION('',(-0.866025403784439,0.,-0.5));
#33890=DIRECTION('',(-0.5,0.,0.866025403784439));
#33900=AXIS2_PLACEMENT_3D('',#33870,#33880,#33890);
#33910=PLANE('',#33900);
#33920=ORIENTED_EDGE('',*,*,#33810,.F.);
#33930=ORIENTED_EDGE('',*,*,#32700,.T.);
#33940=ORIENTED_EDGE('',*,*,#33060,.T.);
#33950=ORIENTED_EDGE('',*,*,#24400,.F.);
#33960=EDGE_LOOP('',(#33950,#33940,#33930,#33920));
#33970=FACE_OUTER_BOUND('',#33960,.T.);
#33980=ADVANCED_FACE('586452-1791271391-1ce192b2241d-0 21142364',(#33970
),#33910,.T.);
#33990=CARTESIAN_POINT('',(91.75,52.75,6.5));
#34000=DIRECTION('',(0.,0.,1.));
#34010=DIRECTION('',(1.,0.,0.));
#34020=AXIS2_PLACEMENT_3D('',#33990,#34000,#34010);
#34030=CYLINDRICAL_SURFACE('',#34020,3.75);
#34040=ORIENTED_EDGE('',*,*,#150,.F.);
#34050=ORIENTED_EDGE('',*,*,#23590,.F.);
#34060=ORIENTED_EDGE('',*,*,#31120,.T.);
#34070=ORIENTED_EDGE('',*,*,#23680,.T.);
#34080=EDGE_LOOP('',(#34070,#34060,#34050,#34040));
#34090=FACE_OUTER_BOUND('',#34080,.T.);
#34100=ADVANCED_FACE('586452-1791271391-1ce192b2241d-0 20452966',(#34090
),#34030,.F.);
#34110=CARTESIAN_POINT('',(91.75,52.75,13.));
#34120=DIRECTION('',(0.,0.,1.));
#34130=DIRECTION('',(1.,0.,-0.));
#34140=AXIS2_PLACEMENT_3D('',#34110,#34120,#34130);
#34150=CONICAL_SURFACE('',#34140,3.5,0.785398163397448);
#34160=EDGE_CURVE('586452-1791271391-1ce192b2241d-0 20836589',#31520,
#31430,#31590,.T.);
#34170=ORIENTED_EDGE('',*,*,#34160,.F.);
#34180=ORIENTED_EDGE('',*,*,#32060,.F.);
#34190=ORIENTED_EDGE('',*,*,#20550,.T.);
#34200=ORIENTED_EDGE('',*,*,#32130,.T.);
#34210=EDGE_LOOP('',(#34200,#34190,#34180,#34170));
#34220=FACE_OUTER_BOUND('',#34210,.T.);
#34230=ADVANCED_FACE('586452-1791271391-1ce192b2241d-0 20839376',(#34220
),#34150,.F.);
#34240=CARTESIAN_POINT('',(62.25,-12.,25.5));
#34250=DIRECTION('',(0.,-1.,0.));
#34260=DIRECTION('',(1.,0.,0.));
#34270=AXIS2_PLACEMENT_3D('',#34240,#34250,#34260);
#34280=CYLINDRICAL_SURFACE('',#34270,3.5);
#34290=ORIENTED_EDGE('',*,*,#30500,.F.);
#34300=ORIENTED_EDGE('',*,*,#21800,.F.);
#34310=EDGE_CURVE('586452-1791271391-1ce192b2241d-0 20649748',#21620,
#21710,#21690,.T.);
#34320=ORIENTED_EDGE('',*,*,#34310,.T.);
#34330=ORIENTED_EDGE('',*,*,#21630,.T.);
#34340=EDGE_LOOP('',(#34330,#34320,#34300,#34290));
#34350=FACE_OUTER_BOUND('',#34340,.T.);
#34360=ADVANCED_FACE('586452-1791271391-1ce192b2241d-0 20649345',(#34350
),#34280,.F.);
#34370=CARTESIAN_POINT('',(91.75,29.25,13.));
#34380=DIRECTION('',(0.,0.,1.));
#34390=DIRECTION('',(1.,0.,0.));
#34400=AXIS2_PLACEMENT_3D('',#34370,#34380,#34390);
#34410=CYLINDRICAL_SURFACE('',#34400,2.);
#34420=ORIENTED_EDGE('',*,*,#31000,.F.);
#34430=ORIENTED_EDGE('',*,*,#31760,.F.);
#34440=EDGE_CURVE('586452-1791271391-1ce192b2241d-0 20836551',#31840,
#31750,#31910,.T.);
#34450=ORIENTED_EDGE('',*,*,#34440,.T.);
#34460=ORIENTED_EDGE('',*,*,#31850,.T.);
#34470=EDGE_LOOP('',(#34460,#34450,#34430,#34420));
#34480=FACE_OUTER_BOUND('',#34470,.T.);
#34490=ADVANCED_FACE('586452-1791271391-1ce192b2241d-0 20836725',(#34480
),#34410,.F.);
#34500=CARTESIAN_POINT('',(39.25,6.5,25.5));
#34510=DIRECTION('',(0.,-1.,0.));
#34520=DIRECTION('',(-1.,0.,0.));
#34530=AXIS2_PLACEMENT_3D('',#34500,#34510,#34520);
#34540=CYLINDRICAL_SURFACE('',#34530,10.);
#34550=ORIENTED_EDGE('',*,*,#11460,.T.);
#34560=ORIENTED_EDGE('',*,*,#11720,.F.);
#34570=ORIENTED_EDGE('',*,*,#11550,.F.);
#34580=ORIENTED_EDGE('',*,*,#7340,.F.);
#34590=EDGE_LOOP('',(#34580,#34570,#34560,#34550));
#34600=FACE_OUTER_BOUND('',#34590,.T.);
#34610=ADVANCED_FACE('586452-1791271391-1ce192b2241d-0 20174114',(#34600
),#34540,.F.);
#34620=CARTESIAN_POINT('',(62.25,-7.,25.5));
#34630=DIRECTION('',(0.,-1.,0.));
#34640=DIRECTION('',(1.,0.,0.));
#34650=AXIS2_PLACEMENT_3D('',#34620,#34630,#34640);
#34660=CYLINDRICAL_SURFACE('',#34650,7.5);
#34670=EDGE_CURVE('586452-1791271391-1ce192b2241d-0 20630253',#30000,
#30090,#30070,.T.);
#34680=ORIENTED_EDGE('',*,*,#34670,.F.);
#34690=ORIENTED_EDGE('',*,*,#30390,.T.);
#34700=ORIENTED_EDGE('',*,*,#29020,.T.);
#34710=ORIENTED_EDGE('',*,*,#30320,.F.);
#34720=EDGE_LOOP('',(#34710,#34700,#34690,#34680));
#34730=FACE_OUTER_BOUND('',#34720,.T.);
#34740=ADVANCED_FACE('586452-1791271391-1ce192b2241d-0 20630266',(#34730
),#34660,.T.);
#34750=CARTESIAN_POINT('',(62.25,4.,25.5));
#34760=DIRECTION('',(0.,-1.,0.));
#34770=DIRECTION('',(0.,0.,-1.));
#34780=AXIS2_PLACEMENT_3D('',#34750,#34760,#34770);
#34790=CYLINDRICAL_SURFACE('',#34780,6.25);
#34800=ORIENTED_EDGE('',*,*,#26980,.F.);
#34810=ORIENTED_EDGE('',*,*,#26660,.T.);
#34820=ORIENTED_EDGE('',*,*,#25370,.T.);
#34830=ORIENTED_EDGE('',*,*,#26570,.F.);
#34840=EDGE_LOOP('',(#34830,#34820,#34810,#34800));
#34850=FACE_OUTER_BOUND('',#34840,.T.);
#34860=ADVANCED_FACE('586452-1791271391-1ce192b2241d-0 20561343',(#34850
),#34790,.T.);
#34870=CARTESIAN_POINT('',(91.75,52.75,13.));
#34880=DIRECTION('',(0.,0.,1.));
#34890=DIRECTION('',(1.,0.,0.));
#34900=AXIS2_PLACEMENT_3D('',#34870,#34880,#34890);
#34910=CYLINDRICAL_SURFACE('',#34900,2.);
#34920=ORIENTED_EDGE('',*,*,#31260,.F.);
#34930=ORIENTED_EDGE('',*,*,#31440,.F.);
#34940=ORIENTED_EDGE('',*,*,#34160,.T.);
#34950=ORIENTED_EDGE('',*,*,#31530,.T.);
#34960=EDGE_LOOP('',(#34950,#34940,#34930,#34920));
#34970=FACE_OUTER_BOUND('',#34960,.T.);
#34980=ADVANCED_FACE('586452-1791271391-1ce192b2241d-0 20836833',(#34970
),#34910,.F.);
#34990=CARTESIAN_POINT('',(91.75,29.25,6.5));
#35000=DIRECTION('',(0.,0.,1.));
#35010=DIRECTION('',(1.,0.,0.));
#35020=AXIS2_PLACEMENT_3D('',#34990,#35000,#35010);
#35030=CYLINDRICAL_SURFACE('',#35020,3.75);
#35040=ORIENTED_EDGE('',*,*,#300,.F.);
#35050=ORIENTED_EDGE('',*,*,#22030,.F.);
#35060=ORIENTED_EDGE('',*,*,#30860,.T.);
#35070=ORIENTED_EDGE('',*,*,#22120,.T.);
#35080=EDGE_LOOP('',(#35070,#35060,#35050,#35040));
#35090=FACE_OUTER_BOUND('',#35080,.T.);
#35100=ADVANCED_FACE('586452-1791271391-1ce192b2241d-0 20452982',(#35090
),#35030,.F.);
#35110=CARTESIAN_POINT('',(39.25,9.5,25.5));
#35120=DIRECTION('',(0.,-1.,0.));
#35130=DIRECTION('',(0.,0.,-1.));
#35140=AXIS2_PLACEMENT_3D('',#35110,#35120,#35130);
#35150=CYLINDRICAL_SURFACE('',#35140,7.5);
#35160=ORIENTED_EDGE('',*,*,#23940,.F.);
#35170=ORIENTED_EDGE('',*,*,#24670,.T.);
#35180=ORIENTED_EDGE('',*,*,#11860,.T.);
#35190=ORIENTED_EDGE('',*,*,#24600,.F.);
#35200=EDGE_LOOP('',(#35190,#35180,#35170,#35160));
#35210=FACE_OUTER_BOUND('',#35200,.T.);
#35220=ADVANCED_FACE('586452-1791271391-1ce192b2241d-0 20470166',(#35210
),#35150,.T.);
#35230=CARTESIAN_POINT('',(91.75,29.25,13.));
#35240=DIRECTION('',(0.,0.,1.));
#35250=DIRECTION('',(1.,0.,-0.));
#35260=AXIS2_PLACEMENT_3D('',#35230,#35240,#35250);
#35270=CONICAL_SURFACE('',#35260,3.5,0.785398163397448);
#35280=ORIENTED_EDGE('',*,*,#34440,.F.);
#35290=ORIENTED_EDGE('',*,*,#32280,.F.);
#35300=ORIENTED_EDGE('',*,*,#20700,.T.);
#35310=ORIENTED_EDGE('',*,*,#32350,.T.);
#35320=EDGE_LOOP('',(#35310,#35300,#35290,#35280));
#35330=FACE_OUTER_BOUND('',#35320,.T.);
#35340=ADVANCED_FACE('586452-1791271391-1ce192b2241d-0 20841172',(#35330
),#35270,.F.);
#35350=CARTESIAN_POINT('',(62.25,6.5,25.5));
#35360=DIRECTION('',(0.,-1.,0.));
#35370=DIRECTION('',(-1.,0.,0.));
#35380=AXIS2_PLACEMENT_3D('',#35350,#35360,#35370);
#35390=CYLINDRICAL_SURFACE('',#35380,10.);
#35400=ORIENTED_EDGE('',*,*,#15710,.T.);
#35410=ORIENTED_EDGE('',*,*,#13250,.F.);
#35420=ORIENTED_EDGE('',*,*,#15780,.F.);
#35430=ORIENTED_EDGE('',*,*,#7190,.F.);
#35440=EDGE_LOOP('',(#35430,#35420,#35410,#35400));
#35450=FACE_OUTER_BOUND('',#35440,.T.);
#35460=ADVANCED_FACE('586452-1791271391-1ce192b2241d-0 20174239',(#35450
),#35390,.F.);
#35470=CARTESIAN_POINT('',(62.25,2.,25.5));
#35480=DIRECTION('',(0.,-1.,0.));
#35490=DIRECTION('',(0.,0.,-1.));
#35500=AXIS2_PLACEMENT_3D('',#35470,#35480,#35490);
#35510=CYLINDRICAL_SURFACE('',#35500,8.75);
#35520=ORIENTED_EDGE('',*,*,#27610,.F.);
#35530=ORIENTED_EDGE('',*,*,#28050,.F.);
#35540=ORIENTED_EDGE('',*,*,#27940,.F.);
#35550=ORIENTED_EDGE('',*,*,#27470,.T.);
#35560=ORIENTED_EDGE('',*,*,#26920,.T.);
#35570=ORIENTED_EDGE('',*,*,#27380,.F.);
#35580=EDGE_LOOP('',(#35570,#35560,#35550,#35540,#35530,#35520));
#35590=FACE_OUTER_BOUND('',#35580,.T.);
#35600=ADVANCED_FACE('586452-1791271391-1ce192b2241d-0 20588162',(#35590
),#35510,.T.);
#35610=CARTESIAN_POINT('',(62.25,-8.,25.5));
#35620=DIRECTION('',(0.,-1.,0.));
#35630=DIRECTION('',(-1.,0.,0.));
#35640=AXIS2_PLACEMENT_3D('',#35610,#35620,#35630);
#35650=DEGENERATE_TOROIDAL_SURFACE('',#35640,3.5,4.,.T.);
#35660=ORIENTED_EDGE('',*,*,#34670,.T.);
#35670=ORIENTED_EDGE('',*,*,#30010,.T.);
#35680=ORIENTED_EDGE('',*,*,#34310,.F.);
#35690=ORIENTED_EDGE('',*,*,#30170,.F.);
#35700=EDGE_LOOP('',(#35690,#35680,#35670,#35660));
#35710=FACE_OUTER_BOUND('',#35700,.T.);
#35720=ADVANCED_FACE('586452-1791271391-1ce192b2241d-0 20653428',(#35710
),#35650,.T.);
#35730=CARTESIAN_POINT('',(9.75,52.75,13.));
#35740=DIRECTION('',(0.,0.,1.));
#35750=DIRECTION('',(1.,0.,-0.));
#35760=AXIS2_PLACEMENT_3D('',#35730,#35740,#35750);
#35770=CONICAL_SURFACE('',#35760,3.5,0.785398163397448);
#35780=CARTESIAN_POINT('',(6.25,52.75,13.));
#35790=DIRECTION('',(-0.707106781186548,0.,0.707106781186548));
#35800=VECTOR('',#35790,4.94974746830583);
#35810=LINE('',#35780,#35800);
#35820=CARTESIAN_POINT('',(7.75,52.75,11.5));
#35830=VERTEX_POINT('',#35820);
#35840=CARTESIAN_POINT('',(6.25,52.75,13.));
#35850=VERTEX_POINT('',#35840);
#35860=EDGE_CURVE('',#35830,#35850,#35810,.T.);
#35870=ORIENTED_EDGE('',*,*,#35860,.T.);
#35880=CARTESIAN_POINT('',(9.75,52.75,11.5));
#35890=DIRECTION('',(0.,0.,1.));
#35900=DIRECTION('',(1.,0.,-0.));
#35910=AXIS2_PLACEMENT_3D('',#35880,#35890,#35900);
#35920=CIRCLE('',#35910,2.);
#35930=CARTESIAN_POINT('',(11.75,52.75,11.5));
#35940=VERTEX_POINT('586452-1791271391-1ce192b2241d-0 20846507',#35930);
#35950=EDGE_CURVE('586452-1791271391-1ce192b2241d-0 20836570',#35830,
#35940,#35920,.T.);
#35960=ORIENTED_EDGE('',*,*,#35950,.F.);
#35970=CARTESIAN_POINT('',(13.25,52.75,13.));
#35980=DIRECTION('',(0.707106781186548,0.,0.707106781186548));
#35990=VECTOR('',#35980,4.94974746830583);
#36000=LINE('',#35970,#35990);
#36010=CARTESIAN_POINT('',(13.25,52.75,13.));
#36020=VERTEX_POINT('586452-1791271391-1ce192b2241d-0 20836571',#36010);
#36030=EDGE_CURVE('',#35940,#36020,#36000,.T.);
#36040=ORIENTED_EDGE('',*,*,#36030,.F.);
#36050=CARTESIAN_POINT('',(9.75,52.75,13.));
#36060=DIRECTION('',(0.,0.,1.));
#36070=DIRECTION('',(1.,0.,-0.));
#36080=AXIS2_PLACEMENT_3D('',#36050,#36060,#36070);
#36090=CIRCLE('',#36080,3.5);
#36100=EDGE_CURVE('586452-1791271391-1ce192b2241d-0 20846438',#35850,
#36020,#36090,.T.);
#36110=ORIENTED_EDGE('',*,*,#36100,.T.);
#36120=EDGE_LOOP('',(#36110,#36040,#35960,#35870));
#36130=FACE_OUTER_BOUND('',#36120,.T.);
#36140=ADVANCED_FACE('586452-1791271391-1ce192b2241d-0 20846443',(#36130
),#35770,.F.);
#36150=CARTESIAN_POINT('',(50.75,40.75,13.));
#36160=DIRECTION('',(0.,0.,1.));
#36170=DIRECTION('',(1.,0.,0.));
#36180=AXIS2_PLACEMENT_3D('',#36150,#36160,#36170);
#36190=PLANE('',#36180);
#36200=CARTESIAN_POINT('',(9.25,29.25,13.));
#36210=DIRECTION('',(0.,0.,1.));
#36220=DIRECTION('',(1.,0.,-0.));
#36230=AXIS2_PLACEMENT_3D('',#36200,#36210,#36220);
#36240=CIRCLE('',#36230,3.5);
#36250=CARTESIAN_POINT('',(12.75,29.25,13.));
#36260=VERTEX_POINT('586452-1791271391-1ce192b2241d-0 20836532',#36250);
#36270=CARTESIAN_POINT('',(5.75,29.25,13.));
#36280=VERTEX_POINT('',#36270);
#36290=EDGE_CURVE('586452-1791271391-1ce192b2241d-0 20842961',#36260,
#36280,#36240,.T.);
#36300=ORIENTED_EDGE('',*,*,#36290,.F.);
#36310=EDGE_CURVE('586452-1791271391-1ce192b2241d-0 20842961',#36280,
#36260,#36240,.T.);
#36320=ORIENTED_EDGE('',*,*,#36310,.F.);
#36330=EDGE_LOOP('',(#36320,#36300));
#36340=FACE_BOUND('',#36330,.T.);
#36350=EDGE_CURVE('586452-1791271391-1ce192b2241d-0 20846438',#36020,
#35850,#36090,.T.);
#36360=ORIENTED_EDGE('',*,*,#36350,.F.);
#36370=ORIENTED_EDGE('',*,*,#36100,.F.);
#36380=EDGE_LOOP('',(#36370,#36360));
#36390=FACE_BOUND('',#36380,.T.);
#36400=CARTESIAN_POINT('',(2.99999999999999,22.5,13.));
#36410=DIRECTION('',(0.,1.,0.));
#36420=VECTOR('',#36410,1.);
#36430=LINE('',#36400,#36420);
#36440=CARTESIAN_POINT('',(2.99999999999999,27.5,13.));
#36450=VERTEX_POINT('586452-1791271391-1ce192b2241d-0 18807219',#36440);
#36460=CARTESIAN_POINT('',(2.99999999999999,54.,13.));
#36470=VERTEX_POINT('586452-1791271391-1ce192b2241d-0 18807269',#36460);
#36480=EDGE_CURVE('586452-1791271391-1ce192b2241d-0 18807273',#36450,
#36470,#36430,.T.);
#36490=ORIENTED_EDGE('',*,*,#36480,.F.);
#36500=CARTESIAN_POINT('',(7.99999999999999,54.,13.));
#36510=DIRECTION('',(0.,0.,1.));
#36520=DIRECTION('',(1.,0.,0.));
#36530=AXIS2_PLACEMENT_3D('',#36500,#36510,#36520);
#36540=CIRCLE('',#36530,5.);
#36550=CARTESIAN_POINT('',(7.99999999999999,59.,13.));
#36560=VERTEX_POINT('586452-1791271391-1ce192b2241d-0 18807263',#36550);
#36570=EDGE_CURVE('586452-1791271391-1ce192b2241d-0 18807267',#36560,
#36470,#36540,.T.);
#36580=ORIENTED_EDGE('',*,*,#36570,.T.);
#36590=CARTESIAN_POINT('',(2.99999999999999,59.,13.));
#36600=DIRECTION('',(1.,0.,0.));
#36610=VECTOR('',#36600,1.);
#36620=LINE('',#36590,#36610);
#36630=CARTESIAN_POINT('',(13.,59.,13.));
#36640=VERTEX_POINT('586452-1791271391-1ce192b2241d-0 18807257',#36630);
#36650=EDGE_CURVE('586452-1791271391-1ce192b2241d-0 18807261',#36560,
#36640,#36620,.T.);
#36660=ORIENTED_EDGE('',*,*,#36650,.F.);
#36670=CARTESIAN_POINT('',(13.,61.,13.));
#36680=DIRECTION('',(0.,0.,1.));
#36690=DIRECTION('',(1.,0.,0.));
#36700=AXIS2_PLACEMENT_3D('',#36670,#36680,#36690);
#36710=CIRCLE('',#36700,2.);
#36720=EDGE_CURVE('586452-1791271391-1ce192b2241d-0 18807255',#36640,
#20280,#36710,.T.);
#36730=ORIENTED_EDGE('',*,*,#36720,.F.);
#36740=ORIENTED_EDGE('',*,*,#20290,.T.);
#36750=ORIENTED_EDGE('',*,*,#8850,.F.);
#36760=ORIENTED_EDGE('',*,*,#30750,.F.);
#36770=CARTESIAN_POINT('',(13.,20.5,13.));
#36780=DIRECTION('',(0.,0.,1.));
#36790=DIRECTION('',(1.,0.,0.));
#36800=AXIS2_PLACEMENT_3D('',#36770,#36780,#36790);
#36810=CIRCLE('',#36800,2.00000000000001);
#36820=CARTESIAN_POINT('',(13.,22.5,13.));
#36830=VERTEX_POINT('586452-1791271391-1ce192b2241d-0 18807227',#36820);
#36840=EDGE_CURVE('586452-1791271391-1ce192b2241d-0 18807231',#30720,
#36830,#36810,.T.);
#36850=ORIENTED_EDGE('',*,*,#36840,.F.);
#36860=CARTESIAN_POINT('',(15.,22.5,13.));
#36870=DIRECTION('',(-1.,0.,0.));
#36880=VECTOR('',#36870,1.);
#36890=LINE('',#36860,#36880);
#36900=CARTESIAN_POINT('',(7.99999999999999,22.5,13.));
#36910=VERTEX_POINT('586452-1791271391-1ce192b2241d-0 18807221',#36900);
#36920=EDGE_CURVE('586452-1791271391-1ce192b2241d-0 18807225',#36830,
#36910,#36890,.T.);
#36930=ORIENTED_EDGE('',*,*,#36920,.F.);
#36940=CARTESIAN_POINT('',(7.99999999999999,27.5,13.));
#36950=DIRECTION('',(0.,0.,1.));
#36960=DIRECTION('',(1.,0.,0.));
#36970=AXIS2_PLACEMENT_3D('',#36940,#36950,#36960);
#36980=CIRCLE('',#36970,5.);
#36990=EDGE_CURVE('586452-1791271391-1ce192b2241d-0 18807217',#36450,
#36910,#36980,.T.);
#37000=ORIENTED_EDGE('',*,*,#36990,.T.);
#37010=EDGE_LOOP('',(#37000,#36930,#36850,#36760,#36750,#36740,#36730,
#36660,#36580,#36490));
#37020=FACE_OUTER_BOUND('',#37010,.T.);
#37030=ADVANCED_FACE('586452-1791271391-1ce192b2241d-0 18806967',(#36340
,#36390,#37020),#36190,.T.);
#37040=ORIENTED_EDGE('',*,*,#8060,.F.);
#37050=ORIENTED_EDGE('',*,*,#20820,.T.);
#37060=ORIENTED_EDGE('',*,*,#22330,.T.);
#37070=EDGE_LOOP('',(#37060,#37050,#37040));
#37080=FACE_OUTER_BOUND('',#37070,.T.);
#37090=ADVANCED_FACE('586452-1791271391-1ce192b2241d-0 20741848',(#37080
),#30660,.T.);
#37100=CARTESIAN_POINT('',(13.,20.5,6.5));
#37110=DIRECTION('',(0.,0.,1.));
#37120=DIRECTION('',(1.,0.,0.));
#37130=AXIS2_PLACEMENT_3D('',#37100,#37110,#37120);
#37140=CYLINDRICAL_SURFACE('',#37130,2.00000000000001);
#37150=CARTESIAN_POINT('',(13.,22.5,6.5));
#37160=DIRECTION('',(0.,0.,1.));
#37170=VECTOR('',#37160,1.);
#37180=LINE('',#37150,#37170);
#37190=EDGE_CURVE('586452-1791271391-1ce192b2241d-0 18807326',#2910,
#36830,#37180,.T.);
#37200=ORIENTED_EDGE('',*,*,#37190,.F.);
#37210=ORIENTED_EDGE('',*,*,#36840,.T.);
#37220=ORIENTED_EDGE('',*,*,#30730,.T.);
#37230=ORIENTED_EDGE('',*,*,#3010,.F.);
#37240=EDGE_LOOP('',(#37230,#37220,#37210,#37200));
#37250=FACE_OUTER_BOUND('',#37240,.T.);
#37260=ADVANCED_FACE('586452-1791271391-1ce192b2241d-0 18807333',(#37250
),#37140,.F.);
#37270=CARTESIAN_POINT('',(13.,22.5,6.5));
#37280=DIRECTION('',(0.,-1.,0.));
#37290=DIRECTION('',(-1.,-0.,0.));
#37300=AXIS2_PLACEMENT_3D('',#37270,#37280,#37290);
#37310=PLANE('',#37300);
#37320=CARTESIAN_POINT('',(7.99999999999999,22.5,6.5));
#37330=DIRECTION('',(0.,0.,1.));
#37340=VECTOR('',#37330,1.);
#37350=LINE('',#37320,#37340);
#37360=EDGE_CURVE('586452-1791271391-1ce192b2241d-0 18807321',#2830,
#36910,#37350,.T.);
#37370=ORIENTED_EDGE('',*,*,#37360,.F.);
#37380=ORIENTED_EDGE('',*,*,#36920,.T.);
#37390=ORIENTED_EDGE('',*,*,#37190,.T.);
#37400=ORIENTED_EDGE('',*,*,#2920,.F.);
#37410=EDGE_LOOP('',(#37400,#37390,#37380,#37370));
#37420=FACE_OUTER_BOUND('',#37410,.T.);
#37430=ADVANCED_FACE('586452-1791271391-1ce192b2241d-0 18807328',(#37420
),#37310,.T.);
#37440=CARTESIAN_POINT('',(7.99999999999999,27.5,6.5));
#37450=DIRECTION('',(0.,0.,1.));
#37460=DIRECTION('',(1.,0.,0.));
#37470=AXIS2_PLACEMENT_3D('',#37440,#37450,#37460);
#37480=CYLINDRICAL_SURFACE('',#37470,5.);
#37490=CARTESIAN_POINT('',(2.99999999999999,27.5,6.5));
#37500=DIRECTION('',(0.,0.,1.));
#37510=VECTOR('',#37500,1.);
#37520=LINE('',#37490,#37510);
#37530=EDGE_CURVE('586452-1791271391-1ce192b2241d-0 18807319',#2740,
#36450,#37520,.T.);
#37540=ORIENTED_EDGE('',*,*,#37530,.F.);
#37550=ORIENTED_EDGE('',*,*,#36990,.F.);
#37560=ORIENTED_EDGE('',*,*,#37360,.T.);
#37570=ORIENTED_EDGE('',*,*,#2840,.T.);
#37580=EDGE_LOOP('',(#37570,#37560,#37550,#37540));
#37590=FACE_OUTER_BOUND('',#37580,.T.);
#37600=ADVANCED_FACE('586452-1791271391-1ce192b2241d-0 18807323',(#37590
),#37480,.T.);
#37610=CARTESIAN_POINT('',(2.99999999999999,27.5,6.5));
#37620=DIRECTION('',(-1.,0.,0.));
#37630=DIRECTION('',(0.,1.,0.));
#37640=AXIS2_PLACEMENT_3D('',#37610,#37620,#37630);
#37650=PLANE('',#37640);
#37660=CARTESIAN_POINT('',(2.99999999999999,54.,6.5));
#37670=DIRECTION('',(0.,0.,1.));
#37680=VECTOR('',#37670,1.);
#37690=LINE('',#37660,#37680);
#37700=EDGE_CURVE('586452-1791271391-1ce192b2241d-0 18807361',#2660,
#36470,#37690,.T.);
#37710=ORIENTED_EDGE('',*,*,#37700,.F.);
#37720=ORIENTED_EDGE('',*,*,#36480,.T.);
#37730=ORIENTED_EDGE('',*,*,#37530,.T.);
#37740=ORIENTED_EDGE('',*,*,#2750,.F.);
#37750=EDGE_LOOP('',(#37740,#37730,#37720,#37710));
#37760=FACE_OUTER_BOUND('',#37750,.T.);
#37770=ADVANCED_FACE('586452-1791271391-1ce192b2241d-0 18807367',(#37760
),#37650,.T.);
#37780=CARTESIAN_POINT('',(13.,61.,6.5));
#37790=DIRECTION('',(0.,0.,1.));
#37800=DIRECTION('',(1.,0.,0.));
#37810=AXIS2_PLACEMENT_3D('',#37780,#37790,#37800);
#37820=CYLINDRICAL_SURFACE('',#37810,2.);
#37830=ORIENTED_EDGE('',*,*,#20350,.F.);
#37840=ORIENTED_EDGE('',*,*,#36720,.T.);
#37850=CARTESIAN_POINT('',(13.,59.,6.5));
#37860=DIRECTION('',(0.,0.,1.));
#37870=VECTOR('',#37860,1.);
#37880=LINE('',#37850,#37870);
#37890=EDGE_CURVE('586452-1791271391-1ce192b2241d-0 18807351',#2490,
#36640,#37880,.T.);
#37900=ORIENTED_EDGE('',*,*,#37890,.T.);
#37910=ORIENTED_EDGE('',*,*,#2500,.F.);
#37920=EDGE_LOOP('',(#37910,#37900,#37840,#37830));
#37930=FACE_OUTER_BOUND('',#37920,.T.);
#37940=ADVANCED_FACE('586452-1791271391-1ce192b2241d-0 18807353',(#37930
),#37820,.F.);
#37950=CARTESIAN_POINT('',(7.99999999999999,59.,6.5));
#37960=DIRECTION('',(0.,1.,0.));
#37970=DIRECTION('',(1.,-0.,0.));
#37980=AXIS2_PLACEMENT_3D('',#37950,#37960,#37970);
#37990=PLANE('',#37980);
#38000=ORIENTED_EDGE('',*,*,#37890,.F.);
#38010=ORIENTED_EDGE('',*,*,#36650,.T.);
#38020=CARTESIAN_POINT('',(7.99999999999999,59.,6.5));
#38030=DIRECTION('',(0.,0.,1.));
#38040=VECTOR('',#38030,1.);
#38050=LINE('',#38020,#38040);
#38060=EDGE_CURVE('586452-1791271391-1ce192b2241d-0 18807356',#2570,
#36560,#38050,.T.);
#38070=ORIENTED_EDGE('',*,*,#38060,.T.);
#38080=ORIENTED_EDGE('',*,*,#2580,.F.);
#38090=EDGE_LOOP('',(#38080,#38070,#38010,#38000));
#38100=FACE_OUTER_BOUND('',#38090,.T.);
#38110=ADVANCED_FACE('586452-1791271391-1ce192b2241d-0 18807358',(#38100
),#37990,.T.);
#38120=CARTESIAN_POINT('',(7.99999999999999,54.,6.5));
#38130=DIRECTION('',(0.,0.,1.));
#38140=DIRECTION('',(1.,0.,0.));
#38150=AXIS2_PLACEMENT_3D('',#38120,#38130,#38140);
#38160=CYLINDRICAL_SURFACE('',#38150,5.);
#38170=ORIENTED_EDGE('',*,*,#38060,.F.);
#38180=ORIENTED_EDGE('',*,*,#36570,.F.);
#38190=ORIENTED_EDGE('',*,*,#37700,.T.);
#38200=ORIENTED_EDGE('',*,*,#2670,.T.);
#38210=EDGE_LOOP('',(#38200,#38190,#38180,#38170));
#38220=FACE_OUTER_BOUND('',#38210,.T.);
#38230=ADVANCED_FACE('586452-1791271391-1ce192b2241d-0 18807363',(#38220
),#38160,.T.);
#38240=CARTESIAN_POINT('',(9.75,52.75,6.5));
#38250=DIRECTION('',(0.,0.,1.));
#38260=DIRECTION('',(1.,0.,0.));
#38270=AXIS2_PLACEMENT_3D('',#38240,#38250,#38260);
#38280=CYLINDRICAL_SURFACE('',#38270,3.75);
#38290=CARTESIAN_POINT('',(6.,52.75,6.5));
#38300=DIRECTION('',(0.,0.,1.));
#38310=VECTOR('',#38300,1.);
#38320=LINE('',#38290,#38310);
#38330=CARTESIAN_POINT('',(6.,52.75,10.5));
#38340=VERTEX_POINT('',#38330);
#38350=EDGE_CURVE('',#1040,#38340,#38320,.T.);
#38360=ORIENTED_EDGE('',*,*,#38350,.T.);
#38370=ORIENTED_EDGE('',*,*,#1070,.F.);
#38380=CARTESIAN_POINT('',(13.5,52.75,6.5));
#38390=DIRECTION('',(0.,0.,1.));
#38400=VECTOR('',#38390,1.);
#38410=LINE('',#38380,#38400);
#38420=CARTESIAN_POINT('',(13.5,52.75,10.5));
#38430=VERTEX_POINT('586452-1791271391-1ce192b2241d-0 20837707',#38420);
#38440=EDGE_CURVE('',#1020,#38430,#38410,.T.);
#38450=ORIENTED_EDGE('',*,*,#38440,.F.);
#38460=CARTESIAN_POINT('',(9.75,52.75,10.5));
#38470=DIRECTION('',(0.,0.,1.));
#38480=DIRECTION('',(1.,0.,0.));
#38490=AXIS2_PLACEMENT_3D('',#38460,#38470,#38480);
#38500=CIRCLE('',#38490,3.75);
#38510=EDGE_CURVE('586452-1791271391-1ce192b2241d-0 20837708',#38340,
#38430,#38500,.T.);
#38520=ORIENTED_EDGE('',*,*,#38510,.T.);
#38530=EDGE_LOOP('',(#38520,#38450,#38370,#38360));
#38540=FACE_OUTER_BOUND('',#38530,.T.);
#38550=ADVANCED_FACE('586452-1791271391-1ce192b2241d-0 18807489',(#38540
),#38280,.F.);
#38560=CARTESIAN_POINT('',(9.25,29.25,6.5));
#38570=DIRECTION('',(0.,0.,1.));
#38580=DIRECTION('',(1.,0.,0.));
#38590=AXIS2_PLACEMENT_3D('',#38560,#38570,#38580);
#38600=CYLINDRICAL_SURFACE('',#38590,3.75);
#38610=CARTESIAN_POINT('',(5.5,29.25,6.5));
#38620=DIRECTION('',(0.,0.,1.));
#38630=VECTOR('',#38620,1.);
#38640=LINE('',#38610,#38630);
#38650=CARTESIAN_POINT('',(5.5,29.25,10.5));
#38660=VERTEX_POINT('',#38650);
#38670=EDGE_CURVE('',#1190,#38660,#38640,.T.);
#38680=ORIENTED_EDGE('',*,*,#38670,.T.);
#38690=ORIENTED_EDGE('',*,*,#1220,.F.);
#38700=CARTESIAN_POINT('',(13.,29.25,6.5));
#38710=DIRECTION('',(0.,0.,1.));
#38720=VECTOR('',#38710,1.);
#38730=LINE('',#38700,#38720);
#38740=CARTESIAN_POINT('',(13.,29.25,10.5));
#38750=VERTEX_POINT('586452-1791271391-1ce192b2241d-0 20837270',#38740);
#38760=EDGE_CURVE('',#1170,#38750,#38730,.T.);
#38770=ORIENTED_EDGE('',*,*,#38760,.F.);
#38780=CARTESIAN_POINT('',(9.25,29.25,10.5));
#38790=DIRECTION('',(0.,0.,1.));
#38800=DIRECTION('',(1.,0.,0.));
#38810=AXIS2_PLACEMENT_3D('',#38780,#38790,#38800);
#38820=CIRCLE('',#38810,3.75);
#38830=EDGE_CURVE('586452-1791271391-1ce192b2241d-0 20837271',#38660,
#38750,#38820,.T.);
#38840=ORIENTED_EDGE('',*,*,#38830,.T.);
#38850=EDGE_LOOP('',(#38840,#38770,#38690,#38680));
#38860=FACE_OUTER_BOUND('',#38850,.T.);
#38870=ADVANCED_FACE('586452-1791271391-1ce192b2241d-0 18807473',(#38860
),#38600,.F.);
#38880=CARTESIAN_POINT('',(9.75,52.75,13.));
#38890=DIRECTION('',(0.,0.,1.));
#38900=DIRECTION('',(1.,0.,0.));
#38910=AXIS2_PLACEMENT_3D('',#38880,#38890,#38900);
#38920=CYLINDRICAL_SURFACE('',#38910,2.);
#38930=CARTESIAN_POINT('',(7.75,52.75,13.));
#38940=DIRECTION('',(0.,0.,1.));
#38950=VECTOR('',#38940,1.);
#38960=LINE('',#38930,#38950);
#38970=CARTESIAN_POINT('',(7.75,52.75,10.5));
#38980=VERTEX_POINT('',#38970);
#38990=EDGE_CURVE('',#38980,#35830,#38960,.T.);
#39000=ORIENTED_EDGE('',*,*,#38990,.T.);
#39010=CARTESIAN_POINT('',(9.75,52.75,10.5));
#39020=DIRECTION('',(0.,0.,1.));
#39030=DIRECTION('',(1.,0.,0.));
#39040=AXIS2_PLACEMENT_3D('',#39010,#39020,#39030);
#39050=CIRCLE('',#39040,2.);
#39060=CARTESIAN_POINT('',(11.75,52.75,10.5));
#39070=VERTEX_POINT('586452-1791271391-1ce192b2241d-0 20836750',#39060);
#39080=EDGE_CURVE('586452-1791271391-1ce192b2241d-0 20836748',#38980,
#39070,#39050,.T.);
#39090=ORIENTED_EDGE('',*,*,#39080,.F.);
#39100=CARTESIAN_POINT('',(11.75,52.75,13.));
#39110=DIRECTION('',(0.,0.,1.));
#39120=VECTOR('',#39110,1.);
#39130=LINE('',#39100,#39120);
#39140=EDGE_CURVE('',#39070,#35940,#39130,.T.);
#39150=ORIENTED_EDGE('',*,*,#39140,.F.);
#39160=ORIENTED_EDGE('',*,*,#35950,.T.);
#39170=EDGE_LOOP('',(#39160,#39150,#39090,#39000));
#39180=FACE_OUTER_BOUND('',#39170,.T.);
#39190=ADVANCED_FACE('586452-1791271391-1ce192b2241d-0 20836779',(#39180
),#38920,.F.);
#39200=CARTESIAN_POINT('',(92.3338068181818,40.7499999999999,10.5));
#39210=DIRECTION('',(0.,0.,1.));
#39220=DIRECTION('',(1.,0.,0.));
#39230=AXIS2_PLACEMENT_3D('',#39200,#39210,#39220);
#39240=PLANE('',#39230);
#39250=EDGE_CURVE('586452-1791271391-1ce192b2241d-0 20837271',#38750,
#38660,#38820,.T.);
#39260=ORIENTED_EDGE('',*,*,#39250,.F.);
#39270=ORIENTED_EDGE('',*,*,#38830,.F.);
#39280=EDGE_LOOP('',(#39270,#39260));
#39290=FACE_OUTER_BOUND('',#39280,.T.);
#39300=CARTESIAN_POINT('',(9.25,29.25,10.5));
#39310=DIRECTION('',(0.,0.,1.));
#39320=DIRECTION('',(1.,0.,0.));
#39330=AXIS2_PLACEMENT_3D('',#39300,#39310,#39320);
#39340=CIRCLE('',#39330,2.);
#39350=CARTESIAN_POINT('',(11.25,29.25,10.5));
#39360=VERTEX_POINT('586452-1791271391-1ce192b2241d-0 20836642',#39350);
#39370=CARTESIAN_POINT('',(7.25,29.25,10.5));
#39380=VERTEX_POINT('',#39370);
#39390=EDGE_CURVE('586452-1791271391-1ce192b2241d-0 20836640',#39360,
#39380,#39340,.T.);
#39400=ORIENTED_EDGE('',*,*,#39390,.T.);
#39410=EDGE_CURVE('586452-1791271391-1ce192b2241d-0 20836640',#39380,
#39360,#39340,.T.);
#39420=ORIENTED_EDGE('',*,*,#39410,.T.);
#39430=EDGE_LOOP('',(#39420,#39400));
#39440=FACE_BOUND('',#39430,.T.);
#39450=ADVANCED_FACE('586452-1791271391-1ce192b2241d-0 20836524',(#39290
,#39440),#39240,.F.);
#39460=CARTESIAN_POINT('',(9.25,29.25,13.));
#39470=DIRECTION('',(0.,0.,1.));
#39480=DIRECTION('',(1.,0.,0.));
#39490=AXIS2_PLACEMENT_3D('',#39460,#39470,#39480);
#39500=CYLINDRICAL_SURFACE('',#39490,2.);
#39510=CARTESIAN_POINT('',(7.25,29.25,13.));
#39520=DIRECTION('',(0.,0.,1.));
#39530=VECTOR('',#39520,1.);
#39540=LINE('',#39510,#39530);
#39550=CARTESIAN_POINT('',(7.25,29.25,11.5));
#39560=VERTEX_POINT('',#39550);
#39570=EDGE_CURVE('',#39380,#39560,#39540,.T.);
#39580=ORIENTED_EDGE('',*,*,#39570,.T.);
#39590=ORIENTED_EDGE('',*,*,#39410,.F.);
#39600=CARTESIAN_POINT('',(11.25,29.25,13.));
#39610=DIRECTION('',(0.,0.,1.));
#39620=VECTOR('',#39610,1.);
#39630=LINE('',#39600,#39620);
#39640=CARTESIAN_POINT('',(11.25,29.25,11.5));
#39650=VERTEX_POINT('586452-1791271391-1ce192b2241d-0 20843030',#39640);
#39660=EDGE_CURVE('',#39360,#39650,#39630,.T.);
#39670=ORIENTED_EDGE('',*,*,#39660,.F.);
#39680=CARTESIAN_POINT('',(9.25,29.25,11.5));
#39690=DIRECTION('',(0.,0.,1.));
#39700=DIRECTION('',(1.,0.,-0.));
#39710=AXIS2_PLACEMENT_3D('',#39680,#39690,#39700);
#39720=CIRCLE('',#39710,2.);
#39730=EDGE_CURVE('586452-1791271391-1ce192b2241d-0 20836531',#39560,
#39650,#39720,.T.);
#39740=ORIENTED_EDGE('',*,*,#39730,.T.);
#39750=EDGE_LOOP('',(#39740,#39670,#39590,#39580));
#39760=FACE_OUTER_BOUND('',#39750,.T.);
#39770=ADVANCED_FACE('586452-1791271391-1ce192b2241d-0 20836671',(#39760
),#39500,.F.);
#39780=CARTESIAN_POINT('',(92.3338068181818,40.7499999999999,10.5));
#39790=DIRECTION('',(0.,0.,1.));
#39800=DIRECTION('',(1.,0.,0.));
#39810=AXIS2_PLACEMENT_3D('',#39780,#39790,#39800);
#39820=PLANE('',#39810);
#39830=EDGE_CURVE('586452-1791271391-1ce192b2241d-0 20837708',#38430,
#38340,#38500,.T.);
#39840=ORIENTED_EDGE('',*,*,#39830,.F.);
#39850=ORIENTED_EDGE('',*,*,#38510,.F.);
#39860=EDGE_LOOP('',(#39850,#39840));
#39870=FACE_OUTER_BOUND('',#39860,.T.);
#39880=EDGE_CURVE('586452-1791271391-1ce192b2241d-0 20836748',#39070,
#38980,#39050,.T.);
#39890=ORIENTED_EDGE('',*,*,#39880,.T.);
#39900=ORIENTED_EDGE('',*,*,#39080,.T.);
#39910=EDGE_LOOP('',(#39900,#39890));
#39920=FACE_BOUND('',#39910,.T.);
#39930=ADVANCED_FACE('586452-1791271391-1ce192b2241d-0 20836563',(#39870
,#39920),#39820,.F.);
#39940=CARTESIAN_POINT('',(9.25,29.25,13.));
#39950=DIRECTION('',(0.,0.,1.));
#39960=DIRECTION('',(1.,0.,-0.));
#39970=AXIS2_PLACEMENT_3D('',#39940,#39950,#39960);
#39980=CONICAL_SURFACE('',#39970,3.5,0.785398163397448);
#39990=CARTESIAN_POINT('',(5.75,29.25,13.));
#40000=DIRECTION('',(-0.707106781186548,0.,0.707106781186548));
#40010=VECTOR('',#40000,4.94974746830583);
#40020=LINE('',#39990,#40010);
#40030=EDGE_CURVE('',#39560,#36280,#40020,.T.);
#40040=ORIENTED_EDGE('',*,*,#40030,.T.);
#40050=ORIENTED_EDGE('',*,*,#39730,.F.);
#40060=CARTESIAN_POINT('',(12.75,29.25,13.));
#40070=DIRECTION('',(0.707106781186548,0.,0.707106781186548));
#40080=VECTOR('',#40070,4.94974746830583);
#40090=LINE('',#40060,#40080);
#40100=EDGE_CURVE('',#39650,#36260,#40090,.T.);
#40110=ORIENTED_EDGE('',*,*,#40100,.F.);
#40120=ORIENTED_EDGE('',*,*,#36310,.T.);
#40130=EDGE_LOOP('',(#40120,#40110,#40050,#40040));
#40140=FACE_OUTER_BOUND('',#40130,.T.);
#40150=ADVANCED_FACE('586452-1791271391-1ce192b2241d-0 20842966',(#40140
),#39980,.F.);
#40160=CARTESIAN_POINT('',(9.25,29.25,13.));
#40170=DIRECTION('',(0.,0.,1.));
#40180=DIRECTION('',(1.,0.,0.));
#40190=AXIS2_PLACEMENT_3D('',#40160,#40170,#40180);
#40200=CYLINDRICAL_SURFACE('',#40190,2.);
#40210=ORIENTED_EDGE('',*,*,#39390,.F.);
#40220=ORIENTED_EDGE('',*,*,#39570,.F.);
#40230=EDGE_CURVE('586452-1791271391-1ce192b2241d-0 20836531',#39650,
#39560,#39720,.T.);
#40240=ORIENTED_EDGE('',*,*,#40230,.T.);
#40250=ORIENTED_EDGE('',*,*,#39660,.T.);
#40260=EDGE_LOOP('',(#40250,#40240,#40220,#40210));
#40270=FACE_OUTER_BOUND('',#40260,.T.);
#40280=ADVANCED_FACE('586452-1791271391-1ce192b2241d-0 20836671',(#40270
),#40200,.F.);
#40290=CARTESIAN_POINT('',(9.25,29.25,13.));
#40300=DIRECTION('',(0.,0.,1.));
#40310=DIRECTION('',(1.,0.,-0.));
#40320=AXIS2_PLACEMENT_3D('',#40290,#40300,#40310);
#40330=CONICAL_SURFACE('',#40320,3.5,0.785398163397448);
#40340=ORIENTED_EDGE('',*,*,#40230,.F.);
#40350=ORIENTED_EDGE('',*,*,#40030,.F.);
#40360=ORIENTED_EDGE('',*,*,#36290,.T.);
#40370=ORIENTED_EDGE('',*,*,#40100,.T.);
#40380=EDGE_LOOP('',(#40370,#40360,#40350,#40340));
#40390=FACE_OUTER_BOUND('',#40380,.T.);
#40400=ADVANCED_FACE('586452-1791271391-1ce192b2241d-0 20842966',(#40390
),#40330,.F.);
#40410=CARTESIAN_POINT('',(9.75,52.75,13.));
#40420=DIRECTION('',(0.,0.,1.));
#40430=DIRECTION('',(1.,0.,-0.));
#40440=AXIS2_PLACEMENT_3D('',#40410,#40420,#40430);
#40450=CONICAL_SURFACE('',#40440,3.5,0.785398163397448);
#40460=EDGE_CURVE('586452-1791271391-1ce192b2241d-0 20836570',#35940,
#35830,#35920,.T.);
#40470=ORIENTED_EDGE('',*,*,#40460,.F.);
#40480=ORIENTED_EDGE('',*,*,#35860,.F.);
#40490=ORIENTED_EDGE('',*,*,#36350,.T.);
#40500=ORIENTED_EDGE('',*,*,#36030,.T.);
#40510=EDGE_LOOP('',(#40500,#40490,#40480,#40470));
#40520=FACE_OUTER_BOUND('',#40510,.T.);
#40530=ADVANCED_FACE('586452-1791271391-1ce192b2241d-0 20846443',(#40520
),#40450,.F.);
#40540=CARTESIAN_POINT('',(9.75,52.75,6.5));
#40550=DIRECTION('',(0.,0.,1.));
#40560=DIRECTION('',(1.,0.,0.));
#40570=AXIS2_PLACEMENT_3D('',#40540,#40550,#40560);
#40580=CYLINDRICAL_SURFACE('',#40570,3.75);
#40590=ORIENTED_EDGE('',*,*,#1050,.F.);
#40600=ORIENTED_EDGE('',*,*,#38350,.F.);
#40610=ORIENTED_EDGE('',*,*,#39830,.T.);
#40620=ORIENTED_EDGE('',*,*,#38440,.T.);
#40630=EDGE_LOOP('',(#40620,#40610,#40600,#40590));
#40640=FACE_OUTER_BOUND('',#40630,.T.);
#40650=ADVANCED_FACE('586452-1791271391-1ce192b2241d-0 18807489',(#40640
),#40580,.F.);
#40660=CARTESIAN_POINT('',(9.25,29.25,6.5));
#40670=DIRECTION('',(0.,0.,1.));
#40680=DIRECTION('',(1.,0.,0.));
#40690=AXIS2_PLACEMENT_3D('',#40660,#40670,#40680);
#40700=CYLINDRICAL_SURFACE('',#40690,3.75);
#40710=ORIENTED_EDGE('',*,*,#1200,.F.);
#40720=ORIENTED_EDGE('',*,*,#38670,.F.);
#40730=ORIENTED_EDGE('',*,*,#39250,.T.);
#40740=ORIENTED_EDGE('',*,*,#38760,.T.);
#40750=EDGE_LOOP('',(#40740,#40730,#40720,#40710));
#40760=FACE_OUTER_BOUND('',#40750,.T.);
#40770=ADVANCED_FACE('586452-1791271391-1ce192b2241d-0 18807473',(#40760
),#40700,.F.);
#40780=CARTESIAN_POINT('',(9.75,52.75,13.));
#40790=DIRECTION('',(0.,0.,1.));
#40800=DIRECTION('',(1.,0.,0.));
#40810=AXIS2_PLACEMENT_3D('',#40780,#40790,#40800);
#40820=CYLINDRICAL_SURFACE('',#40810,2.);
#40830=ORIENTED_EDGE('',*,*,#39880,.F.);
#40840=ORIENTED_EDGE('',*,*,#38990,.F.);
#40850=ORIENTED_EDGE('',*,*,#40460,.T.);
#40860=ORIENTED_EDGE('',*,*,#39140,.T.);
#40870=EDGE_LOOP('',(#40860,#40850,#40840,#40830));
#40880=FACE_OUTER_BOUND('',#40870,.T.);
#40890=ADVANCED_FACE('586452-1791271391-1ce192b2241d-0 20836779',(#40880
),#40820,.F.);
#40900=CLOSED_SHELL('',(#36140,#37030,#37090,#37260,#37430,#37600,#37770
,#37940,#38110,#38230,#38550,#38870,#39190,#39450,#39770,#39930,#40150,
#40280,#40400,#40530,#40650,#40770,#40890,#7020,#7630,#8170,#8480,#9020,
#9460,#9830,#10200,#10500,#10630,#10760,#10890,#11020,#11340,#11660,
#11920,#12680,#13100,#13810,#14130,#14550,#15110,#15610,#15830,#16150,
#16810,#17100,#17410,#17630,#17880,#18000,#18220,#18390,#18560,#18950,
#19140,#19390,#19560,#19680,#19850,#20050,#20170,#20400,#21490,#21910,
#22230,#22450,#22620,#22790,#22960,#23130,#23300,#23470,#23790,#24500,
#24720,#25430,#25650,#25820,#25990,#26160,#26330,#26450,#26770,#27030,
#27280,#27580,#27710,#27810,#27910,#28040,#28150,#28460,#29080,#29250,
#29420,#29590,#29760,#29880,#30220,#30440,#30550,#30610,#30800,#31060,
#31320,#31640,#31960,#32180,#32400,#32960,#33180,#33350,#33520,#33690,
#33860,#33980,#34100,#34230,#34360,#34490,#34610,#34740,#34860,#34980,
#35100,#35220,#35340,#35460,#35600,#35720,#3280,#3690,#4190,#4690,#5100,
#5360,#5530,#5700,#5960));
#40910=MANIFOLD_SOLID_BREP('',#40900);
#40920=CARTESIAN_POINT('',(0.,0.,0.));
#40930=DIRECTION('',(0.,0.,1.));
#40940=DIRECTION('',(1.,0.,0.));
#40950=AXIS2_PLACEMENT_3D('',#40920,#40930,#40940);
#40960=APPLICATION_CONTEXT(' ');
#40970=APPLICATION_PROTOCOL_DEFINITION(' ','automotive_design',1998,
#40960);
#40980=PRODUCT_CONTEXT('',#40960,'mechanical');
#40990=PRODUCT_DEFINITION_CONTEXT('part definition',#40960,'design');
#41000=PRODUCT('SenseCap S-CO2-03','SenseCap S-CO2-03','',(#40980));
#41010=PRODUCT_RELATED_PRODUCT_CATEGORY('part',' ',(#41000));
#41020=PRODUCT_DEFINITION_FORMATION_WITH_SPECIFIED_SOURCE('','',#41000,
.BOUGHT.);
#41030=PRODUCT_DEFINITION('',' ',#41020,#40990);
#41040=PRODUCT_DEFINITION_SHAPE('','',#41030);
#41050=DIMENSIONAL_EXPONENTS(1.,0.,0.,0.,0.,0.,0.);
#41060=DIMENSIONAL_EXPONENTS(0.,0.,0.,0.,0.,0.,0.);
#41070=DIMENSIONAL_EXPONENTS(0.,0.,0.,0.,0.,0.,0.);
#41080=(LENGTH_UNIT() NAMED_UNIT(*) SI_UNIT(.MILLI.,.METRE.));
#41090=(NAMED_UNIT(*) PLANE_ANGLE_UNIT() SI_UNIT($,.RADIAN.));
#41100=(NAMED_UNIT(*) SI_UNIT($,.STERADIAN.) SOLID_ANGLE_UNIT());
#41110=(GEOMETRIC_REPRESENTATION_CONTEXT(3) 
GLOBAL_UNCERTAINTY_ASSIGNED_CONTEXT((#41120)) 
GLOBAL_UNIT_ASSIGNED_CONTEXT((#41080,#41090,#41100)) 
REPRESENTATION_CONTEXT('',''));
#41120=UNCERTAINTY_MEASURE_WITH_UNIT(LENGTH_MEASURE(1.E-6),#41080,
'distance_accuracy_value','maximum gap value');
#41130=ADVANCED_BREP_SHAPE_REPRESENTATION('',(#40950,#40910),#41110);
#41140=SHAPE_DEFINITION_REPRESENTATION(#41040,#41130);
#41150=COLOUR_RGB('',0.600000023841858,0.600000023841858,
0.600000023841858);
#41160=FILL_AREA_STYLE_COLOUR('',#41150);
#41170=FILL_AREA_STYLE('',(#41160));
#41180=SURFACE_STYLE_FILL_AREA(#41170);
#41190=SURFACE_SIDE_STYLE('',(#41180));
#41200=SURFACE_STYLE_USAGE(.BOTH.,#41190);
#41210=PRESENTATION_STYLE_ASSIGNMENT((#41200));
#41220=STYLED_ITEM('',(#41210),#40910);
#41230=OVER_RIDING_STYLED_ITEM('',(#15180),#15110,#41220);
#41240=OVER_RIDING_STYLED_ITEM('',(#16880),#16810,#41220);
#41250=OVER_RIDING_STYLED_ITEM('',(#19020),#18950,#41220);
#41260=DRAUGHTING_MODEL('',(#41220,#41230,#41240,#41250),#41110);
ENDSEC;
END-ISO-10303-21;
