ISO-10303-21;
HEADER;
FILE_DESCRIPTION(('FreeCAD Model'),'2;1');
FILE_NAME('Open CASCADE Shape Model','2025-05-04T04:16:49',('FreeCAD'),(
    'FreeCAD'),'Open CASCADE STEP processor 7.6','FreeCAD','Unknown');
FILE_SCHEMA(('AUTOMOTIVE_DESIGN { 1 0 10303 214 1 1 1 1 }'));
ENDSEC;
DATA;
#1 = APPLICATION_PROTOCOL_DEFINITION('international standard',
  'automotive_design',2000,#2);
#2 = APPLICATION_CONTEXT(
  'core data for automotive mechanical design processes');
#3 = SHAPE_DEFINITION_REPRESENTATION(#4,#10);
#4 = PRODUCT_DEFINITION_SHAPE('','',#5);
#5 = PRODUCT_DEFINITION('design','',#6,#9);
#6 = PRODUCT_DEFINITION_FORMATION('','',#7);
#7 = PRODUCT('Open CASCADE STEP translator 7.6 1',
  'Open CASCADE STEP translator 7.6 1','',(#8));
#8 = PRODUCT_CONTEXT('',#2,'mechanical');
#9 = PRODUCT_DEFINITION_CONTEXT('part definition',#2,'design');
#10 = SHAPE_REPRESENTATION('',(#11,#15,#801),#4689);
#11 = AXIS2_PLACEMENT_3D('',#12,#13,#14);
#12 = CARTESIAN_POINT('',(0.,0.,0.));
#13 = DIRECTION('',(0.,0.,1.));
#14 = DIRECTION('',(1.,0.,-0.));
#15 = MANIFOLD_SOLID_BREP('',#16);
#16 = CLOSED_SHELL('',(#17,#69,#121,#173,#225,#277,#329,#381,#433,#485,
    #537,#577,#605,#672,#703,#725,#741,#757));
#17 = ADVANCED_FACE('',(#18),#50,.F.);
#18 = FACE_BOUND('',#19,.F.);
#19 = EDGE_LOOP('',(#20,#29,#39,#40));
#20 = ORIENTED_EDGE('',*,*,#21,.T.);
#21 = EDGE_CURVE('',#22,#24,#26,.T.);
#22 = VERTEX_POINT('',#23);
#23 = CARTESIAN_POINT('',(67.311648563509,46.859736229424,35.96212332332
    ));
#24 = VERTEX_POINT('',#25);
#25 = CARTESIAN_POINT('',(67.311648563509,48.494378190916,35.96212332332
    ));
#26 = B_SPLINE_CURVE_WITH_KNOTS('',1,(#27,#28),.UNSPECIFIED.,.F.,.F.,(2,
    2),(44.5,46.),.PIECEWISE_BEZIER_KNOTS.);
#27 = CARTESIAN_POINT('',(67.311648563509,46.859736229424,35.96212332332
    ));
#28 = CARTESIAN_POINT('',(67.311648563509,48.494378190916,35.96212332332
    ));
#29 = ORIENTED_EDGE('',*,*,#30,.T.);
#30 = EDGE_CURVE('',#24,#24,#31,.T.);
#31 = ( BOUNDED_CURVE() B_SPLINE_CURVE(2,(#32,#33,#34,#35,#36,#37,#38),
.UNSPECIFIED.,.T.,.F.) B_SPLINE_CURVE_WITH_KNOTS((3,2,2,3),(
    3.14159265359,5.235987755983,7.330382858376,9.424777960769),
.PIECEWISE_BEZIER_KNOTS.) CURVE() GEOMETRIC_REPRESENTATION_ITEM() 
RATIONAL_B_SPLINE_CURVE((1.,0.5,1.,0.5,1.,0.5,1.)) REPRESENTATION_ITEM(
  '') );
#32 = CARTESIAN_POINT('',(67.311648563509,48.494378190916,35.96212332332
    ));
#33 = CARTESIAN_POINT('',(67.311648563509,48.494378190916,
    34.074601370329));
#34 = CARTESIAN_POINT('',(68.946290525001,48.494378190916,
    35.018362346824));
#35 = CARTESIAN_POINT('',(70.580932486492,48.494378190916,35.96212332332
    ));
#36 = CARTESIAN_POINT('',(68.946290525001,48.494378190916,
    36.905884299816));
#37 = CARTESIAN_POINT('',(67.311648563509,48.494378190916,
    37.849645276312));
#38 = CARTESIAN_POINT('',(67.311648563509,48.494378190916,35.96212332332
    ));
#39 = ORIENTED_EDGE('',*,*,#21,.F.);
#40 = ORIENTED_EDGE('',*,*,#41,.T.);
#41 = EDGE_CURVE('',#22,#22,#42,.T.);
#42 = ( BOUNDED_CURVE() B_SPLINE_CURVE(2,(#43,#44,#45,#46,#47,#48,#49),
.UNSPECIFIED.,.T.,.F.) B_SPLINE_CURVE_WITH_KNOTS((3,2,2,3),(
    3.14159265359,5.235987755983,7.330382858376,9.424777960769),
.PIECEWISE_BEZIER_KNOTS.) CURVE() GEOMETRIC_REPRESENTATION_ITEM() 
RATIONAL_B_SPLINE_CURVE((1.,0.5,1.,0.5,1.,0.5,1.)) REPRESENTATION_ITEM(
  '') );
#43 = CARTESIAN_POINT('',(67.311648563509,46.859736229424,35.96212332332
    ));
#44 = CARTESIAN_POINT('',(67.311648563509,46.859736229424,
    37.849645276312));
#45 = CARTESIAN_POINT('',(68.946290525001,46.859736229424,
    36.905884299816));
#46 = CARTESIAN_POINT('',(70.580932486492,46.859736229424,35.96212332332
    ));
#47 = CARTESIAN_POINT('',(68.946290525001,46.859736229424,
    35.018362346824));
#48 = CARTESIAN_POINT('',(67.311648563509,46.859736229424,
    34.074601370329));
#49 = CARTESIAN_POINT('',(67.311648563509,46.859736229424,35.96212332332
    ));
#50 = ( BOUNDED_SURFACE() B_SPLINE_SURFACE(2,1,(
    (#51,#52)
    ,(#53,#54)
    ,(#55,#56)
    ,(#57,#58)
    ,(#59,#60)
    ,(#61,#62)
    ,(#63,#64)
    ,(#65,#66)
,(#67,#68
    )),.UNSPECIFIED.,.T.,.F.,.F.) B_SPLINE_SURFACE_WITH_KNOTS((3,2,2,2,3
    ),(2,2),(3.14159265359,4.188790204786,6.28318530718,8.377580409573,
    9.424777960769),(44.5,46.),.UNSPECIFIED.) 
GEOMETRIC_REPRESENTATION_ITEM() RATIONAL_B_SPLINE_SURFACE((
    (0.75,0.75)
    ,(0.75,0.75)
    ,(1.,1.)
    ,(0.5,0.5)
    ,(1.,1.)
    ,(0.5,0.5)
    ,(1.,1.)
    ,(0.75,0.75)
,(0.75,0.75))) REPRESENTATION_ITEM('') SURFACE() );
#51 = CARTESIAN_POINT('',(67.311648563509,46.859736229424,35.96212332332
    ));
#52 = CARTESIAN_POINT('',(67.311648563509,48.494378190916,35.96212332332
    ));
#53 = CARTESIAN_POINT('',(67.311648563509,46.859736229424,
    36.591297307651));
#54 = CARTESIAN_POINT('',(67.311648563509,48.494378190916,
    36.591297307651));
#55 = CARTESIAN_POINT('',(67.85652921734,46.859736229424,36.905884299816
    ));
#56 = CARTESIAN_POINT('',(67.85652921734,48.494378190916,36.905884299816
    ));
#57 = CARTESIAN_POINT('',(69.491171178831,46.859736229424,
    37.849645276312));
#58 = CARTESIAN_POINT('',(69.491171178831,48.494378190916,
    37.849645276312));
#59 = CARTESIAN_POINT('',(69.491171178831,46.859736229424,35.96212332332
    ));
#60 = CARTESIAN_POINT('',(69.491171178831,48.494378190916,35.96212332332
    ));
#61 = CARTESIAN_POINT('',(69.491171178831,46.859736229424,
    34.074601370329));
#62 = CARTESIAN_POINT('',(69.491171178831,48.494378190916,
    34.074601370329));
#63 = CARTESIAN_POINT('',(67.85652921734,46.859736229424,35.018362346824
    ));
#64 = CARTESIAN_POINT('',(67.85652921734,48.494378190916,35.018362346824
    ));
#65 = CARTESIAN_POINT('',(67.311648563509,46.859736229424,35.33294933899
    ));
#66 = CARTESIAN_POINT('',(67.311648563509,48.494378190916,35.33294933899
    ));
#67 = CARTESIAN_POINT('',(67.311648563509,46.859736229424,35.96212332332
    ));
#68 = CARTESIAN_POINT('',(67.311648563509,48.494378190916,35.96212332332
    ));
#69 = ADVANCED_FACE('',(#70),#102,.F.);
#70 = FACE_BOUND('',#71,.F.);
#71 = EDGE_LOOP('',(#72,#81,#91,#92));
#72 = ORIENTED_EDGE('',*,*,#73,.T.);
#73 = EDGE_CURVE('',#74,#76,#78,.T.);
#74 = VERTEX_POINT('',#75);
#75 = CARTESIAN_POINT('',(40.533297102101,46.859736229424,
    23.974748939049));
#76 = VERTEX_POINT('',#77);
#77 = CARTESIAN_POINT('',(40.533297102101,48.494378190916,
    23.974748939049));
#78 = B_SPLINE_CURVE_WITH_KNOTS('',1,(#79,#80),.UNSPECIFIED.,.F.,.F.,(2,
    2),(44.5,46.),.PIECEWISE_BEZIER_KNOTS.);
#79 = CARTESIAN_POINT('',(40.533297102101,46.859736229424,
    23.974748939049));
#80 = CARTESIAN_POINT('',(40.533297102101,48.494378190916,
    23.974748939049));
#81 = ORIENTED_EDGE('',*,*,#82,.T.);
#82 = EDGE_CURVE('',#76,#76,#83,.T.);
#83 = ( BOUNDED_CURVE() B_SPLINE_CURVE(2,(#84,#85,#86,#87,#88,#89,#90),
.UNSPECIFIED.,.T.,.F.) B_SPLINE_CURVE_WITH_KNOTS((3,2,2,3),(
    3.14159265359,5.235987755983,7.330382858376,9.424777960769),
.PIECEWISE_BEZIER_KNOTS.) CURVE() GEOMETRIC_REPRESENTATION_ITEM() 
RATIONAL_B_SPLINE_CURVE((1.,0.5,1.,0.5,1.,0.5,1.)) REPRESENTATION_ITEM(
  '') );
#84 = CARTESIAN_POINT('',(40.533297102101,48.494378190916,
    23.974748939049));
#85 = CARTESIAN_POINT('',(40.533297102101,48.494378190916,
    22.087226986057));
#86 = CARTESIAN_POINT('',(42.167939063592,48.494378190916,
    23.030987962553));
#87 = CARTESIAN_POINT('',(43.802581025084,48.494378190916,
    23.974748939049));
#88 = CARTESIAN_POINT('',(42.167939063592,48.494378190916,
    24.918509915545));
#89 = CARTESIAN_POINT('',(40.533297102101,48.494378190916,
    25.862270892041));
#90 = CARTESIAN_POINT('',(40.533297102101,48.494378190916,
    23.974748939049));
#91 = ORIENTED_EDGE('',*,*,#73,.F.);
#92 = ORIENTED_EDGE('',*,*,#93,.T.);
#93 = EDGE_CURVE('',#74,#74,#94,.T.);
#94 = ( BOUNDED_CURVE() B_SPLINE_CURVE(2,(#95,#96,#97,#98,#99,#100,#101)
,.UNSPECIFIED.,.T.,.F.) B_SPLINE_CURVE_WITH_KNOTS((3,2,2,3),(
    3.14159265359,5.235987755983,7.330382858376,9.424777960769),
.PIECEWISE_BEZIER_KNOTS.) CURVE() GEOMETRIC_REPRESENTATION_ITEM() 
RATIONAL_B_SPLINE_CURVE((1.,0.5,1.,0.5,1.,0.5,1.)) REPRESENTATION_ITEM(
  '') );
#95 = CARTESIAN_POINT('',(40.533297102101,46.859736229424,
    23.974748939049));
#96 = CARTESIAN_POINT('',(40.533297102101,46.859736229424,
    25.862270892041));
#97 = CARTESIAN_POINT('',(42.167939063592,46.859736229424,
    24.918509915545));
#98 = CARTESIAN_POINT('',(43.802581025084,46.859736229424,
    23.974748939049));
#99 = CARTESIAN_POINT('',(42.167939063592,46.859736229424,
    23.030987962553));
#100 = CARTESIAN_POINT('',(40.533297102101,46.859736229424,
    22.087226986057));
#101 = CARTESIAN_POINT('',(40.533297102101,46.859736229424,
    23.974748939049));
#102 = ( BOUNDED_SURFACE() B_SPLINE_SURFACE(2,1,(
    (#103,#104)
    ,(#105,#106)
    ,(#107,#108)
    ,(#109,#110)
    ,(#111,#112)
    ,(#113,#114)
    ,(#115,#116)
    ,(#117,#118)
,(#119,#120
    )),.UNSPECIFIED.,.T.,.F.,.F.) B_SPLINE_SURFACE_WITH_KNOTS((3,2,2,2,3
    ),(2,2),(3.14159265359,4.188790204786,6.28318530718,8.377580409573,
    9.424777960769),(44.5,46.),.UNSPECIFIED.) 
GEOMETRIC_REPRESENTATION_ITEM() RATIONAL_B_SPLINE_SURFACE((
    (0.75,0.75)
    ,(0.75,0.75)
    ,(1.,1.)
    ,(0.5,0.5)
    ,(1.,1.)
    ,(0.5,0.5)
    ,(1.,1.)
    ,(0.75,0.75)
,(0.75,0.75))) REPRESENTATION_ITEM('') SURFACE() );
#103 = CARTESIAN_POINT('',(40.533297102101,46.859736229424,
    23.974748939049));
#104 = CARTESIAN_POINT('',(40.533297102101,48.494378190916,
    23.974748939049));
#105 = CARTESIAN_POINT('',(40.533297102101,46.859736229424,
    24.60392292338));
#106 = CARTESIAN_POINT('',(40.533297102101,48.494378190916,
    24.60392292338));
#107 = CARTESIAN_POINT('',(41.078177755931,46.859736229424,
    24.918509915545));
#108 = CARTESIAN_POINT('',(41.078177755931,48.494378190916,
    24.918509915545));
#109 = CARTESIAN_POINT('',(42.712819717423,46.859736229424,
    25.862270892041));
#110 = CARTESIAN_POINT('',(42.712819717423,48.494378190916,
    25.862270892041));
#111 = CARTESIAN_POINT('',(42.712819717423,46.859736229424,
    23.974748939049));
#112 = CARTESIAN_POINT('',(42.712819717423,48.494378190916,
    23.974748939049));
#113 = CARTESIAN_POINT('',(42.712819717423,46.859736229424,
    22.087226986057));
#114 = CARTESIAN_POINT('',(42.712819717423,48.494378190916,
    22.087226986057));
#115 = CARTESIAN_POINT('',(41.078177755931,46.859736229424,
    23.030987962553));
#116 = CARTESIAN_POINT('',(41.078177755931,48.494378190916,
    23.030987962553));
#117 = CARTESIAN_POINT('',(40.533297102101,46.859736229424,
    23.345574954718));
#118 = CARTESIAN_POINT('',(40.533297102101,48.494378190916,
    23.345574954718));
#119 = CARTESIAN_POINT('',(40.533297102101,46.859736229424,
    23.974748939049));
#120 = CARTESIAN_POINT('',(40.533297102101,48.494378190916,
    23.974748939049));
#121 = ADVANCED_FACE('',(#122),#154,.F.);
#122 = FACE_BOUND('',#123,.F.);
#123 = EDGE_LOOP('',(#124,#133,#143,#144));
#124 = ORIENTED_EDGE('',*,*,#125,.T.);
#125 = EDGE_CURVE('',#126,#128,#130,.T.);
#126 = VERTEX_POINT('',#127);
#127 = CARTESIAN_POINT('',(60.773080717493,46.859736229424,
    23.974748939049));
#128 = VERTEX_POINT('',#129);
#129 = CARTESIAN_POINT('',(60.773080717493,48.494378190916,
    23.974748939049));
#130 = B_SPLINE_CURVE_WITH_KNOTS('',1,(#131,#132),.UNSPECIFIED.,.F.,.F.,
  (2,2),(44.5,46.),.PIECEWISE_BEZIER_KNOTS.);
#131 = CARTESIAN_POINT('',(60.773080717493,46.859736229424,
    23.974748939049));
#132 = CARTESIAN_POINT('',(60.773080717493,48.494378190916,
    23.974748939049));
#133 = ORIENTED_EDGE('',*,*,#134,.T.);
#134 = EDGE_CURVE('',#128,#128,#135,.T.);
#135 = ( BOUNDED_CURVE() B_SPLINE_CURVE(2,(#136,#137,#138,#139,#140,#141
,#142),.UNSPECIFIED.,.T.,.F.) B_SPLINE_CURVE_WITH_KNOTS((3,2,2,3),(
    3.14159265359,5.235987755983,7.330382858376,9.424777960769),
.PIECEWISE_BEZIER_KNOTS.) CURVE() GEOMETRIC_REPRESENTATION_ITEM() 
RATIONAL_B_SPLINE_CURVE((1.,0.5,1.,0.5,1.,0.5,1.)) REPRESENTATION_ITEM(
  '') );
#136 = CARTESIAN_POINT('',(60.773080717493,48.494378190916,
    23.974748939049));
#137 = CARTESIAN_POINT('',(60.773080717493,48.494378190916,
    10.762095268021));
#138 = CARTESIAN_POINT('',(72.215574448009,48.494378190916,
    17.368422103535));
#139 = CARTESIAN_POINT('',(83.658068178525,48.494378190916,
    23.974748939049));
#140 = CARTESIAN_POINT('',(72.215574448009,48.494378190916,
    30.581075774563));
#141 = CARTESIAN_POINT('',(60.773080717493,48.494378190916,
    37.187402610077));
#142 = CARTESIAN_POINT('',(60.773080717493,48.494378190916,
    23.974748939049));
#143 = ORIENTED_EDGE('',*,*,#125,.F.);
#144 = ORIENTED_EDGE('',*,*,#145,.T.);
#145 = EDGE_CURVE('',#126,#126,#146,.T.);
#146 = ( BOUNDED_CURVE() B_SPLINE_CURVE(2,(#147,#148,#149,#150,#151,#152
,#153),.UNSPECIFIED.,.T.,.F.) B_SPLINE_CURVE_WITH_KNOTS((3,2,2,3),(
    3.14159265359,5.235987755983,7.330382858376,9.424777960769),
.PIECEWISE_BEZIER_KNOTS.) CURVE() GEOMETRIC_REPRESENTATION_ITEM() 
RATIONAL_B_SPLINE_CURVE((1.,0.5,1.,0.5,1.,0.5,1.)) REPRESENTATION_ITEM(
  '') );
#147 = CARTESIAN_POINT('',(60.773080717493,46.859736229424,
    23.974748939049));
#148 = CARTESIAN_POINT('',(60.773080717493,46.859736229424,
    37.187402610077));
#149 = CARTESIAN_POINT('',(72.215574448009,46.859736229424,
    30.581075774563));
#150 = CARTESIAN_POINT('',(83.658068178525,46.859736229424,
    23.974748939049));
#151 = CARTESIAN_POINT('',(72.215574448009,46.859736229424,
    17.368422103535));
#152 = CARTESIAN_POINT('',(60.773080717493,46.859736229424,
    10.762095268021));
#153 = CARTESIAN_POINT('',(60.773080717493,46.859736229424,
    23.974748939049));
#154 = ( BOUNDED_SURFACE() B_SPLINE_SURFACE(2,1,(
    (#155,#156)
    ,(#157,#158)
    ,(#159,#160)
    ,(#161,#162)
    ,(#163,#164)
    ,(#165,#166)
    ,(#167,#168)
    ,(#169,#170)
,(#171,#172
    )),.UNSPECIFIED.,.T.,.F.,.F.) B_SPLINE_SURFACE_WITH_KNOTS((3,2,2,2,3
    ),(2,2),(3.14159265359,4.188790204786,6.28318530718,8.377580409573,
    9.424777960769),(44.5,46.),.UNSPECIFIED.) 
GEOMETRIC_REPRESENTATION_ITEM() RATIONAL_B_SPLINE_SURFACE((
    (0.75,0.75)
    ,(0.75,0.75)
    ,(1.,1.)
    ,(0.5,0.5)
    ,(1.,1.)
    ,(0.5,0.5)
    ,(1.,1.)
    ,(0.75,0.75)
,(0.75,0.75))) REPRESENTATION_ITEM('') SURFACE() );
#155 = CARTESIAN_POINT('',(60.773080717493,46.859736229424,
    23.974748939049));
#156 = CARTESIAN_POINT('',(60.773080717493,48.494378190916,
    23.974748939049));
#157 = CARTESIAN_POINT('',(60.773080717493,46.859736229424,
    28.378966829392));
#158 = CARTESIAN_POINT('',(60.773080717493,48.494378190916,
    28.378966829392));
#159 = CARTESIAN_POINT('',(64.587245294331,46.859736229424,
    30.581075774563));
#160 = CARTESIAN_POINT('',(64.587245294331,48.494378190916,
    30.581075774563));
#161 = CARTESIAN_POINT('',(76.029739024848,46.859736229424,
    37.187402610077));
#162 = CARTESIAN_POINT('',(76.029739024848,48.494378190916,
    37.187402610077));
#163 = CARTESIAN_POINT('',(76.029739024848,46.859736229424,
    23.974748939049));
#164 = CARTESIAN_POINT('',(76.029739024848,48.494378190916,
    23.974748939049));
#165 = CARTESIAN_POINT('',(76.029739024848,46.859736229424,
    10.762095268021));
#166 = CARTESIAN_POINT('',(76.029739024848,48.494378190916,
    10.762095268021));
#167 = CARTESIAN_POINT('',(64.587245294331,46.859736229424,
    17.368422103535));
#168 = CARTESIAN_POINT('',(64.587245294331,48.494378190916,
    17.368422103535));
#169 = CARTESIAN_POINT('',(60.773080717493,46.859736229424,
    19.570531048706));
#170 = CARTESIAN_POINT('',(60.773080717493,48.494378190916,
    19.570531048706));
#171 = CARTESIAN_POINT('',(60.773080717493,46.859736229424,
    23.974748939049));
#172 = CARTESIAN_POINT('',(60.773080717493,48.494378190916,
    23.974748939049));
#173 = ADVANCED_FACE('',(#174),#206,.F.);
#174 = FACE_BOUND('',#175,.F.);
#175 = EDGE_LOOP('',(#176,#185,#195,#196));
#176 = ORIENTED_EDGE('',*,*,#177,.T.);
#177 = EDGE_CURVE('',#178,#180,#182,.T.);
#178 = VERTEX_POINT('',#179);
#179 = CARTESIAN_POINT('',(28.54592271783,46.859736229424,
    11.987374554778));
#180 = VERTEX_POINT('',#181);
#181 = CARTESIAN_POINT('',(28.54592271783,48.494378190916,
    11.987374554778));
#182 = B_SPLINE_CURVE_WITH_KNOTS('',1,(#183,#184),.UNSPECIFIED.,.F.,.F.,
  (2,2),(44.5,46.),.PIECEWISE_BEZIER_KNOTS.);
#183 = CARTESIAN_POINT('',(28.54592271783,46.859736229424,
    11.987374554778));
#184 = CARTESIAN_POINT('',(28.54592271783,48.494378190916,
    11.987374554778));
#185 = ORIENTED_EDGE('',*,*,#186,.T.);
#186 = EDGE_CURVE('',#180,#180,#187,.T.);
#187 = ( BOUNDED_CURVE() B_SPLINE_CURVE(2,(#188,#189,#190,#191,#192,#193
,#194),.UNSPECIFIED.,.T.,.F.) B_SPLINE_CURVE_WITH_KNOTS((3,2,2,3),(
    3.14159265359,5.235987755983,7.330382858376,9.424777960769),
.PIECEWISE_BEZIER_KNOTS.) CURVE() GEOMETRIC_REPRESENTATION_ITEM() 
RATIONAL_B_SPLINE_CURVE((1.,0.5,1.,0.5,1.,0.5,1.)) REPRESENTATION_ITEM(
  '') );
#188 = CARTESIAN_POINT('',(28.54592271783,48.494378190916,
    11.987374554778));
#189 = CARTESIAN_POINT('',(28.54592271783,48.494378190916,
    10.099852601786));
#190 = CARTESIAN_POINT('',(30.180564679321,48.494378190916,
    11.043613578282));
#191 = CARTESIAN_POINT('',(31.815206640813,48.494378190916,
    11.987374554778));
#192 = CARTESIAN_POINT('',(30.180564679321,48.494378190916,
    12.931135531274));
#193 = CARTESIAN_POINT('',(28.54592271783,48.494378190916,
    13.874896507769));
#194 = CARTESIAN_POINT('',(28.54592271783,48.494378190916,
    11.987374554778));
#195 = ORIENTED_EDGE('',*,*,#177,.F.);
#196 = ORIENTED_EDGE('',*,*,#197,.T.);
#197 = EDGE_CURVE('',#178,#178,#198,.T.);
#198 = ( BOUNDED_CURVE() B_SPLINE_CURVE(2,(#199,#200,#201,#202,#203,#204
,#205),.UNSPECIFIED.,.T.,.F.) B_SPLINE_CURVE_WITH_KNOTS((3,2,2,3),(
    3.14159265359,5.235987755983,7.330382858376,9.424777960769),
.PIECEWISE_BEZIER_KNOTS.) CURVE() GEOMETRIC_REPRESENTATION_ITEM() 
RATIONAL_B_SPLINE_CURVE((1.,0.5,1.,0.5,1.,0.5,1.)) REPRESENTATION_ITEM(
  '') );
#199 = CARTESIAN_POINT('',(28.54592271783,46.859736229424,
    11.987374554778));
#200 = CARTESIAN_POINT('',(28.54592271783,46.859736229424,
    13.874896507769));
#201 = CARTESIAN_POINT('',(30.180564679321,46.859736229424,
    12.931135531274));
#202 = CARTESIAN_POINT('',(31.815206640813,46.859736229424,
    11.987374554778));
#203 = CARTESIAN_POINT('',(30.180564679321,46.859736229424,
    11.043613578282));
#204 = CARTESIAN_POINT('',(28.54592271783,46.859736229424,
    10.099852601786));
#205 = CARTESIAN_POINT('',(28.54592271783,46.859736229424,
    11.987374554778));
#206 = ( BOUNDED_SURFACE() B_SPLINE_SURFACE(2,1,(
    (#207,#208)
    ,(#209,#210)
    ,(#211,#212)
    ,(#213,#214)
    ,(#215,#216)
    ,(#217,#218)
    ,(#219,#220)
    ,(#221,#222)
,(#223,#224
    )),.UNSPECIFIED.,.T.,.F.,.F.) B_SPLINE_SURFACE_WITH_KNOTS((3,2,2,2,3
    ),(2,2),(3.14159265359,4.188790204786,6.28318530718,8.377580409573,
    9.424777960769),(44.5,46.),.UNSPECIFIED.) 
GEOMETRIC_REPRESENTATION_ITEM() RATIONAL_B_SPLINE_SURFACE((
    (0.75,0.75)
    ,(0.75,0.75)
    ,(1.,1.)
    ,(0.5,0.5)
    ,(1.,1.)
    ,(0.5,0.5)
    ,(1.,1.)
    ,(0.75,0.75)
,(0.75,0.75))) REPRESENTATION_ITEM('') SURFACE() );
#207 = CARTESIAN_POINT('',(28.54592271783,46.859736229424,
    11.987374554778));
#208 = CARTESIAN_POINT('',(28.54592271783,48.494378190916,
    11.987374554778));
#209 = CARTESIAN_POINT('',(28.54592271783,46.859736229424,
    12.616548539108));
#210 = CARTESIAN_POINT('',(28.54592271783,48.494378190916,
    12.616548539108));
#211 = CARTESIAN_POINT('',(29.09080337166,46.859736229424,
    12.931135531274));
#212 = CARTESIAN_POINT('',(29.09080337166,48.494378190916,
    12.931135531274));
#213 = CARTESIAN_POINT('',(30.725445333152,46.859736229424,
    13.874896507769));
#214 = CARTESIAN_POINT('',(30.725445333152,48.494378190916,
    13.874896507769));
#215 = CARTESIAN_POINT('',(30.725445333152,46.859736229424,
    11.987374554778));
#216 = CARTESIAN_POINT('',(30.725445333152,48.494378190916,
    11.987374554778));
#217 = CARTESIAN_POINT('',(30.725445333152,46.859736229424,
    10.099852601786));
#218 = CARTESIAN_POINT('',(30.725445333152,48.494378190916,
    10.099852601786));
#219 = CARTESIAN_POINT('',(29.09080337166,46.859736229424,
    11.043613578282));
#220 = CARTESIAN_POINT('',(29.09080337166,48.494378190916,
    11.043613578282));
#221 = CARTESIAN_POINT('',(28.54592271783,46.859736229424,
    11.358200570447));
#222 = CARTESIAN_POINT('',(28.54592271783,48.494378190916,
    11.358200570447));
#223 = CARTESIAN_POINT('',(28.54592271783,46.859736229424,
    11.987374554778));
#224 = CARTESIAN_POINT('',(28.54592271783,48.494378190916,
    11.987374554778));
#225 = ADVANCED_FACE('',(#226),#258,.F.);
#226 = FACE_BOUND('',#227,.F.);
#227 = EDGE_LOOP('',(#228,#237,#247,#248));
#228 = ORIENTED_EDGE('',*,*,#229,.T.);
#229 = EDGE_CURVE('',#230,#232,#234,.T.);
#230 = VERTEX_POINT('',#231);
#231 = CARTESIAN_POINT('',(67.311648563509,46.859736229424,
    11.987374554778));
#232 = VERTEX_POINT('',#233);
#233 = CARTESIAN_POINT('',(67.311648563509,48.494378190916,
    11.987374554778));
#234 = B_SPLINE_CURVE_WITH_KNOTS('',1,(#235,#236),.UNSPECIFIED.,.F.,.F.,
  (2,2),(44.5,46.),.PIECEWISE_BEZIER_KNOTS.);
#235 = CARTESIAN_POINT('',(67.311648563509,46.859736229424,
    11.987374554778));
#236 = CARTESIAN_POINT('',(67.311648563509,48.494378190916,
    11.987374554778));
#237 = ORIENTED_EDGE('',*,*,#238,.T.);
#238 = EDGE_CURVE('',#232,#232,#239,.T.);
#239 = ( BOUNDED_CURVE() B_SPLINE_CURVE(2,(#240,#241,#242,#243,#244,#245
,#246),.UNSPECIFIED.,.T.,.F.) B_SPLINE_CURVE_WITH_KNOTS((3,2,2,3),(
    3.14159265359,5.235987755983,7.330382858376,9.424777960769),
.PIECEWISE_BEZIER_KNOTS.) CURVE() GEOMETRIC_REPRESENTATION_ITEM() 
RATIONAL_B_SPLINE_CURVE((1.,0.5,1.,0.5,1.,0.5,1.)) REPRESENTATION_ITEM(
  '') );
#240 = CARTESIAN_POINT('',(67.311648563509,48.494378190916,
    11.987374554778));
#241 = CARTESIAN_POINT('',(67.311648563509,48.494378190916,
    10.099852601786));
#242 = CARTESIAN_POINT('',(68.946290525001,48.494378190916,
    11.043613578282));
#243 = CARTESIAN_POINT('',(70.580932486492,48.494378190916,
    11.987374554778));
#244 = CARTESIAN_POINT('',(68.946290525001,48.494378190916,
    12.931135531274));
#245 = CARTESIAN_POINT('',(67.311648563509,48.494378190916,
    13.874896507769));
#246 = CARTESIAN_POINT('',(67.311648563509,48.494378190916,
    11.987374554778));
#247 = ORIENTED_EDGE('',*,*,#229,.F.);
#248 = ORIENTED_EDGE('',*,*,#249,.T.);
#249 = EDGE_CURVE('',#230,#230,#250,.T.);
#250 = ( BOUNDED_CURVE() B_SPLINE_CURVE(2,(#251,#252,#253,#254,#255,#256
,#257),.UNSPECIFIED.,.T.,.F.) B_SPLINE_CURVE_WITH_KNOTS((3,2,2,3),(
    3.14159265359,5.235987755983,7.330382858376,9.424777960769),
.PIECEWISE_BEZIER_KNOTS.) CURVE() GEOMETRIC_REPRESENTATION_ITEM() 
RATIONAL_B_SPLINE_CURVE((1.,0.5,1.,0.5,1.,0.5,1.)) REPRESENTATION_ITEM(
  '') );
#251 = CARTESIAN_POINT('',(67.311648563509,46.859736229424,
    11.987374554778));
#252 = CARTESIAN_POINT('',(67.311648563509,46.859736229424,
    13.874896507769));
#253 = CARTESIAN_POINT('',(68.946290525001,46.859736229424,
    12.931135531274));
#254 = CARTESIAN_POINT('',(70.580932486492,46.859736229424,
    11.987374554778));
#255 = CARTESIAN_POINT('',(68.946290525001,46.859736229424,
    11.043613578282));
#256 = CARTESIAN_POINT('',(67.311648563509,46.859736229424,
    10.099852601786));
#257 = CARTESIAN_POINT('',(67.311648563509,46.859736229424,
    11.987374554778));
#258 = ( BOUNDED_SURFACE() B_SPLINE_SURFACE(2,1,(
    (#259,#260)
    ,(#261,#262)
    ,(#263,#264)
    ,(#265,#266)
    ,(#267,#268)
    ,(#269,#270)
    ,(#271,#272)
    ,(#273,#274)
,(#275,#276
    )),.UNSPECIFIED.,.T.,.F.,.F.) B_SPLINE_SURFACE_WITH_KNOTS((3,2,2,2,3
    ),(2,2),(3.14159265359,4.188790204786,6.28318530718,8.377580409573,
    9.424777960769),(44.5,46.),.UNSPECIFIED.) 
GEOMETRIC_REPRESENTATION_ITEM() RATIONAL_B_SPLINE_SURFACE((
    (0.75,0.75)
    ,(0.75,0.75)
    ,(1.,1.)
    ,(0.5,0.5)
    ,(1.,1.)
    ,(0.5,0.5)
    ,(1.,1.)
    ,(0.75,0.75)
,(0.75,0.75))) REPRESENTATION_ITEM('') SURFACE() );
#259 = CARTESIAN_POINT('',(67.311648563509,46.859736229424,
    11.987374554778));
#260 = CARTESIAN_POINT('',(67.311648563509,48.494378190916,
    11.987374554778));
#261 = CARTESIAN_POINT('',(67.311648563509,46.859736229424,
    12.616548539108));
#262 = CARTESIAN_POINT('',(67.311648563509,48.494378190916,
    12.616548539108));
#263 = CARTESIAN_POINT('',(67.85652921734,46.859736229424,
    12.931135531274));
#264 = CARTESIAN_POINT('',(67.85652921734,48.494378190916,
    12.931135531274));
#265 = CARTESIAN_POINT('',(69.491171178831,46.859736229424,
    13.874896507769));
#266 = CARTESIAN_POINT('',(69.491171178831,48.494378190916,
    13.874896507769));
#267 = CARTESIAN_POINT('',(69.491171178831,46.859736229424,
    11.987374554778));
#268 = CARTESIAN_POINT('',(69.491171178831,48.494378190916,
    11.987374554778));
#269 = CARTESIAN_POINT('',(69.491171178831,46.859736229424,
    10.099852601786));
#270 = CARTESIAN_POINT('',(69.491171178831,48.494378190916,
    10.099852601786));
#271 = CARTESIAN_POINT('',(67.85652921734,46.859736229424,
    11.043613578282));
#272 = CARTESIAN_POINT('',(67.85652921734,48.494378190916,
    11.043613578282));
#273 = CARTESIAN_POINT('',(67.311648563509,46.859736229424,
    11.358200570447));
#274 = CARTESIAN_POINT('',(67.311648563509,48.494378190916,
    11.358200570447));
#275 = CARTESIAN_POINT('',(67.311648563509,46.859736229424,
    11.987374554778));
#276 = CARTESIAN_POINT('',(67.311648563509,48.494378190916,
    11.987374554778));
#277 = ADVANCED_FACE('',(#278),#310,.F.);
#278 = FACE_BOUND('',#279,.F.);
#279 = EDGE_LOOP('',(#280,#289,#299,#300));
#280 = ORIENTED_EDGE('',*,*,#281,.T.);
#281 = EDGE_CURVE('',#282,#284,#286,.T.);
#282 = VERTEX_POINT('',#283);
#283 = CARTESIAN_POINT('',(79.29902294778,46.859736229424,
    23.974748939049));
#284 = VERTEX_POINT('',#285);
#285 = CARTESIAN_POINT('',(79.29902294778,48.494378190916,
    23.974748939049));
#286 = B_SPLINE_CURVE_WITH_KNOTS('',1,(#287,#288),.UNSPECIFIED.,.F.,.F.,
  (2,2),(44.5,46.),.PIECEWISE_BEZIER_KNOTS.);
#287 = CARTESIAN_POINT('',(79.29902294778,46.859736229424,
    23.974748939049));
#288 = CARTESIAN_POINT('',(79.29902294778,48.494378190916,
    23.974748939049));
#289 = ORIENTED_EDGE('',*,*,#290,.T.);
#290 = EDGE_CURVE('',#284,#284,#291,.T.);
#291 = ( BOUNDED_CURVE() B_SPLINE_CURVE(2,(#292,#293,#294,#295,#296,#297
,#298),.UNSPECIFIED.,.T.,.F.) B_SPLINE_CURVE_WITH_KNOTS((3,2,2,3),(
    3.14159265359,5.235987755983,7.330382858376,9.424777960769),
.PIECEWISE_BEZIER_KNOTS.) CURVE() GEOMETRIC_REPRESENTATION_ITEM() 
RATIONAL_B_SPLINE_CURVE((1.,0.5,1.,0.5,1.,0.5,1.)) REPRESENTATION_ITEM(
  '') );
#292 = CARTESIAN_POINT('',(79.29902294778,48.494378190916,
    23.974748939049));
#293 = CARTESIAN_POINT('',(79.29902294778,48.494378190916,
    22.087226986057));
#294 = CARTESIAN_POINT('',(80.933664909272,48.494378190916,
    23.030987962553));
#295 = CARTESIAN_POINT('',(82.568306870764,48.494378190916,
    23.974748939049));
#296 = CARTESIAN_POINT('',(80.933664909272,48.494378190916,
    24.918509915545));
#297 = CARTESIAN_POINT('',(79.29902294778,48.494378190916,
    25.862270892041));
#298 = CARTESIAN_POINT('',(79.29902294778,48.494378190916,
    23.974748939049));
#299 = ORIENTED_EDGE('',*,*,#281,.F.);
#300 = ORIENTED_EDGE('',*,*,#301,.T.);
#301 = EDGE_CURVE('',#282,#282,#302,.T.);
#302 = ( BOUNDED_CURVE() B_SPLINE_CURVE(2,(#303,#304,#305,#306,#307,#308
,#309),.UNSPECIFIED.,.T.,.F.) B_SPLINE_CURVE_WITH_KNOTS((3,2,2,3),(
    3.14159265359,5.235987755983,7.330382858376,9.424777960769),
.PIECEWISE_BEZIER_KNOTS.) CURVE() GEOMETRIC_REPRESENTATION_ITEM() 
RATIONAL_B_SPLINE_CURVE((1.,0.5,1.,0.5,1.,0.5,1.)) REPRESENTATION_ITEM(
  '') );
#303 = CARTESIAN_POINT('',(79.29902294778,46.859736229424,
    23.974748939049));
#304 = CARTESIAN_POINT('',(79.29902294778,46.859736229424,
    25.862270892041));
#305 = CARTESIAN_POINT('',(80.933664909272,46.859736229424,
    24.918509915545));
#306 = CARTESIAN_POINT('',(82.568306870764,46.859736229424,
    23.974748939049));
#307 = CARTESIAN_POINT('',(80.933664909272,46.859736229424,
    23.030987962553));
#308 = CARTESIAN_POINT('',(79.29902294778,46.859736229424,
    22.087226986057));
#309 = CARTESIAN_POINT('',(79.29902294778,46.859736229424,
    23.974748939049));
#310 = ( BOUNDED_SURFACE() B_SPLINE_SURFACE(2,1,(
    (#311,#312)
    ,(#313,#314)
    ,(#315,#316)
    ,(#317,#318)
    ,(#319,#320)
    ,(#321,#322)
    ,(#323,#324)
    ,(#325,#326)
,(#327,#328
    )),.UNSPECIFIED.,.T.,.F.,.F.) B_SPLINE_SURFACE_WITH_KNOTS((3,2,2,2,3
    ),(2,2),(3.14159265359,4.188790204786,6.28318530718,8.377580409573,
    9.424777960769),(44.5,46.),.UNSPECIFIED.) 
GEOMETRIC_REPRESENTATION_ITEM() RATIONAL_B_SPLINE_SURFACE((
    (0.75,0.75)
    ,(0.75,0.75)
    ,(1.,1.)
    ,(0.5,0.5)
    ,(1.,1.)
    ,(0.5,0.5)
    ,(1.,1.)
    ,(0.75,0.75)
,(0.75,0.75))) REPRESENTATION_ITEM('') SURFACE() );
#311 = CARTESIAN_POINT('',(79.29902294778,46.859736229424,
    23.974748939049));
#312 = CARTESIAN_POINT('',(79.29902294778,48.494378190916,
    23.974748939049));
#313 = CARTESIAN_POINT('',(79.29902294778,46.859736229424,24.60392292338
    ));
#314 = CARTESIAN_POINT('',(79.29902294778,48.494378190916,24.60392292338
    ));
#315 = CARTESIAN_POINT('',(79.843903601611,46.859736229424,
    24.918509915545));
#316 = CARTESIAN_POINT('',(79.843903601611,48.494378190916,
    24.918509915545));
#317 = CARTESIAN_POINT('',(81.478545563103,46.859736229424,
    25.862270892041));
#318 = CARTESIAN_POINT('',(81.478545563103,48.494378190916,
    25.862270892041));
#319 = CARTESIAN_POINT('',(81.478545563103,46.859736229424,
    23.974748939049));
#320 = CARTESIAN_POINT('',(81.478545563103,48.494378190916,
    23.974748939049));
#321 = CARTESIAN_POINT('',(81.478545563103,46.859736229424,
    22.087226986057));
#322 = CARTESIAN_POINT('',(81.478545563103,48.494378190916,
    22.087226986057));
#323 = CARTESIAN_POINT('',(79.843903601611,46.859736229424,
    23.030987962553));
#324 = CARTESIAN_POINT('',(79.843903601611,48.494378190916,
    23.030987962553));
#325 = CARTESIAN_POINT('',(79.29902294778,46.859736229424,
    23.345574954718));
#326 = CARTESIAN_POINT('',(79.29902294778,48.494378190916,
    23.345574954718));
#327 = CARTESIAN_POINT('',(79.29902294778,46.859736229424,
    23.974748939049));
#328 = CARTESIAN_POINT('',(79.29902294778,48.494378190916,
    23.974748939049));
#329 = ADVANCED_FACE('',(#330),#362,.F.);
#330 = FACE_BOUND('',#331,.F.);
#331 = EDGE_LOOP('',(#332,#341,#351,#352));
#332 = ORIENTED_EDGE('',*,*,#333,.T.);
#333 = EDGE_CURVE('',#334,#336,#338,.T.);
#334 = VERTEX_POINT('',#335);
#335 = CARTESIAN_POINT('',(28.54592271783,46.859736229424,35.96212332332
    ));
#336 = VERTEX_POINT('',#337);
#337 = CARTESIAN_POINT('',(28.54592271783,48.494378190916,35.96212332332
    ));
#338 = B_SPLINE_CURVE_WITH_KNOTS('',1,(#339,#340),.UNSPECIFIED.,.F.,.F.,
  (2,2),(44.5,46.),.PIECEWISE_BEZIER_KNOTS.);
#339 = CARTESIAN_POINT('',(28.54592271783,46.859736229424,35.96212332332
    ));
#340 = CARTESIAN_POINT('',(28.54592271783,48.494378190916,35.96212332332
    ));
#341 = ORIENTED_EDGE('',*,*,#342,.T.);
#342 = EDGE_CURVE('',#336,#336,#343,.T.);
#343 = ( BOUNDED_CURVE() B_SPLINE_CURVE(2,(#344,#345,#346,#347,#348,#349
,#350),.UNSPECIFIED.,.T.,.F.) B_SPLINE_CURVE_WITH_KNOTS((3,2,2,3),(
    3.14159265359,5.235987755983,7.330382858376,9.424777960769),
.PIECEWISE_BEZIER_KNOTS.) CURVE() GEOMETRIC_REPRESENTATION_ITEM() 
RATIONAL_B_SPLINE_CURVE((1.,0.5,1.,0.5,1.,0.5,1.)) REPRESENTATION_ITEM(
  '') );
#344 = CARTESIAN_POINT('',(28.54592271783,48.494378190916,35.96212332332
    ));
#345 = CARTESIAN_POINT('',(28.54592271783,48.494378190916,
    34.074601370329));
#346 = CARTESIAN_POINT('',(30.180564679321,48.494378190916,
    35.018362346824));
#347 = CARTESIAN_POINT('',(31.815206640813,48.494378190916,
    35.96212332332));
#348 = CARTESIAN_POINT('',(30.180564679321,48.494378190916,
    36.905884299816));
#349 = CARTESIAN_POINT('',(28.54592271783,48.494378190916,
    37.849645276312));
#350 = CARTESIAN_POINT('',(28.54592271783,48.494378190916,35.96212332332
    ));
#351 = ORIENTED_EDGE('',*,*,#333,.F.);
#352 = ORIENTED_EDGE('',*,*,#353,.T.);
#353 = EDGE_CURVE('',#334,#334,#354,.T.);
#354 = ( BOUNDED_CURVE() B_SPLINE_CURVE(2,(#355,#356,#357,#358,#359,#360
,#361),.UNSPECIFIED.,.T.,.F.) B_SPLINE_CURVE_WITH_KNOTS((3,2,2,3),(
    3.14159265359,5.235987755983,7.330382858376,9.424777960769),
.PIECEWISE_BEZIER_KNOTS.) CURVE() GEOMETRIC_REPRESENTATION_ITEM() 
RATIONAL_B_SPLINE_CURVE((1.,0.5,1.,0.5,1.,0.5,1.)) REPRESENTATION_ITEM(
  '') );
#355 = CARTESIAN_POINT('',(28.54592271783,46.859736229424,35.96212332332
    ));
#356 = CARTESIAN_POINT('',(28.54592271783,46.859736229424,
    37.849645276312));
#357 = CARTESIAN_POINT('',(30.180564679321,46.859736229424,
    36.905884299816));
#358 = CARTESIAN_POINT('',(31.815206640813,46.859736229424,
    35.96212332332));
#359 = CARTESIAN_POINT('',(30.180564679321,46.859736229424,
    35.018362346824));
#360 = CARTESIAN_POINT('',(28.54592271783,46.859736229424,
    34.074601370329));
#361 = CARTESIAN_POINT('',(28.54592271783,46.859736229424,35.96212332332
    ));
#362 = ( BOUNDED_SURFACE() B_SPLINE_SURFACE(2,1,(
    (#363,#364)
    ,(#365,#366)
    ,(#367,#368)
    ,(#369,#370)
    ,(#371,#372)
    ,(#373,#374)
    ,(#375,#376)
    ,(#377,#378)
,(#379,#380
    )),.UNSPECIFIED.,.T.,.F.,.F.) B_SPLINE_SURFACE_WITH_KNOTS((3,2,2,2,3
    ),(2,2),(3.14159265359,4.188790204786,6.28318530718,8.377580409573,
    9.424777960769),(44.5,46.),.UNSPECIFIED.) 
GEOMETRIC_REPRESENTATION_ITEM() RATIONAL_B_SPLINE_SURFACE((
    (0.75,0.75)
    ,(0.75,0.75)
    ,(1.,1.)
    ,(0.5,0.5)
    ,(1.,1.)
    ,(0.5,0.5)
    ,(1.,1.)
    ,(0.75,0.75)
,(0.75,0.75))) REPRESENTATION_ITEM('') SURFACE() );
#363 = CARTESIAN_POINT('',(28.54592271783,46.859736229424,35.96212332332
    ));
#364 = CARTESIAN_POINT('',(28.54592271783,48.494378190916,35.96212332332
    ));
#365 = CARTESIAN_POINT('',(28.54592271783,46.859736229424,
    36.591297307651));
#366 = CARTESIAN_POINT('',(28.54592271783,48.494378190916,
    36.591297307651));
#367 = CARTESIAN_POINT('',(29.09080337166,46.859736229424,
    36.905884299816));
#368 = CARTESIAN_POINT('',(29.09080337166,48.494378190916,
    36.905884299816));
#369 = CARTESIAN_POINT('',(30.725445333152,46.859736229424,
    37.849645276312));
#370 = CARTESIAN_POINT('',(30.725445333152,48.494378190916,
    37.849645276312));
#371 = CARTESIAN_POINT('',(30.725445333152,46.859736229424,
    35.96212332332));
#372 = CARTESIAN_POINT('',(30.725445333152,48.494378190916,
    35.96212332332));
#373 = CARTESIAN_POINT('',(30.725445333152,46.859736229424,
    34.074601370329));
#374 = CARTESIAN_POINT('',(30.725445333152,48.494378190916,
    34.074601370329));
#375 = CARTESIAN_POINT('',(29.09080337166,46.859736229424,
    35.018362346824));
#376 = CARTESIAN_POINT('',(29.09080337166,48.494378190916,
    35.018362346824));
#377 = CARTESIAN_POINT('',(28.54592271783,46.859736229424,35.33294933899
    ));
#378 = CARTESIAN_POINT('',(28.54592271783,48.494378190916,35.33294933899
    ));
#379 = CARTESIAN_POINT('',(28.54592271783,46.859736229424,35.96212332332
    ));
#380 = CARTESIAN_POINT('',(28.54592271783,48.494378190916,35.96212332332
    ));
#381 = ADVANCED_FACE('',(#382),#414,.F.);
#382 = FACE_BOUND('',#383,.F.);
#383 = EDGE_LOOP('',(#384,#393,#403,#404));
#384 = ORIENTED_EDGE('',*,*,#385,.T.);
#385 = EDGE_CURVE('',#386,#388,#390,.T.);
#386 = VERTEX_POINT('',#387);
#387 = CARTESIAN_POINT('',(22.007354871813,46.859736229424,
    23.974748939049));
#388 = VERTEX_POINT('',#389);
#389 = CARTESIAN_POINT('',(22.007354871813,48.494378190916,
    23.974748939049));
#390 = B_SPLINE_CURVE_WITH_KNOTS('',1,(#391,#392),.UNSPECIFIED.,.F.,.F.,
  (2,2),(44.5,46.),.PIECEWISE_BEZIER_KNOTS.);
#391 = CARTESIAN_POINT('',(22.007354871813,46.859736229424,
    23.974748939049));
#392 = CARTESIAN_POINT('',(22.007354871813,48.494378190916,
    23.974748939049));
#393 = ORIENTED_EDGE('',*,*,#394,.T.);
#394 = EDGE_CURVE('',#388,#388,#395,.T.);
#395 = ( BOUNDED_CURVE() B_SPLINE_CURVE(2,(#396,#397,#398,#399,#400,#401
,#402),.UNSPECIFIED.,.T.,.F.) B_SPLINE_CURVE_WITH_KNOTS((3,2,2,3),(
    3.14159265359,5.235987755983,7.330382858376,9.424777960769),
.PIECEWISE_BEZIER_KNOTS.) CURVE() GEOMETRIC_REPRESENTATION_ITEM() 
RATIONAL_B_SPLINE_CURVE((1.,0.5,1.,0.5,1.,0.5,1.)) REPRESENTATION_ITEM(
  '') );
#396 = CARTESIAN_POINT('',(22.007354871813,48.494378190916,
    23.974748939049));
#397 = CARTESIAN_POINT('',(22.007354871813,48.494378190916,
    10.762095268021));
#398 = CARTESIAN_POINT('',(33.449848602329,48.494378190916,
    17.368422103535));
#399 = CARTESIAN_POINT('',(44.892342332846,48.494378190916,
    23.974748939049));
#400 = CARTESIAN_POINT('',(33.449848602329,48.494378190916,
    30.581075774563));
#401 = CARTESIAN_POINT('',(22.007354871813,48.494378190916,
    37.187402610077));
#402 = CARTESIAN_POINT('',(22.007354871813,48.494378190916,
    23.974748939049));
#403 = ORIENTED_EDGE('',*,*,#385,.F.);
#404 = ORIENTED_EDGE('',*,*,#405,.T.);
#405 = EDGE_CURVE('',#386,#386,#406,.T.);
#406 = ( BOUNDED_CURVE() B_SPLINE_CURVE(2,(#407,#408,#409,#410,#411,#412
,#413),.UNSPECIFIED.,.T.,.F.) B_SPLINE_CURVE_WITH_KNOTS((3,2,2,3),(
    3.14159265359,5.235987755983,7.330382858376,9.424777960769),
.PIECEWISE_BEZIER_KNOTS.) CURVE() GEOMETRIC_REPRESENTATION_ITEM() 
RATIONAL_B_SPLINE_CURVE((1.,0.5,1.,0.5,1.,0.5,1.)) REPRESENTATION_ITEM(
  '') );
#407 = CARTESIAN_POINT('',(22.007354871813,46.859736229424,
    23.974748939049));
#408 = CARTESIAN_POINT('',(22.007354871813,46.859736229424,
    37.187402610077));
#409 = CARTESIAN_POINT('',(33.449848602329,46.859736229424,
    30.581075774563));
#410 = CARTESIAN_POINT('',(44.892342332846,46.859736229424,
    23.974748939049));
#411 = CARTESIAN_POINT('',(33.449848602329,46.859736229424,
    17.368422103535));
#412 = CARTESIAN_POINT('',(22.007354871813,46.859736229424,
    10.762095268021));
#413 = CARTESIAN_POINT('',(22.007354871813,46.859736229424,
    23.974748939049));
#414 = ( BOUNDED_SURFACE() B_SPLINE_SURFACE(2,1,(
    (#415,#416)
    ,(#417,#418)
    ,(#419,#420)
    ,(#421,#422)
    ,(#423,#424)
    ,(#425,#426)
    ,(#427,#428)
    ,(#429,#430)
,(#431,#432
    )),.UNSPECIFIED.,.T.,.F.,.F.) B_SPLINE_SURFACE_WITH_KNOTS((3,2,2,2,3
    ),(2,2),(3.14159265359,4.188790204786,6.28318530718,8.377580409573,
    9.424777960769),(44.5,46.),.UNSPECIFIED.) 
GEOMETRIC_REPRESENTATION_ITEM() RATIONAL_B_SPLINE_SURFACE((
    (0.75,0.75)
    ,(0.75,0.75)
    ,(1.,1.)
    ,(0.5,0.5)
    ,(1.,1.)
    ,(0.5,0.5)
    ,(1.,1.)
    ,(0.75,0.75)
,(0.75,0.75))) REPRESENTATION_ITEM('') SURFACE() );
#415 = CARTESIAN_POINT('',(22.007354871813,46.859736229424,
    23.974748939049));
#416 = CARTESIAN_POINT('',(22.007354871813,48.494378190916,
    23.974748939049));
#417 = CARTESIAN_POINT('',(22.007354871813,46.859736229424,
    28.378966829392));
#418 = CARTESIAN_POINT('',(22.007354871813,48.494378190916,
    28.378966829392));
#419 = CARTESIAN_POINT('',(25.821519448652,46.859736229424,
    30.581075774563));
#420 = CARTESIAN_POINT('',(25.821519448652,48.494378190916,
    30.581075774563));
#421 = CARTESIAN_POINT('',(37.264013179168,46.859736229424,
    37.187402610077));
#422 = CARTESIAN_POINT('',(37.264013179168,48.494378190916,
    37.187402610077));
#423 = CARTESIAN_POINT('',(37.264013179168,46.859736229424,
    23.974748939049));
#424 = CARTESIAN_POINT('',(37.264013179168,48.494378190916,
    23.974748939049));
#425 = CARTESIAN_POINT('',(37.264013179168,46.859736229424,
    10.762095268021));
#426 = CARTESIAN_POINT('',(37.264013179168,48.494378190916,
    10.762095268021));
#427 = CARTESIAN_POINT('',(25.821519448652,46.859736229424,
    17.368422103535));
#428 = CARTESIAN_POINT('',(25.821519448652,48.494378190916,
    17.368422103535));
#429 = CARTESIAN_POINT('',(22.007354871813,46.859736229424,
    19.570531048706));
#430 = CARTESIAN_POINT('',(22.007354871813,48.494378190916,
    19.570531048706));
#431 = CARTESIAN_POINT('',(22.007354871813,46.859736229424,
    23.974748939049));
#432 = CARTESIAN_POINT('',(22.007354871813,48.494378190916,
    23.974748939049));
#433 = ADVANCED_FACE('',(#434),#466,.F.);
#434 = FACE_BOUND('',#435,.F.);
#435 = EDGE_LOOP('',(#436,#445,#455,#456));
#436 = ORIENTED_EDGE('',*,*,#437,.T.);
#437 = EDGE_CURVE('',#438,#440,#442,.T.);
#438 = VERTEX_POINT('',#439);
#439 = CARTESIAN_POINT('',(16.558548333558,46.859736229424,
    23.974748939049));
#440 = VERTEX_POINT('',#441);
#441 = CARTESIAN_POINT('',(16.558548333558,48.494378190916,
    23.974748939049));
#442 = B_SPLINE_CURVE_WITH_KNOTS('',1,(#443,#444),.UNSPECIFIED.,.F.,.F.,
  (2,2),(44.5,46.),.PIECEWISE_BEZIER_KNOTS.);
#443 = CARTESIAN_POINT('',(16.558548333558,46.859736229424,
    23.974748939049));
#444 = CARTESIAN_POINT('',(16.558548333558,48.494378190916,
    23.974748939049));
#445 = ORIENTED_EDGE('',*,*,#446,.T.);
#446 = EDGE_CURVE('',#440,#440,#447,.T.);
#447 = ( BOUNDED_CURVE() B_SPLINE_CURVE(2,(#448,#449,#450,#451,#452,#453
,#454),.UNSPECIFIED.,.T.,.F.) B_SPLINE_CURVE_WITH_KNOTS((3,2,2,3),(
    3.14159265359,5.235987755983,7.330382858376,9.424777960769),
.PIECEWISE_BEZIER_KNOTS.) CURVE() GEOMETRIC_REPRESENTATION_ITEM() 
RATIONAL_B_SPLINE_CURVE((1.,0.5,1.,0.5,1.,0.5,1.)) REPRESENTATION_ITEM(
  '') );
#448 = CARTESIAN_POINT('',(16.558548333558,48.494378190916,
    23.974748939049));
#449 = CARTESIAN_POINT('',(16.558548333558,48.494378190916,
    22.087226986057));
#450 = CARTESIAN_POINT('',(18.19319029505,48.494378190916,
    23.030987962553));
#451 = CARTESIAN_POINT('',(19.827832256541,48.494378190916,
    23.974748939049));
#452 = CARTESIAN_POINT('',(18.19319029505,48.494378190916,
    24.918509915545));
#453 = CARTESIAN_POINT('',(16.558548333558,48.494378190916,
    25.862270892041));
#454 = CARTESIAN_POINT('',(16.558548333558,48.494378190916,
    23.974748939049));
#455 = ORIENTED_EDGE('',*,*,#437,.F.);
#456 = ORIENTED_EDGE('',*,*,#457,.T.);
#457 = EDGE_CURVE('',#438,#438,#458,.T.);
#458 = ( BOUNDED_CURVE() B_SPLINE_CURVE(2,(#459,#460,#461,#462,#463,#464
,#465),.UNSPECIFIED.,.T.,.F.) B_SPLINE_CURVE_WITH_KNOTS((3,2,2,3),(
    3.14159265359,5.235987755983,7.330382858376,9.424777960769),
.PIECEWISE_BEZIER_KNOTS.) CURVE() GEOMETRIC_REPRESENTATION_ITEM() 
RATIONAL_B_SPLINE_CURVE((1.,0.5,1.,0.5,1.,0.5,1.)) REPRESENTATION_ITEM(
  '') );
#459 = CARTESIAN_POINT('',(16.558548333558,46.859736229424,
    23.974748939049));
#460 = CARTESIAN_POINT('',(16.558548333558,46.859736229424,
    25.862270892041));
#461 = CARTESIAN_POINT('',(18.19319029505,46.859736229424,
    24.918509915545));
#462 = CARTESIAN_POINT('',(19.827832256541,46.859736229424,
    23.974748939049));
#463 = CARTESIAN_POINT('',(18.19319029505,46.859736229424,
    23.030987962553));
#464 = CARTESIAN_POINT('',(16.558548333558,46.859736229424,
    22.087226986057));
#465 = CARTESIAN_POINT('',(16.558548333558,46.859736229424,
    23.974748939049));
#466 = ( BOUNDED_SURFACE() B_SPLINE_SURFACE(2,1,(
    (#467,#468)
    ,(#469,#470)
    ,(#471,#472)
    ,(#473,#474)
    ,(#475,#476)
    ,(#477,#478)
    ,(#479,#480)
    ,(#481,#482)
,(#483,#484
    )),.UNSPECIFIED.,.T.,.F.,.F.) B_SPLINE_SURFACE_WITH_KNOTS((3,2,2,2,3
    ),(2,2),(3.14159265359,4.188790204786,6.28318530718,8.377580409573,
    9.424777960769),(44.5,46.),.UNSPECIFIED.) 
GEOMETRIC_REPRESENTATION_ITEM() RATIONAL_B_SPLINE_SURFACE((
    (0.75,0.75)
    ,(0.75,0.75)
    ,(1.,1.)
    ,(0.5,0.5)
    ,(1.,1.)
    ,(0.5,0.5)
    ,(1.,1.)
    ,(0.75,0.75)
,(0.75,0.75))) REPRESENTATION_ITEM('') SURFACE() );
#467 = CARTESIAN_POINT('',(16.558548333558,46.859736229424,
    23.974748939049));
#468 = CARTESIAN_POINT('',(16.558548333558,48.494378190916,
    23.974748939049));
#469 = CARTESIAN_POINT('',(16.558548333558,46.859736229424,
    24.60392292338));
#470 = CARTESIAN_POINT('',(16.558548333558,48.494378190916,
    24.60392292338));
#471 = CARTESIAN_POINT('',(17.103428987389,46.859736229424,
    24.918509915545));
#472 = CARTESIAN_POINT('',(17.103428987389,48.494378190916,
    24.918509915545));
#473 = CARTESIAN_POINT('',(18.73807094888,46.859736229424,
    25.862270892041));
#474 = CARTESIAN_POINT('',(18.73807094888,48.494378190916,
    25.862270892041));
#475 = CARTESIAN_POINT('',(18.73807094888,46.859736229424,
    23.974748939049));
#476 = CARTESIAN_POINT('',(18.73807094888,48.494378190916,
    23.974748939049));
#477 = CARTESIAN_POINT('',(18.73807094888,46.859736229424,
    22.087226986057));
#478 = CARTESIAN_POINT('',(18.73807094888,48.494378190916,
    22.087226986057));
#479 = CARTESIAN_POINT('',(17.103428987389,46.859736229424,
    23.030987962553));
#480 = CARTESIAN_POINT('',(17.103428987389,48.494378190916,
    23.030987962553));
#481 = CARTESIAN_POINT('',(16.558548333558,46.859736229424,
    23.345574954718));
#482 = CARTESIAN_POINT('',(16.558548333558,48.494378190916,
    23.345574954718));
#483 = CARTESIAN_POINT('',(16.558548333558,46.859736229424,
    23.974748939049));
#484 = CARTESIAN_POINT('',(16.558548333558,48.494378190916,
    23.974748939049));
#485 = ADVANCED_FACE('',(#486),#518,.F.);
#486 = FACE_BOUND('',#487,.F.);
#487 = EDGE_LOOP('',(#488,#497,#507,#508));
#488 = ORIENTED_EDGE('',*,*,#489,.T.);
#489 = EDGE_CURVE('',#490,#492,#494,.T.);
#490 = VERTEX_POINT('',#491);
#491 = CARTESIAN_POINT('',(55.324274179238,46.859736229424,
    23.974748939049));
#492 = VERTEX_POINT('',#493);
#493 = CARTESIAN_POINT('',(55.324274179238,48.494378190916,
    23.974748939049));
#494 = B_SPLINE_CURVE_WITH_KNOTS('',1,(#495,#496),.UNSPECIFIED.,.F.,.F.,
  (2,2),(44.5,46.),.PIECEWISE_BEZIER_KNOTS.);
#495 = CARTESIAN_POINT('',(55.324274179238,46.859736229424,
    23.974748939049));
#496 = CARTESIAN_POINT('',(55.324274179238,48.494378190916,
    23.974748939049));
#497 = ORIENTED_EDGE('',*,*,#498,.T.);
#498 = EDGE_CURVE('',#492,#492,#499,.T.);
#499 = ( BOUNDED_CURVE() B_SPLINE_CURVE(2,(#500,#501,#502,#503,#504,#505
,#506),.UNSPECIFIED.,.T.,.F.) B_SPLINE_CURVE_WITH_KNOTS((3,2,2,3),(
    3.14159265359,5.235987755983,7.330382858376,9.424777960769),
.PIECEWISE_BEZIER_KNOTS.) CURVE() GEOMETRIC_REPRESENTATION_ITEM() 
RATIONAL_B_SPLINE_CURVE((1.,0.5,1.,0.5,1.,0.5,1.)) REPRESENTATION_ITEM(
  '') );
#500 = CARTESIAN_POINT('',(55.324274179238,48.494378190916,
    23.974748939049));
#501 = CARTESIAN_POINT('',(55.324274179238,48.494378190916,
    22.087226986057));
#502 = CARTESIAN_POINT('',(56.958916140729,48.494378190916,
    23.030987962553));
#503 = CARTESIAN_POINT('',(58.593558102221,48.494378190916,
    23.974748939049));
#504 = CARTESIAN_POINT('',(56.958916140729,48.494378190916,
    24.918509915545));
#505 = CARTESIAN_POINT('',(55.324274179238,48.494378190916,
    25.862270892041));
#506 = CARTESIAN_POINT('',(55.324274179238,48.494378190916,
    23.974748939049));
#507 = ORIENTED_EDGE('',*,*,#489,.F.);
#508 = ORIENTED_EDGE('',*,*,#509,.T.);
#509 = EDGE_CURVE('',#490,#490,#510,.T.);
#510 = ( BOUNDED_CURVE() B_SPLINE_CURVE(2,(#511,#512,#513,#514,#515,#516
,#517),.UNSPECIFIED.,.T.,.F.) B_SPLINE_CURVE_WITH_KNOTS((3,2,2,3),(
    3.14159265359,5.235987755983,7.330382858376,9.424777960769),
.PIECEWISE_BEZIER_KNOTS.) CURVE() GEOMETRIC_REPRESENTATION_ITEM() 
RATIONAL_B_SPLINE_CURVE((1.,0.5,1.,0.5,1.,0.5,1.)) REPRESENTATION_ITEM(
  '') );
#511 = CARTESIAN_POINT('',(55.324274179238,46.859736229424,
    23.974748939049));
#512 = CARTESIAN_POINT('',(55.324274179238,46.859736229424,
    25.862270892041));
#513 = CARTESIAN_POINT('',(56.958916140729,46.859736229424,
    24.918509915545));
#514 = CARTESIAN_POINT('',(58.593558102221,46.859736229424,
    23.974748939049));
#515 = CARTESIAN_POINT('',(56.958916140729,46.859736229424,
    23.030987962553));
#516 = CARTESIAN_POINT('',(55.324274179238,46.859736229424,
    22.087226986057));
#517 = CARTESIAN_POINT('',(55.324274179238,46.859736229424,
    23.974748939049));
#518 = ( BOUNDED_SURFACE() B_SPLINE_SURFACE(2,1,(
    (#519,#520)
    ,(#521,#522)
    ,(#523,#524)
    ,(#525,#526)
    ,(#527,#528)
    ,(#529,#530)
    ,(#531,#532)
    ,(#533,#534)
,(#535,#536
    )),.UNSPECIFIED.,.T.,.F.,.F.) B_SPLINE_SURFACE_WITH_KNOTS((3,2,2,2,3
    ),(2,2),(3.14159265359,4.188790204786,6.28318530718,8.377580409573,
    9.424777960769),(44.5,46.),.UNSPECIFIED.) 
GEOMETRIC_REPRESENTATION_ITEM() RATIONAL_B_SPLINE_SURFACE((
    (0.75,0.75)
    ,(0.75,0.75)
    ,(1.,1.)
    ,(0.5,0.5)
    ,(1.,1.)
    ,(0.5,0.5)
    ,(1.,1.)
    ,(0.75,0.75)
,(0.75,0.75))) REPRESENTATION_ITEM('') SURFACE() );
#519 = CARTESIAN_POINT('',(55.324274179238,46.859736229424,
    23.974748939049));
#520 = CARTESIAN_POINT('',(55.324274179238,48.494378190916,
    23.974748939049));
#521 = CARTESIAN_POINT('',(55.324274179238,46.859736229424,
    24.60392292338));
#522 = CARTESIAN_POINT('',(55.324274179238,48.494378190916,
    24.60392292338));
#523 = CARTESIAN_POINT('',(55.869154833068,46.859736229424,
    24.918509915545));
#524 = CARTESIAN_POINT('',(55.869154833068,48.494378190916,
    24.918509915545));
#525 = CARTESIAN_POINT('',(57.50379679456,46.859736229424,
    25.862270892041));
#526 = CARTESIAN_POINT('',(57.50379679456,48.494378190916,
    25.862270892041));
#527 = CARTESIAN_POINT('',(57.50379679456,46.859736229424,
    23.974748939049));
#528 = CARTESIAN_POINT('',(57.50379679456,48.494378190916,
    23.974748939049));
#529 = CARTESIAN_POINT('',(57.50379679456,46.859736229424,
    22.087226986057));
#530 = CARTESIAN_POINT('',(57.50379679456,48.494378190916,
    22.087226986057));
#531 = CARTESIAN_POINT('',(55.869154833068,46.859736229424,
    23.030987962553));
#532 = CARTESIAN_POINT('',(55.869154833068,48.494378190916,
    23.030987962553));
#533 = CARTESIAN_POINT('',(55.324274179238,46.859736229424,
    23.345574954718));
#534 = CARTESIAN_POINT('',(55.324274179238,48.494378190916,
    23.345574954718));
#535 = CARTESIAN_POINT('',(55.324274179238,46.859736229424,
    23.974748939049));
#536 = CARTESIAN_POINT('',(55.324274179238,48.494378190916,
    23.974748939049));
#537 = ADVANCED_FACE('',(#538),#570,.T.);
#538 = FACE_BOUND('',#539,.T.);
#539 = EDGE_LOOP('',(#540,#550,#557,#565));
#540 = ORIENTED_EDGE('',*,*,#541,.T.);
#541 = EDGE_CURVE('',#542,#544,#546,.T.);
#542 = VERTEX_POINT('',#543);
#543 = CARTESIAN_POINT('',(9.807851915098,48.494378190916,
    28.878674653017));
#544 = VERTEX_POINT('',#545);
#545 = CARTESIAN_POINT('',(37.051884606623,48.494378190916,
    1.634641961492));
#546 = ( BOUNDED_CURVE() B_SPLINE_CURVE(2,(#547,#548,#549),
.UNSPECIFIED.,.F.,.F.) B_SPLINE_CURVE_WITH_KNOTS((3,3),(5.497787143782,
7.068583470577),.PIECEWISE_BEZIER_KNOTS.) CURVE() 
GEOMETRIC_REPRESENTATION_ITEM() RATIONAL_B_SPLINE_CURVE((1.,
0.707106781187,1.)) REPRESENTATION_ITEM('') );
#547 = CARTESIAN_POINT('',(9.807851915098,48.494378190916,
    28.878674653017));
#548 = CARTESIAN_POINT('',(9.807851915098,48.494378190916,1.634641961492
    ));
#549 = CARTESIAN_POINT('',(37.051884606623,48.494378190916,
    1.634641961492));
#550 = ORIENTED_EDGE('',*,*,#551,.T.);
#551 = EDGE_CURVE('',#544,#552,#554,.T.);
#552 = VERTEX_POINT('',#553);
#553 = CARTESIAN_POINT('',(37.051884606623,46.859736229424,
    1.634641961492));
#554 = B_SPLINE_CURVE_WITH_KNOTS('',1,(#555,#556),.UNSPECIFIED.,.F.,.F.,
  (2,2),(-1.5,0.),.PIECEWISE_BEZIER_KNOTS.);
#555 = CARTESIAN_POINT('',(37.051884606623,48.494378190916,
    1.634641961492));
#556 = CARTESIAN_POINT('',(37.051884606623,46.859736229424,
    1.634641961492));
#557 = ORIENTED_EDGE('',*,*,#558,.T.);
#558 = EDGE_CURVE('',#552,#559,#561,.T.);
#559 = VERTEX_POINT('',#560);
#560 = CARTESIAN_POINT('',(9.807851915098,46.859736229424,
    28.878674653017));
#561 = ( BOUNDED_CURVE() B_SPLINE_CURVE(2,(#562,#563,#564),
.UNSPECIFIED.,.F.,.F.) B_SPLINE_CURVE_WITH_KNOTS((3,3),(5.497787143782,
7.068583470577),.PIECEWISE_BEZIER_KNOTS.) CURVE() 
GEOMETRIC_REPRESENTATION_ITEM() RATIONAL_B_SPLINE_CURVE((1.,
0.707106781187,1.)) REPRESENTATION_ITEM('') );
#562 = CARTESIAN_POINT('',(37.051884606623,46.859736229424,
    1.634641961492));
#563 = CARTESIAN_POINT('',(9.807851915098,46.859736229424,1.634641961492
    ));
#564 = CARTESIAN_POINT('',(9.807851915098,46.859736229424,
    28.878674653017));
#565 = ORIENTED_EDGE('',*,*,#566,.T.);
#566 = EDGE_CURVE('',#559,#542,#567,.T.);
#567 = B_SPLINE_CURVE_WITH_KNOTS('',1,(#568,#569),.UNSPECIFIED.,.F.,.F.,
  (2,2),(0.,1.5),.PIECEWISE_BEZIER_KNOTS.);
#568 = CARTESIAN_POINT('',(9.807851915098,46.859736229424,
    28.878674653017));
#569 = CARTESIAN_POINT('',(9.807851915098,48.494378190916,
    28.878674653017));
#570 = ( BOUNDED_SURFACE() B_SPLINE_SURFACE(2,1,(
    (#571,#572)
    ,(#573,#574)
,(#575,#576
    )),.UNSPECIFIED.,.F.,.F.,.F.) B_SPLINE_SURFACE_WITH_KNOTS((3,3),(2,2
    ),(-0.785398163397,0.785398163397),(0.,1.5),
.PIECEWISE_BEZIER_KNOTS.) GEOMETRIC_REPRESENTATION_ITEM() 
RATIONAL_B_SPLINE_SURFACE((
    (1.,1.)
    ,(0.707106781187,0.707106781187)
,(1.,1.))) REPRESENTATION_ITEM('') SURFACE() );
#571 = CARTESIAN_POINT('',(37.051884606623,46.859736229424,
    1.634641961492));
#572 = CARTESIAN_POINT('',(37.051884606623,48.494378190916,
    1.634641961492));
#573 = CARTESIAN_POINT('',(9.807851915098,46.859736229424,1.634641961492
    ));
#574 = CARTESIAN_POINT('',(9.807851915098,48.494378190916,1.634641961492
    ));
#575 = CARTESIAN_POINT('',(9.807851915098,46.859736229424,
    28.878674653017));
#576 = CARTESIAN_POINT('',(9.807851915098,48.494378190916,
    28.878674653017));
#577 = ADVANCED_FACE('',(#578),#600,.T.);
#578 = FACE_BOUND('',#579,.T.);
#579 = EDGE_LOOP('',(#580,#581,#588,#595));
#580 = ORIENTED_EDGE('',*,*,#566,.F.);
#581 = ORIENTED_EDGE('',*,*,#582,.T.);
#582 = EDGE_CURVE('',#559,#583,#585,.T.);
#583 = VERTEX_POINT('',#584);
#584 = CARTESIAN_POINT('',(9.807851915098,46.859736229424,41.41093030819
    ));
#585 = B_SPLINE_CURVE_WITH_KNOTS('',1,(#586,#587),.UNSPECIFIED.,.F.,.F.,
  (2,2),(25.,36.500000566244),.PIECEWISE_BEZIER_KNOTS.);
#586 = CARTESIAN_POINT('',(9.807851915098,46.859736229424,
    28.878674653017));
#587 = CARTESIAN_POINT('',(9.807851915098,46.859736229424,41.41093030819
    ));
#588 = ORIENTED_EDGE('',*,*,#589,.T.);
#589 = EDGE_CURVE('',#583,#590,#592,.T.);
#590 = VERTEX_POINT('',#591);
#591 = CARTESIAN_POINT('',(9.807851915098,48.494378190916,41.41093030819
    ));
#592 = B_SPLINE_CURVE_WITH_KNOTS('',1,(#593,#594),.UNSPECIFIED.,.F.,.F.,
  (2,2),(0.,1.5),.PIECEWISE_BEZIER_KNOTS.);
#593 = CARTESIAN_POINT('',(9.807851915098,46.859736229424,41.41093030819
    ));
#594 = CARTESIAN_POINT('',(9.807851915098,48.494378190916,41.41093030819
    ));
#595 = ORIENTED_EDGE('',*,*,#596,.F.);
#596 = EDGE_CURVE('',#542,#590,#597,.T.);
#597 = B_SPLINE_CURVE_WITH_KNOTS('',1,(#598,#599),.UNSPECIFIED.,.F.,.F.,
  (2,2),(25.,36.500000566244),.PIECEWISE_BEZIER_KNOTS.);
#598 = CARTESIAN_POINT('',(9.807851915098,48.494378190916,
    28.878674653017));
#599 = CARTESIAN_POINT('',(9.807851915098,48.494378190916,41.41093030819
    ));
#600 = B_SPLINE_SURFACE_WITH_KNOTS('',1,1,(
    (#601,#602)
    ,(#603,#604
    )),.UNSPECIFIED.,.F.,.F.,.F.,(2,2),(2,2),(25.,36.500000566244),(0.,
    1.5),.PIECEWISE_BEZIER_KNOTS.);
#601 = CARTESIAN_POINT('',(9.807851915098,46.859736229424,
    28.878674653017));
#602 = CARTESIAN_POINT('',(9.807851915098,48.494378190916,
    28.878674653017));
#603 = CARTESIAN_POINT('',(9.807851915098,46.859736229424,41.41093030819
    ));
#604 = CARTESIAN_POINT('',(9.807851915098,48.494378190916,41.41093030819
    ));
#605 = ADVANCED_FACE('',(#606,#637,#640,#643,#646,#649,#652,#655,#658,
    #661,#664),#667,.F.);
#606 = FACE_BOUND('',#607,.T.);
#607 = EDGE_LOOP('',(#608,#609,#616,#624,#631,#636));
#608 = ORIENTED_EDGE('',*,*,#558,.F.);
#609 = ORIENTED_EDGE('',*,*,#610,.F.);
#610 = EDGE_CURVE('',#611,#552,#613,.T.);
#611 = VERTEX_POINT('',#612);
#612 = CARTESIAN_POINT('',(60.985245663987,46.859736229424,
    1.634641961492));
#613 = B_SPLINE_CURVE_WITH_KNOTS('',1,(#614,#615),.UNSPECIFIED.,.F.,.F.,
  (2,2),(25.,46.962021306053),.PIECEWISE_BEZIER_KNOTS.);
#614 = CARTESIAN_POINT('',(60.985245663987,46.859736229424,
    1.634641961492));
#615 = CARTESIAN_POINT('',(37.051884606623,46.859736229424,
    1.634641961492));
#616 = ORIENTED_EDGE('',*,*,#617,.F.);
#617 = EDGE_CURVE('',#618,#611,#620,.T.);
#618 = VERTEX_POINT('',#619);
#619 = CARTESIAN_POINT('',(88.229278355513,46.859736229424,
    28.878674653017));
#620 = ( BOUNDED_CURVE() B_SPLINE_CURVE(2,(#621,#622,#623),
.UNSPECIFIED.,.F.,.F.) B_SPLINE_CURVE_WITH_KNOTS((3,3),(5.497787143782,
7.068583470577),.PIECEWISE_BEZIER_KNOTS.) CURVE() 
GEOMETRIC_REPRESENTATION_ITEM() RATIONAL_B_SPLINE_CURVE((1.,
0.707106781187,1.)) REPRESENTATION_ITEM('') );
#621 = CARTESIAN_POINT('',(88.229278355513,46.859736229424,
    28.878674653017));
#622 = CARTESIAN_POINT('',(88.229278355513,46.859736229424,
    1.634641961492));
#623 = CARTESIAN_POINT('',(60.985245663987,46.859736229424,
    1.634641961492));
#624 = ORIENTED_EDGE('',*,*,#625,.F.);
#625 = EDGE_CURVE('',#626,#618,#628,.T.);
#626 = VERTEX_POINT('',#627);
#627 = CARTESIAN_POINT('',(88.229278355513,46.859736229424,
    41.41093030819));
#628 = B_SPLINE_CURVE_WITH_KNOTS('',1,(#629,#630),.UNSPECIFIED.,.F.,.F.,
  (2,2),(0.,11.500000566244),.PIECEWISE_BEZIER_KNOTS.);
#629 = CARTESIAN_POINT('',(88.229278355513,46.859736229424,
    41.41093030819));
#630 = CARTESIAN_POINT('',(88.229278355513,46.859736229424,
    28.878674653017));
#631 = ORIENTED_EDGE('',*,*,#632,.F.);
#632 = EDGE_CURVE('',#583,#626,#633,.T.);
#633 = B_SPLINE_CURVE_WITH_KNOTS('',1,(#634,#635),.UNSPECIFIED.,.F.,.F.,
  (2,2),(0.,71.962021306053),.PIECEWISE_BEZIER_KNOTS.);
#634 = CARTESIAN_POINT('',(9.807851915098,46.859736229424,41.41093030819
    ));
#635 = CARTESIAN_POINT('',(88.229278355513,46.859736229424,
    41.41093030819));
#636 = ORIENTED_EDGE('',*,*,#582,.F.);
#637 = FACE_BOUND('',#638,.T.);
#638 = EDGE_LOOP('',(#639));
#639 = ORIENTED_EDGE('',*,*,#41,.T.);
#640 = FACE_BOUND('',#641,.T.);
#641 = EDGE_LOOP('',(#642));
#642 = ORIENTED_EDGE('',*,*,#93,.T.);
#643 = FACE_BOUND('',#644,.T.);
#644 = EDGE_LOOP('',(#645));
#645 = ORIENTED_EDGE('',*,*,#145,.T.);
#646 = FACE_BOUND('',#647,.T.);
#647 = EDGE_LOOP('',(#648));
#648 = ORIENTED_EDGE('',*,*,#197,.T.);
#649 = FACE_BOUND('',#650,.T.);
#650 = EDGE_LOOP('',(#651));
#651 = ORIENTED_EDGE('',*,*,#249,.T.);
#652 = FACE_BOUND('',#653,.T.);
#653 = EDGE_LOOP('',(#654));
#654 = ORIENTED_EDGE('',*,*,#301,.T.);
#655 = FACE_BOUND('',#656,.T.);
#656 = EDGE_LOOP('',(#657));
#657 = ORIENTED_EDGE('',*,*,#353,.T.);
#658 = FACE_BOUND('',#659,.T.);
#659 = EDGE_LOOP('',(#660));
#660 = ORIENTED_EDGE('',*,*,#405,.T.);
#661 = FACE_BOUND('',#662,.T.);
#662 = EDGE_LOOP('',(#663));
#663 = ORIENTED_EDGE('',*,*,#457,.T.);
#664 = FACE_BOUND('',#665,.T.);
#665 = EDGE_LOOP('',(#666));
#666 = ORIENTED_EDGE('',*,*,#509,.T.);
#667 = B_SPLINE_SURFACE_WITH_KNOTS('',1,1,(
    (#668,#669)
    ,(#670,#671
    )),.UNSPECIFIED.,.F.,.F.,.F.,(2,2),(2,2),(-35.98101065302,
    35.981010653027),(-18.25000028312,18.250000283122),
  .PIECEWISE_BEZIER_KNOTS.);
#668 = CARTESIAN_POINT('',(88.229278355513,46.859736229424,
    1.634641961492));
#669 = CARTESIAN_POINT('',(88.229278355513,46.859736229424,
    41.41093030819));
#670 = CARTESIAN_POINT('',(9.807851915098,46.859736229424,1.634641961492
    ));
#671 = CARTESIAN_POINT('',(9.807851915098,46.859736229424,41.41093030819
    ));
#672 = ADVANCED_FACE('',(#673),#696,.T.);
#673 = FACE_BOUND('',#674,.T.);
#674 = EDGE_LOOP('',(#675,#685,#690,#691));
#675 = ORIENTED_EDGE('',*,*,#676,.T.);
#676 = EDGE_CURVE('',#677,#679,#681,.T.);
#677 = VERTEX_POINT('',#678);
#678 = CARTESIAN_POINT('',(60.985245663987,48.494378190916,
    1.634641961492));
#679 = VERTEX_POINT('',#680);
#680 = CARTESIAN_POINT('',(88.229278355513,48.494378190916,
    28.878674653017));
#681 = ( BOUNDED_CURVE() B_SPLINE_CURVE(2,(#682,#683,#684),
.UNSPECIFIED.,.F.,.F.) B_SPLINE_CURVE_WITH_KNOTS((3,3),(5.497787143782,
7.068583470577),.PIECEWISE_BEZIER_KNOTS.) CURVE() 
GEOMETRIC_REPRESENTATION_ITEM() RATIONAL_B_SPLINE_CURVE((1.,
0.707106781187,1.)) REPRESENTATION_ITEM('') );
#682 = CARTESIAN_POINT('',(60.985245663987,48.494378190916,
    1.634641961492));
#683 = CARTESIAN_POINT('',(88.229278355513,48.494378190916,
    1.634641961492));
#684 = CARTESIAN_POINT('',(88.229278355513,48.494378190916,
    28.878674653017));
#685 = ORIENTED_EDGE('',*,*,#686,.T.);
#686 = EDGE_CURVE('',#679,#618,#687,.T.);
#687 = B_SPLINE_CURVE_WITH_KNOTS('',1,(#688,#689),.UNSPECIFIED.,.F.,.F.,
  (2,2),(-1.5,0.),.PIECEWISE_BEZIER_KNOTS.);
#688 = CARTESIAN_POINT('',(88.229278355513,48.494378190916,
    28.878674653017));
#689 = CARTESIAN_POINT('',(88.229278355513,46.859736229424,
    28.878674653017));
#690 = ORIENTED_EDGE('',*,*,#617,.T.);
#691 = ORIENTED_EDGE('',*,*,#692,.T.);
#692 = EDGE_CURVE('',#611,#677,#693,.T.);
#693 = B_SPLINE_CURVE_WITH_KNOTS('',1,(#694,#695),.UNSPECIFIED.,.F.,.F.,
  (2,2),(0.,1.5),.PIECEWISE_BEZIER_KNOTS.);
#694 = CARTESIAN_POINT('',(60.985245663987,46.859736229424,
    1.634641961492));
#695 = CARTESIAN_POINT('',(60.985245663987,48.494378190916,
    1.634641961492));
#696 = ( BOUNDED_SURFACE() B_SPLINE_SURFACE(2,1,(
    (#697,#698)
    ,(#699,#700)
,(#701,#702
    )),.UNSPECIFIED.,.F.,.F.,.F.) B_SPLINE_SURFACE_WITH_KNOTS((3,3),(2,2
    ),(5.497787143782,7.068583470577),(0.,1.5),
.PIECEWISE_BEZIER_KNOTS.) GEOMETRIC_REPRESENTATION_ITEM() 
RATIONAL_B_SPLINE_SURFACE((
    (1.,1.)
    ,(0.707106781187,0.707106781187)
,(1.,1.))) REPRESENTATION_ITEM('') SURFACE() );
#697 = CARTESIAN_POINT('',(88.229278355513,46.859736229424,
    28.878674653017));
#698 = CARTESIAN_POINT('',(88.229278355513,48.494378190916,
    28.878674653017));
#699 = CARTESIAN_POINT('',(88.229278355513,46.859736229424,
    1.634641961492));
#700 = CARTESIAN_POINT('',(88.229278355513,48.494378190916,
    1.634641961492));
#701 = CARTESIAN_POINT('',(60.985245663987,46.859736229424,
    1.634641961492));
#702 = CARTESIAN_POINT('',(60.985245663987,48.494378190916,
    1.634641961492));
#703 = ADVANCED_FACE('',(#704),#720,.T.);
#704 = FACE_BOUND('',#705,.T.);
#705 = EDGE_LOOP('',(#706,#707,#714,#719));
#706 = ORIENTED_EDGE('',*,*,#686,.F.);
#707 = ORIENTED_EDGE('',*,*,#708,.F.);
#708 = EDGE_CURVE('',#709,#679,#711,.T.);
#709 = VERTEX_POINT('',#710);
#710 = CARTESIAN_POINT('',(88.229278355513,48.494378190916,
    41.41093030819));
#711 = B_SPLINE_CURVE_WITH_KNOTS('',1,(#712,#713),.UNSPECIFIED.,.F.,.F.,
  (2,2),(0.,11.500000566244),.PIECEWISE_BEZIER_KNOTS.);
#712 = CARTESIAN_POINT('',(88.229278355513,48.494378190916,
    41.41093030819));
#713 = CARTESIAN_POINT('',(88.229278355513,48.494378190916,
    28.878674653017));
#714 = ORIENTED_EDGE('',*,*,#715,.F.);
#715 = EDGE_CURVE('',#626,#709,#716,.T.);
#716 = B_SPLINE_CURVE_WITH_KNOTS('',1,(#717,#718),.UNSPECIFIED.,.F.,.F.,
  (2,2),(0.,1.5),.PIECEWISE_BEZIER_KNOTS.);
#717 = CARTESIAN_POINT('',(88.229278355513,46.859736229424,
    41.41093030819));
#718 = CARTESIAN_POINT('',(88.229278355513,48.494378190916,
    41.41093030819));
#719 = ORIENTED_EDGE('',*,*,#625,.T.);
#720 = B_SPLINE_SURFACE_WITH_KNOTS('',1,1,(
    (#721,#722)
    ,(#723,#724
    )),.UNSPECIFIED.,.F.,.F.,.F.,(2,2),(2,2),(0.,11.500000566244),(0.,
    1.5),.PIECEWISE_BEZIER_KNOTS.);
#721 = CARTESIAN_POINT('',(88.229278355513,46.859736229424,
    41.41093030819));
#722 = CARTESIAN_POINT('',(88.229278355513,48.494378190916,
    41.41093030819));
#723 = CARTESIAN_POINT('',(88.229278355513,46.859736229424,
    28.878674653017));
#724 = CARTESIAN_POINT('',(88.229278355513,48.494378190916,
    28.878674653017));
#725 = ADVANCED_FACE('',(#726),#736,.T.);
#726 = FACE_BOUND('',#727,.T.);
#727 = EDGE_LOOP('',(#728,#729,#730,#735));
#728 = ORIENTED_EDGE('',*,*,#632,.T.);
#729 = ORIENTED_EDGE('',*,*,#715,.T.);
#730 = ORIENTED_EDGE('',*,*,#731,.F.);
#731 = EDGE_CURVE('',#590,#709,#732,.T.);
#732 = B_SPLINE_CURVE_WITH_KNOTS('',1,(#733,#734),.UNSPECIFIED.,.F.,.F.,
  (2,2),(0.,71.962021306053),.PIECEWISE_BEZIER_KNOTS.);
#733 = CARTESIAN_POINT('',(9.807851915098,48.494378190916,41.41093030819
    ));
#734 = CARTESIAN_POINT('',(88.229278355513,48.494378190916,
    41.41093030819));
#735 = ORIENTED_EDGE('',*,*,#589,.F.);
#736 = B_SPLINE_SURFACE_WITH_KNOTS('',1,1,(
    (#737,#738)
    ,(#739,#740
    )),.UNSPECIFIED.,.F.,.F.,.F.,(2,2),(2,2),(0.,71.962021306053),(0.,
    1.5),.PIECEWISE_BEZIER_KNOTS.);
#737 = CARTESIAN_POINT('',(9.807851915098,46.859736229424,41.41093030819
    ));
#738 = CARTESIAN_POINT('',(9.807851915098,48.494378190916,41.41093030819
    ));
#739 = CARTESIAN_POINT('',(88.229278355513,46.859736229424,
    41.41093030819));
#740 = CARTESIAN_POINT('',(88.229278355513,48.494378190916,
    41.41093030819));
#741 = ADVANCED_FACE('',(#742),#752,.T.);
#742 = FACE_BOUND('',#743,.T.);
#743 = EDGE_LOOP('',(#744,#745,#750,#751));
#744 = ORIENTED_EDGE('',*,*,#551,.F.);
#745 = ORIENTED_EDGE('',*,*,#746,.F.);
#746 = EDGE_CURVE('',#677,#544,#747,.T.);
#747 = B_SPLINE_CURVE_WITH_KNOTS('',1,(#748,#749),.UNSPECIFIED.,.F.,.F.,
  (2,2),(25.,46.962021306053),.PIECEWISE_BEZIER_KNOTS.);
#748 = CARTESIAN_POINT('',(60.985245663987,48.494378190916,
    1.634641961492));
#749 = CARTESIAN_POINT('',(37.051884606623,48.494378190916,
    1.634641961492));
#750 = ORIENTED_EDGE('',*,*,#692,.F.);
#751 = ORIENTED_EDGE('',*,*,#610,.T.);
#752 = B_SPLINE_SURFACE_WITH_KNOTS('',1,1,(
    (#753,#754)
    ,(#755,#756
    )),.UNSPECIFIED.,.F.,.F.,.F.,(2,2),(2,2),(25.,46.962021306053),(0.,
    1.5),.PIECEWISE_BEZIER_KNOTS.);
#753 = CARTESIAN_POINT('',(60.985245663987,46.859736229424,
    1.634641961492));
#754 = CARTESIAN_POINT('',(60.985245663987,48.494378190916,
    1.634641961492));
#755 = CARTESIAN_POINT('',(37.051884606623,46.859736229424,
    1.634641961492));
#756 = CARTESIAN_POINT('',(37.051884606623,48.494378190916,
    1.634641961492));
#757 = ADVANCED_FACE('',(#758,#766,#769,#772,#775,#778,#781,#784,#787,
    #790,#793),#796,.T.);
#758 = FACE_BOUND('',#759,.T.);
#759 = EDGE_LOOP('',(#760,#761,#762,#763,#764,#765));
#760 = ORIENTED_EDGE('',*,*,#541,.F.);
#761 = ORIENTED_EDGE('',*,*,#596,.T.);
#762 = ORIENTED_EDGE('',*,*,#731,.T.);
#763 = ORIENTED_EDGE('',*,*,#708,.T.);
#764 = ORIENTED_EDGE('',*,*,#676,.F.);
#765 = ORIENTED_EDGE('',*,*,#746,.T.);
#766 = FACE_BOUND('',#767,.T.);
#767 = EDGE_LOOP('',(#768));
#768 = ORIENTED_EDGE('',*,*,#30,.T.);
#769 = FACE_BOUND('',#770,.T.);
#770 = EDGE_LOOP('',(#771));
#771 = ORIENTED_EDGE('',*,*,#82,.T.);
#772 = FACE_BOUND('',#773,.T.);
#773 = EDGE_LOOP('',(#774));
#774 = ORIENTED_EDGE('',*,*,#134,.T.);
#775 = FACE_BOUND('',#776,.T.);
#776 = EDGE_LOOP('',(#777));
#777 = ORIENTED_EDGE('',*,*,#186,.T.);
#778 = FACE_BOUND('',#779,.T.);
#779 = EDGE_LOOP('',(#780));
#780 = ORIENTED_EDGE('',*,*,#238,.T.);
#781 = FACE_BOUND('',#782,.T.);
#782 = EDGE_LOOP('',(#783));
#783 = ORIENTED_EDGE('',*,*,#290,.T.);
#784 = FACE_BOUND('',#785,.T.);
#785 = EDGE_LOOP('',(#786));
#786 = ORIENTED_EDGE('',*,*,#342,.T.);
#787 = FACE_BOUND('',#788,.T.);
#788 = EDGE_LOOP('',(#789));
#789 = ORIENTED_EDGE('',*,*,#394,.T.);
#790 = FACE_BOUND('',#791,.T.);
#791 = EDGE_LOOP('',(#792));
#792 = ORIENTED_EDGE('',*,*,#446,.T.);
#793 = FACE_BOUND('',#794,.T.);
#794 = EDGE_LOOP('',(#795));
#795 = ORIENTED_EDGE('',*,*,#498,.T.);
#796 = B_SPLINE_SURFACE_WITH_KNOTS('',1,1,(
    (#797,#798)
    ,(#799,#800
    )),.UNSPECIFIED.,.F.,.F.,.F.,(2,2),(2,2),(-18.25000028312,
    18.250000283122),(-35.98101065302,35.981010653027),
  .PIECEWISE_BEZIER_KNOTS.);
#797 = CARTESIAN_POINT('',(9.807851915098,48.494378190916,1.634641961492
    ));
#798 = CARTESIAN_POINT('',(88.229278355513,48.494378190916,
    1.634641961492));
#799 = CARTESIAN_POINT('',(9.807851915098,48.494378190916,41.41093030819
    ));
#800 = CARTESIAN_POINT('',(88.229278355513,48.494378190916,
    41.41093030819));
#801 = MANIFOLD_SOLID_BREP('',#802);
#802 = CLOSED_SHELL('',(#803,#855,#934,#986,#1065,#1106,#1147,#1188,
    #1229,#1270,#1311,#1352,#1393,#1434,#1475,#1515,#1563,#1595,#1650,
    #1690,#1710,#1750,#1771,#1815,#1851,#1879,#1915,#2014,#2054,#2082,
    #2114,#2142,#2263,#2299,#2331,#2363,#2383,#2411,#2439,#2464,#2489,
    #2514,#2530,#2549,#2565,#2581,#2593,#2631,#2662,#2700,#2731,#2788,
    #2810,#2867,#2889,#2943,#3143,#3163,#3179,#3193,#3209,#3223,#3275,
    #3323,#3378,#3419,#3467,#3493,#3519,#3567,#3584,#3705,#3753,#3770,
    #3891,#3928,#3945,#3982,#3999,#4036,#4053,#4090,#4107,#4144,#4161,
    #4198,#4215,#4249,#4283,#4303,#4337,#4371,#4405,#4439,#4459,#4493,
    #4527,#4543,#4555,#4571,#4621,#4643,#4659,#4677));
#803 = ADVANCED_FACE('',(#804),#836,.T.);
#804 = FACE_BOUND('',#805,.T.);
#805 = EDGE_LOOP('',(#806,#818,#825,#835));
#806 = ORIENTED_EDGE('',*,*,#807,.F.);
#807 = EDGE_CURVE('',#808,#808,#810,.T.);
#808 = VERTEX_POINT('',#809);
#809 = CARTESIAN_POINT('',(52.054990256255,39.776511565779,
    23.974748939049));
#810 = ( BOUNDED_CURVE() B_SPLINE_CURVE(2,(#811,#812,#813,#814,#815,#816
,#817),.UNSPECIFIED.,.T.,.F.) B_SPLINE_CURVE_WITH_KNOTS((3,2,2,3),(
    3.14159265359,5.235987755983,7.330382858376,9.424777960769),
.PIECEWISE_BEZIER_KNOTS.) CURVE() GEOMETRIC_REPRESENTATION_ITEM() 
RATIONAL_B_SPLINE_CURVE((1.,0.5,1.,0.5,1.,0.5,1.)) REPRESENTATION_ITEM(
  '') );
#811 = CARTESIAN_POINT('',(52.054990256255,39.776511565779,
    23.974748939049));
#812 = CARTESIAN_POINT('',(52.054990256255,39.776511565779,
    -4.338080355825));
#813 = CARTESIAN_POINT('',(76.574619678628,39.776511565779,
    9.818334291612));
#814 = CARTESIAN_POINT('',(101.094249101,39.776511565779,23.974748939049
    ));
#815 = CARTESIAN_POINT('',(76.574619678628,39.776511565779,
    38.131163586486));
#816 = CARTESIAN_POINT('',(52.054990256255,39.776511565779,
    52.287578233923));
#817 = CARTESIAN_POINT('',(52.054990256255,39.776511565779,
    23.974748939049));
#818 = ORIENTED_EDGE('',*,*,#819,.T.);
#819 = EDGE_CURVE('',#808,#820,#822,.T.);
#820 = VERTEX_POINT('',#821);
#821 = CARTESIAN_POINT('',(52.054990256255,41.41115352727,
    23.974748939049));
#822 = B_SPLINE_CURVE_WITH_KNOTS('',1,(#823,#824),.UNSPECIFIED.,.F.,.F.,
  (2,2),(-1.5,0.),.PIECEWISE_BEZIER_KNOTS.);
#823 = CARTESIAN_POINT('',(52.054990256255,39.776511565779,
    23.974748939049));
#824 = CARTESIAN_POINT('',(52.054990256255,41.41115352727,
    23.974748939049));
#825 = ORIENTED_EDGE('',*,*,#826,.F.);
#826 = EDGE_CURVE('',#820,#820,#827,.T.);
#827 = ( BOUNDED_CURVE() B_SPLINE_CURVE(2,(#828,#829,#830,#831,#832,#833
,#834),.UNSPECIFIED.,.T.,.F.) B_SPLINE_CURVE_WITH_KNOTS((3,2,2,3),(
    3.14159265359,5.235987755983,7.330382858376,9.424777960769),
.PIECEWISE_BEZIER_KNOTS.) CURVE() GEOMETRIC_REPRESENTATION_ITEM() 
RATIONAL_B_SPLINE_CURVE((1.,0.5,1.,0.5,1.,0.5,1.)) REPRESENTATION_ITEM(
  '') );
#828 = CARTESIAN_POINT('',(52.054990256255,41.41115352727,
    23.974748939049));
#829 = CARTESIAN_POINT('',(52.054990256255,41.41115352727,
    52.287578233923));
#830 = CARTESIAN_POINT('',(76.574619678628,41.41115352727,
    38.131163586486));
#831 = CARTESIAN_POINT('',(101.094249101,41.41115352727,23.974748939049)
  );
#832 = CARTESIAN_POINT('',(76.574619678628,41.41115352727,9.818334291612
    ));
#833 = CARTESIAN_POINT('',(52.054990256255,41.41115352727,
    -4.338080355825));
#834 = CARTESIAN_POINT('',(52.054990256255,41.41115352727,
    23.974748939049));
#835 = ORIENTED_EDGE('',*,*,#819,.F.);
#836 = ( BOUNDED_SURFACE() B_SPLINE_SURFACE(2,1,(
    (#837,#838)
    ,(#839,#840)
    ,(#841,#842)
    ,(#843,#844)
    ,(#845,#846)
    ,(#847,#848)
    ,(#849,#850)
    ,(#851,#852)
,(#853,#854
    )),.UNSPECIFIED.,.T.,.F.,.F.) B_SPLINE_SURFACE_WITH_KNOTS((3,2,2,2,3
    ),(2,2),(-3.14159265359,-2.094395102393,0.,2.094395102393,
3.14159265359),(0.,1.5),.UNSPECIFIED.) GEOMETRIC_REPRESENTATION_ITEM() 
RATIONAL_B_SPLINE_SURFACE((
    (0.75,0.75)
    ,(0.75,0.75)
    ,(1.,1.)
    ,(0.5,0.5)
    ,(1.,1.)
    ,(0.5,0.5)
    ,(1.,1.)
    ,(0.75,0.75)
,(0.75,0.75))) REPRESENTATION_ITEM('') SURFACE() );
#837 = CARTESIAN_POINT('',(52.054990256255,41.41115352727,
    23.974748939049));
#838 = CARTESIAN_POINT('',(52.054990256255,39.776511565779,
    23.974748939049));
#839 = CARTESIAN_POINT('',(52.054990256255,41.41115352727,
    14.537139174091));
#840 = CARTESIAN_POINT('',(52.054990256255,39.776511565779,
    14.537139174091));
#841 = CARTESIAN_POINT('',(60.228200063713,41.41115352727,9.818334291612
    ));
#842 = CARTESIAN_POINT('',(60.228200063713,39.776511565779,
    9.818334291612));
#843 = CARTESIAN_POINT('',(84.747829486086,41.41115352727,
    -4.338080355825));
#844 = CARTESIAN_POINT('',(84.747829486086,39.776511565779,
    -4.338080355825));
#845 = CARTESIAN_POINT('',(84.747829486086,41.41115352727,
    23.974748939049));
#846 = CARTESIAN_POINT('',(84.747829486086,39.776511565779,
    23.974748939049));
#847 = CARTESIAN_POINT('',(84.747829486086,41.41115352727,
    52.287578233923));
#848 = CARTESIAN_POINT('',(84.747829486086,39.776511565779,
    52.287578233923));
#849 = CARTESIAN_POINT('',(60.228200063713,41.41115352727,
    38.131163586486));
#850 = CARTESIAN_POINT('',(60.228200063713,39.776511565779,
    38.131163586486));
#851 = CARTESIAN_POINT('',(52.054990256255,41.41115352727,
    33.412358704007));
#852 = CARTESIAN_POINT('',(52.054990256255,39.776511565779,
    33.412358704007));
#853 = CARTESIAN_POINT('',(52.054990256255,41.41115352727,
    23.974748939049));
#854 = CARTESIAN_POINT('',(52.054990256255,39.776511565779,
    23.974748939049));
#855 = ADVANCED_FACE('',(#856,#859,#873,#887,#901,#915),#929,.T.);
#856 = FACE_BOUND('',#857,.T.);
#857 = EDGE_LOOP('',(#858));
#858 = ORIENTED_EDGE('',*,*,#807,.T.);
#859 = FACE_BOUND('',#860,.T.);
#860 = EDGE_LOOP('',(#861));
#861 = ORIENTED_EDGE('',*,*,#862,.T.);
#862 = EDGE_CURVE('',#863,#863,#865,.T.);
#863 = VERTEX_POINT('',#864);
#864 = CARTESIAN_POINT('',(67.311648563509,39.776511565779,
    11.987374554778));
#865 = ( BOUNDED_CURVE() B_SPLINE_CURVE(2,(#866,#867,#868,#869,#870,#871
,#872),.UNSPECIFIED.,.T.,.F.) B_SPLINE_CURVE_WITH_KNOTS((3,2,2,3),(
    3.14159265359,5.235987755983,7.330382858376,9.424777960769),
.PIECEWISE_BEZIER_KNOTS.) CURVE() GEOMETRIC_REPRESENTATION_ITEM() 
RATIONAL_B_SPLINE_CURVE((1.,0.5,1.,0.5,1.,0.5,1.)) REPRESENTATION_ITEM(
  '') );
#866 = CARTESIAN_POINT('',(67.311648563509,39.776511565779,
    11.987374554778));
#867 = CARTESIAN_POINT('',(67.311648563509,39.776511565779,
    13.874896507769));
#868 = CARTESIAN_POINT('',(68.946290525001,39.776511565779,
    12.931135531274));
#869 = CARTESIAN_POINT('',(70.580932486492,39.776511565779,
    11.987374554778));
#870 = CARTESIAN_POINT('',(68.946290525001,39.776511565779,
    11.043613578282));
#871 = CARTESIAN_POINT('',(67.311648563509,39.776511565779,
    10.099852601786));
#872 = CARTESIAN_POINT('',(67.311648563509,39.776511565779,
    11.987374554778));
#873 = FACE_BOUND('',#874,.T.);
#874 = EDGE_LOOP('',(#875));
#875 = ORIENTED_EDGE('',*,*,#876,.T.);
#876 = EDGE_CURVE('',#877,#877,#879,.T.);
#877 = VERTEX_POINT('',#878);
#878 = CARTESIAN_POINT('',(79.29902294778,39.776511565779,
    23.974748939049));
#879 = ( BOUNDED_CURVE() B_SPLINE_CURVE(2,(#880,#881,#882,#883,#884,#885
,#886),.UNSPECIFIED.,.T.,.F.) B_SPLINE_CURVE_WITH_KNOTS((3,2,2,3),(
    3.14159265359,5.235987755983,7.330382858376,9.424777960769),
.PIECEWISE_BEZIER_KNOTS.) CURVE() GEOMETRIC_REPRESENTATION_ITEM() 
RATIONAL_B_SPLINE_CURVE((1.,0.5,1.,0.5,1.,0.5,1.)) REPRESENTATION_ITEM(
  '') );
#880 = CARTESIAN_POINT('',(79.29902294778,39.776511565779,
    23.974748939049));
#881 = CARTESIAN_POINT('',(79.29902294778,39.776511565779,
    25.862270892041));
#882 = CARTESIAN_POINT('',(80.933664909272,39.776511565779,
    24.918509915545));
#883 = CARTESIAN_POINT('',(82.568306870764,39.776511565779,
    23.974748939049));
#884 = CARTESIAN_POINT('',(80.933664909272,39.776511565779,
    23.030987962553));
#885 = CARTESIAN_POINT('',(79.29902294778,39.776511565779,
    22.087226986057));
#886 = CARTESIAN_POINT('',(79.29902294778,39.776511565779,
    23.974748939049));
#887 = FACE_BOUND('',#888,.T.);
#888 = EDGE_LOOP('',(#889));
#889 = ORIENTED_EDGE('',*,*,#890,.T.);
#890 = EDGE_CURVE('',#891,#891,#893,.T.);
#891 = VERTEX_POINT('',#892);
#892 = CARTESIAN_POINT('',(67.311648563509,39.776511565779,
    35.96212332332));
#893 = ( BOUNDED_CURVE() B_SPLINE_CURVE(2,(#894,#895,#896,#897,#898,#899
,#900),.UNSPECIFIED.,.T.,.F.) B_SPLINE_CURVE_WITH_KNOTS((3,2,2,3),(
    3.14159265359,5.235987755983,7.330382858376,9.424777960769),
.PIECEWISE_BEZIER_KNOTS.) CURVE() GEOMETRIC_REPRESENTATION_ITEM() 
RATIONAL_B_SPLINE_CURVE((1.,0.5,1.,0.5,1.,0.5,1.)) REPRESENTATION_ITEM(
  '') );
#894 = CARTESIAN_POINT('',(67.311648563509,39.776511565779,
    35.96212332332));
#895 = CARTESIAN_POINT('',(67.311648563509,39.776511565779,
    37.849645276312));
#896 = CARTESIAN_POINT('',(68.946290525001,39.776511565779,
    36.905884299816));
#897 = CARTESIAN_POINT('',(70.580932486492,39.776511565779,
    35.96212332332));
#898 = CARTESIAN_POINT('',(68.946290525001,39.776511565779,
    35.018362346824));
#899 = CARTESIAN_POINT('',(67.311648563509,39.776511565779,
    34.074601370329));
#900 = CARTESIAN_POINT('',(67.311648563509,39.776511565779,
    35.96212332332));
#901 = FACE_BOUND('',#902,.T.);
#902 = EDGE_LOOP('',(#903));
#903 = ORIENTED_EDGE('',*,*,#904,.T.);
#904 = EDGE_CURVE('',#905,#905,#907,.T.);
#905 = VERTEX_POINT('',#906);
#906 = CARTESIAN_POINT('',(60.773080717493,39.776511565779,
    23.974748939049));
#907 = ( BOUNDED_CURVE() B_SPLINE_CURVE(2,(#908,#909,#910,#911,#912,#913
,#914),.UNSPECIFIED.,.T.,.F.) B_SPLINE_CURVE_WITH_KNOTS((3,2,2,3),(
    3.14159265359,5.235987755983,7.330382858376,9.424777960769),
.PIECEWISE_BEZIER_KNOTS.) CURVE() GEOMETRIC_REPRESENTATION_ITEM() 
RATIONAL_B_SPLINE_CURVE((1.,0.5,1.,0.5,1.,0.5,1.)) REPRESENTATION_ITEM(
  '') );
#908 = CARTESIAN_POINT('',(60.773080717493,39.776511565779,
    23.974748939049));
#909 = CARTESIAN_POINT('',(60.773080717493,39.776511565779,
    37.187402610077));
#910 = CARTESIAN_POINT('',(72.215574448009,39.776511565779,
    30.581075774563));
#911 = CARTESIAN_POINT('',(83.658068178525,39.776511565779,
    23.974748939049));
#912 = CARTESIAN_POINT('',(72.215574448009,39.776511565779,
    17.368422103535));
#913 = CARTESIAN_POINT('',(60.773080717493,39.776511565779,
    10.762095268021));
#914 = CARTESIAN_POINT('',(60.773080717493,39.776511565779,
    23.974748939049));
#915 = FACE_BOUND('',#916,.T.);
#916 = EDGE_LOOP('',(#917));
#917 = ORIENTED_EDGE('',*,*,#918,.T.);
#918 = EDGE_CURVE('',#919,#919,#921,.T.);
#919 = VERTEX_POINT('',#920);
#920 = CARTESIAN_POINT('',(55.324274179238,39.776511565779,
    23.974748939049));
#921 = ( BOUNDED_CURVE() B_SPLINE_CURVE(2,(#922,#923,#924,#925,#926,#927
,#928),.UNSPECIFIED.,.T.,.F.) B_SPLINE_CURVE_WITH_KNOTS((3,2,2,3),(
    3.14159265359,5.235987755983,7.330382858376,9.424777960769),
.PIECEWISE_BEZIER_KNOTS.) CURVE() GEOMETRIC_REPRESENTATION_ITEM() 
RATIONAL_B_SPLINE_CURVE((1.,0.5,1.,0.5,1.,0.5,1.)) REPRESENTATION_ITEM(
  '') );
#922 = CARTESIAN_POINT('',(55.324274179238,39.776511565779,
    23.974748939049));
#923 = CARTESIAN_POINT('',(55.324274179238,39.776511565779,
    25.862270892041));
#924 = CARTESIAN_POINT('',(56.958916140729,39.776511565779,
    24.918509915545));
#925 = CARTESIAN_POINT('',(58.593558102221,39.776511565779,
    23.974748939049));
#926 = CARTESIAN_POINT('',(56.958916140729,39.776511565779,
    23.030987962553));
#927 = CARTESIAN_POINT('',(55.324274179238,39.776511565779,
    22.087226986057));
#928 = CARTESIAN_POINT('',(55.324274179238,39.776511565779,
    23.974748939049));
#929 = B_SPLINE_SURFACE_WITH_KNOTS('',1,1,(
    (#930,#931)
    ,(#932,#933
    )),.UNSPECIFIED.,.F.,.F.,.F.,(2,2),(2,2),(-15.,15.),(-15.,15.),
  .PIECEWISE_BEZIER_KNOTS.);
#930 = CARTESIAN_POINT('',(52.054990256255,39.776511565779,
    7.628329324134));
#931 = CARTESIAN_POINT('',(52.054990256255,39.776511565779,
    40.321168553964));
#932 = CARTESIAN_POINT('',(84.747829486086,39.776511565779,
    7.628329324134));
#933 = CARTESIAN_POINT('',(84.747829486086,39.776511565779,
    40.321168553964));
#934 = ADVANCED_FACE('',(#935),#967,.T.);
#935 = FACE_BOUND('',#936,.T.);
#936 = EDGE_LOOP('',(#937,#949,#956,#966));
#937 = ORIENTED_EDGE('',*,*,#938,.F.);
#938 = EDGE_CURVE('',#939,#939,#941,.T.);
#939 = VERTEX_POINT('',#940);
#940 = CARTESIAN_POINT('',(13.289264410575,39.776511565779,
    23.974748939049));
#941 = ( BOUNDED_CURVE() B_SPLINE_CURVE(2,(#942,#943,#944,#945,#946,#947
,#948),.UNSPECIFIED.,.T.,.F.) B_SPLINE_CURVE_WITH_KNOTS((3,2,2,3),(
    3.14159265359,5.235987755983,7.330382858376,9.424777960769),
.PIECEWISE_BEZIER_KNOTS.) CURVE() GEOMETRIC_REPRESENTATION_ITEM() 
RATIONAL_B_SPLINE_CURVE((1.,0.5,1.,0.5,1.,0.5,1.)) REPRESENTATION_ITEM(
  '') );
#942 = CARTESIAN_POINT('',(13.289264410575,39.776511565779,
    23.974748939049));
#943 = CARTESIAN_POINT('',(13.289264410575,39.776511565779,
    -4.338080355825));
#944 = CARTESIAN_POINT('',(37.808893832948,39.776511565779,
    9.818334291612));
#945 = CARTESIAN_POINT('',(62.328523255321,39.776511565779,
    23.974748939049));
#946 = CARTESIAN_POINT('',(37.808893832948,39.776511565779,
    38.131163586486));
#947 = CARTESIAN_POINT('',(13.289264410575,39.776511565779,
    52.287578233923));
#948 = CARTESIAN_POINT('',(13.289264410575,39.776511565779,
    23.974748939049));
#949 = ORIENTED_EDGE('',*,*,#950,.T.);
#950 = EDGE_CURVE('',#939,#951,#953,.T.);
#951 = VERTEX_POINT('',#952);
#952 = CARTESIAN_POINT('',(13.289264410575,41.41115352727,
    23.974748939049));
#953 = B_SPLINE_CURVE_WITH_KNOTS('',1,(#954,#955),.UNSPECIFIED.,.F.,.F.,
  (2,2),(-1.5,0.),.PIECEWISE_BEZIER_KNOTS.);
#954 = CARTESIAN_POINT('',(13.289264410575,39.776511565779,
    23.974748939049));
#955 = CARTESIAN_POINT('',(13.289264410575,41.41115352727,
    23.974748939049));
#956 = ORIENTED_EDGE('',*,*,#957,.F.);
#957 = EDGE_CURVE('',#951,#951,#958,.T.);
#958 = ( BOUNDED_CURVE() B_SPLINE_CURVE(2,(#959,#960,#961,#962,#963,#964
,#965),.UNSPECIFIED.,.T.,.F.) B_SPLINE_CURVE_WITH_KNOTS((3,2,2,3),(
    3.14159265359,5.235987755983,7.330382858376,9.424777960769),
.PIECEWISE_BEZIER_KNOTS.) CURVE() GEOMETRIC_REPRESENTATION_ITEM() 
RATIONAL_B_SPLINE_CURVE((1.,0.5,1.,0.5,1.,0.5,1.)) REPRESENTATION_ITEM(
  '') );
#959 = CARTESIAN_POINT('',(13.289264410575,41.41115352727,
    23.974748939049));
#960 = CARTESIAN_POINT('',(13.289264410575,41.41115352727,
    52.287578233923));
#961 = CARTESIAN_POINT('',(37.808893832948,41.41115352727,
    38.131163586486));
#962 = CARTESIAN_POINT('',(62.328523255321,41.41115352727,
    23.974748939049));
#963 = CARTESIAN_POINT('',(37.808893832948,41.41115352727,9.818334291612
    ));
#964 = CARTESIAN_POINT('',(13.289264410575,41.41115352727,
    -4.338080355825));
#965 = CARTESIAN_POINT('',(13.289264410575,41.41115352727,
    23.974748939049));
#966 = ORIENTED_EDGE('',*,*,#950,.F.);
#967 = ( BOUNDED_SURFACE() B_SPLINE_SURFACE(2,1,(
    (#968,#969)
    ,(#970,#971)
    ,(#972,#973)
    ,(#974,#975)
    ,(#976,#977)
    ,(#978,#979)
    ,(#980,#981)
    ,(#982,#983)
,(#984,#985
    )),.UNSPECIFIED.,.T.,.F.,.F.) B_SPLINE_SURFACE_WITH_KNOTS((3,2,2,2,3
    ),(2,2),(-3.14159265359,-2.094395102393,0.,2.094395102393,
3.14159265359),(0.,1.5),.UNSPECIFIED.) GEOMETRIC_REPRESENTATION_ITEM() 
RATIONAL_B_SPLINE_SURFACE((
    (0.75,0.75)
    ,(0.75,0.75)
    ,(1.,1.)
    ,(0.5,0.5)
    ,(1.,1.)
    ,(0.5,0.5)
    ,(1.,1.)
    ,(0.75,0.75)
,(0.75,0.75))) REPRESENTATION_ITEM('') SURFACE() );
#968 = CARTESIAN_POINT('',(13.289264410575,41.41115352727,
    23.974748939049));
#969 = CARTESIAN_POINT('',(13.289264410575,39.776511565779,
    23.974748939049));
#970 = CARTESIAN_POINT('',(13.289264410575,41.41115352727,
    14.537139174091));
#971 = CARTESIAN_POINT('',(13.289264410575,39.776511565779,
    14.537139174091));
#972 = CARTESIAN_POINT('',(21.462474218033,41.41115352727,9.818334291612
    ));
#973 = CARTESIAN_POINT('',(21.462474218033,39.776511565779,
    9.818334291612));
#974 = CARTESIAN_POINT('',(45.982103640406,41.41115352727,
    -4.338080355825));
#975 = CARTESIAN_POINT('',(45.982103640406,39.776511565779,
    -4.338080355825));
#976 = CARTESIAN_POINT('',(45.982103640406,41.41115352727,
    23.974748939049));
#977 = CARTESIAN_POINT('',(45.982103640406,39.776511565779,
    23.974748939049));
#978 = CARTESIAN_POINT('',(45.982103640406,41.41115352727,
    52.287578233923));
#979 = CARTESIAN_POINT('',(45.982103640406,39.776511565779,
    52.287578233923));
#980 = CARTESIAN_POINT('',(21.462474218033,41.41115352727,
    38.131163586486));
#981 = CARTESIAN_POINT('',(21.462474218033,39.776511565779,
    38.131163586486));
#982 = CARTESIAN_POINT('',(13.289264410575,41.41115352727,
    33.412358704007));
#983 = CARTESIAN_POINT('',(13.289264410575,39.776511565779,
    33.412358704007));
#984 = CARTESIAN_POINT('',(13.289264410575,41.41115352727,
    23.974748939049));
#985 = CARTESIAN_POINT('',(13.289264410575,39.776511565779,
    23.974748939049));
#986 = ADVANCED_FACE('',(#987,#990,#1004,#1018,#1032,#1046),#1060,.T.);
#987 = FACE_BOUND('',#988,.T.);
#988 = EDGE_LOOP('',(#989));
#989 = ORIENTED_EDGE('',*,*,#938,.T.);
#990 = FACE_BOUND('',#991,.T.);
#991 = EDGE_LOOP('',(#992));
#992 = ORIENTED_EDGE('',*,*,#993,.T.);
#993 = EDGE_CURVE('',#994,#994,#996,.T.);
#994 = VERTEX_POINT('',#995);
#995 = CARTESIAN_POINT('',(16.558548333558,39.776511565779,
    23.974748939049));
#996 = ( BOUNDED_CURVE() B_SPLINE_CURVE(2,(#997,#998,#999,#1000,#1001,
#1002,#1003),.UNSPECIFIED.,.T.,.F.) B_SPLINE_CURVE_WITH_KNOTS((3,2,2,3),
  (3.14159265359,5.235987755983,7.330382858376,9.424777960769),
.PIECEWISE_BEZIER_KNOTS.) CURVE() GEOMETRIC_REPRESENTATION_ITEM() 
RATIONAL_B_SPLINE_CURVE((1.,0.5,1.,0.5,1.,0.5,1.)) REPRESENTATION_ITEM(
  '') );
#997 = CARTESIAN_POINT('',(16.558548333558,39.776511565779,
    23.974748939049));
#998 = CARTESIAN_POINT('',(16.558548333558,39.776511565779,
    25.862270892041));
#999 = CARTESIAN_POINT('',(18.19319029505,39.776511565779,
    24.918509915545));
#1000 = CARTESIAN_POINT('',(19.827832256541,39.776511565779,
    23.974748939049));
#1001 = CARTESIAN_POINT('',(18.19319029505,39.776511565779,
    23.030987962553));
#1002 = CARTESIAN_POINT('',(16.558548333558,39.776511565779,
    22.087226986057));
#1003 = CARTESIAN_POINT('',(16.558548333558,39.776511565779,
    23.974748939049));
#1004 = FACE_BOUND('',#1005,.T.);
#1005 = EDGE_LOOP('',(#1006));
#1006 = ORIENTED_EDGE('',*,*,#1007,.T.);
#1007 = EDGE_CURVE('',#1008,#1008,#1010,.T.);
#1008 = VERTEX_POINT('',#1009);
#1009 = CARTESIAN_POINT('',(22.007354871813,39.776511565779,
    23.974748939049));
#1010 = ( BOUNDED_CURVE() B_SPLINE_CURVE(2,(#1011,#1012,#1013,#1014,
#1015,#1016,#1017),.UNSPECIFIED.,.T.,.F.) B_SPLINE_CURVE_WITH_KNOTS((3,2
    ,2,3),(3.14159265359,5.235987755983,7.330382858376,9.424777960769),
.PIECEWISE_BEZIER_KNOTS.) CURVE() GEOMETRIC_REPRESENTATION_ITEM() 
RATIONAL_B_SPLINE_CURVE((1.,0.5,1.,0.5,1.,0.5,1.)) REPRESENTATION_ITEM(
  '') );
#1011 = CARTESIAN_POINT('',(22.007354871813,39.776511565779,
    23.974748939049));
#1012 = CARTESIAN_POINT('',(22.007354871813,39.776511565779,
    37.187402610077));
#1013 = CARTESIAN_POINT('',(33.449848602329,39.776511565779,
    30.581075774563));
#1014 = CARTESIAN_POINT('',(44.892342332846,39.776511565779,
    23.974748939049));
#1015 = CARTESIAN_POINT('',(33.449848602329,39.776511565779,
    17.368422103535));
#1016 = CARTESIAN_POINT('',(22.007354871813,39.776511565779,
    10.762095268021));
#1017 = CARTESIAN_POINT('',(22.007354871813,39.776511565779,
    23.974748939049));
#1018 = FACE_BOUND('',#1019,.T.);
#1019 = EDGE_LOOP('',(#1020));
#1020 = ORIENTED_EDGE('',*,*,#1021,.T.);
#1021 = EDGE_CURVE('',#1022,#1022,#1024,.T.);
#1022 = VERTEX_POINT('',#1023);
#1023 = CARTESIAN_POINT('',(40.533297102101,39.776511565779,
    23.974748939049));
#1024 = ( BOUNDED_CURVE() B_SPLINE_CURVE(2,(#1025,#1026,#1027,#1028,
#1029,#1030,#1031),.UNSPECIFIED.,.T.,.F.) B_SPLINE_CURVE_WITH_KNOTS((3,2
    ,2,3),(3.14159265359,5.235987755983,7.330382858376,9.424777960769),
.PIECEWISE_BEZIER_KNOTS.) CURVE() GEOMETRIC_REPRESENTATION_ITEM() 
RATIONAL_B_SPLINE_CURVE((1.,0.5,1.,0.5,1.,0.5,1.)) REPRESENTATION_ITEM(
  '') );
#1025 = CARTESIAN_POINT('',(40.533297102101,39.776511565779,
    23.974748939049));
#1026 = CARTESIAN_POINT('',(40.533297102101,39.776511565779,
    25.862270892041));
#1027 = CARTESIAN_POINT('',(42.167939063592,39.776511565779,
    24.918509915545));
#1028 = CARTESIAN_POINT('',(43.802581025084,39.776511565779,
    23.974748939049));
#1029 = CARTESIAN_POINT('',(42.167939063592,39.776511565779,
    23.030987962553));
#1030 = CARTESIAN_POINT('',(40.533297102101,39.776511565779,
    22.087226986057));
#1031 = CARTESIAN_POINT('',(40.533297102101,39.776511565779,
    23.974748939049));
#1032 = FACE_BOUND('',#1033,.T.);
#1033 = EDGE_LOOP('',(#1034));
#1034 = ORIENTED_EDGE('',*,*,#1035,.T.);
#1035 = EDGE_CURVE('',#1036,#1036,#1038,.T.);
#1036 = VERTEX_POINT('',#1037);
#1037 = CARTESIAN_POINT('',(28.54592271783,39.776511565779,
    11.987374554778));
#1038 = ( BOUNDED_CURVE() B_SPLINE_CURVE(2,(#1039,#1040,#1041,#1042,
#1043,#1044,#1045),.UNSPECIFIED.,.T.,.F.) B_SPLINE_CURVE_WITH_KNOTS((3,2
    ,2,3),(3.14159265359,5.235987755983,7.330382858376,9.424777960769),
.PIECEWISE_BEZIER_KNOTS.) CURVE() GEOMETRIC_REPRESENTATION_ITEM() 
RATIONAL_B_SPLINE_CURVE((1.,0.5,1.,0.5,1.,0.5,1.)) REPRESENTATION_ITEM(
  '') );
#1039 = CARTESIAN_POINT('',(28.54592271783,39.776511565779,
    11.987374554778));
#1040 = CARTESIAN_POINT('',(28.54592271783,39.776511565779,
    13.874896507769));
#1041 = CARTESIAN_POINT('',(30.180564679321,39.776511565779,
    12.931135531274));
#1042 = CARTESIAN_POINT('',(31.815206640813,39.776511565779,
    11.987374554778));
#1043 = CARTESIAN_POINT('',(30.180564679321,39.776511565779,
    11.043613578282));
#1044 = CARTESIAN_POINT('',(28.54592271783,39.776511565779,
    10.099852601786));
#1045 = CARTESIAN_POINT('',(28.54592271783,39.776511565779,
    11.987374554778));
#1046 = FACE_BOUND('',#1047,.T.);
#1047 = EDGE_LOOP('',(#1048));
#1048 = ORIENTED_EDGE('',*,*,#1049,.T.);
#1049 = EDGE_CURVE('',#1050,#1050,#1052,.T.);
#1050 = VERTEX_POINT('',#1051);
#1051 = CARTESIAN_POINT('',(28.54592271783,39.776511565779,
    35.96212332332));
#1052 = ( BOUNDED_CURVE() B_SPLINE_CURVE(2,(#1053,#1054,#1055,#1056,
#1057,#1058,#1059),.UNSPECIFIED.,.T.,.F.) B_SPLINE_CURVE_WITH_KNOTS((3,2
    ,2,3),(3.14159265359,5.235987755983,7.330382858376,9.424777960769),
.PIECEWISE_BEZIER_KNOTS.) CURVE() GEOMETRIC_REPRESENTATION_ITEM() 
RATIONAL_B_SPLINE_CURVE((1.,0.5,1.,0.5,1.,0.5,1.)) REPRESENTATION_ITEM(
  '') );
#1053 = CARTESIAN_POINT('',(28.54592271783,39.776511565779,
    35.96212332332));
#1054 = CARTESIAN_POINT('',(28.54592271783,39.776511565779,
    37.849645276312));
#1055 = CARTESIAN_POINT('',(30.180564679321,39.776511565779,
    36.905884299816));
#1056 = CARTESIAN_POINT('',(31.815206640813,39.776511565779,
    35.96212332332));
#1057 = CARTESIAN_POINT('',(30.180564679321,39.776511565779,
    35.018362346824));
#1058 = CARTESIAN_POINT('',(28.54592271783,39.776511565779,
    34.074601370329));
#1059 = CARTESIAN_POINT('',(28.54592271783,39.776511565779,
    35.96212332332));
#1060 = B_SPLINE_SURFACE_WITH_KNOTS('',1,1,(
    (#1061,#1062)
    ,(#1063,#1064
    )),.UNSPECIFIED.,.F.,.F.,.F.,(2,2),(2,2),(-15.,15.),(-15.,15.),
  .PIECEWISE_BEZIER_KNOTS.);
#1061 = CARTESIAN_POINT('',(13.289264410575,39.776511565779,
    7.628329324134));
#1062 = CARTESIAN_POINT('',(13.289264410575,39.776511565779,
    40.321168553964));
#1063 = CARTESIAN_POINT('',(45.982103640406,39.776511565779,
    7.628329324134));
#1064 = CARTESIAN_POINT('',(45.982103640406,39.776511565779,
    40.321168553964));
#1065 = ADVANCED_FACE('',(#1066),#1087,.F.);
#1066 = FACE_BOUND('',#1067,.F.);
#1067 = EDGE_LOOP('',(#1068,#1075,#1085,#1086));
#1068 = ORIENTED_EDGE('',*,*,#1069,.T.);
#1069 = EDGE_CURVE('',#891,#1070,#1072,.T.);
#1070 = VERTEX_POINT('',#1071);
#1071 = CARTESIAN_POINT('',(67.311648563509,46.859736229424,
    35.96212332332));
#1072 = B_SPLINE_CURVE_WITH_KNOTS('',1,(#1073,#1074),.UNSPECIFIED.,.F.,
  .F.,(2,2),(38.000205399246,44.5),.PIECEWISE_BEZIER_KNOTS.);
#1073 = CARTESIAN_POINT('',(67.311648563509,39.776511565779,
    35.96212332332));
#1074 = CARTESIAN_POINT('',(67.311648563509,46.859736229424,
    35.96212332332));
#1075 = ORIENTED_EDGE('',*,*,#1076,.T.);
#1076 = EDGE_CURVE('',#1070,#1070,#1077,.T.);
#1077 = ( BOUNDED_CURVE() B_SPLINE_CURVE(2,(#1078,#1079,#1080,#1081,
#1082,#1083,#1084),.UNSPECIFIED.,.T.,.F.) B_SPLINE_CURVE_WITH_KNOTS((3,2
    ,2,3),(3.14159265359,5.235987755983,7.330382858376,9.424777960769),
.PIECEWISE_BEZIER_KNOTS.) CURVE() GEOMETRIC_REPRESENTATION_ITEM() 
RATIONAL_B_SPLINE_CURVE((1.,0.5,1.,0.5,1.,0.5,1.)) REPRESENTATION_ITEM(
  '') );
#1078 = CARTESIAN_POINT('',(67.311648563509,46.859736229424,
    35.96212332332));
#1079 = CARTESIAN_POINT('',(67.311648563509,46.859736229424,
    34.074601370329));
#1080 = CARTESIAN_POINT('',(68.946290525001,46.859736229424,
    35.018362346824));
#1081 = CARTESIAN_POINT('',(70.580932486492,46.859736229424,
    35.96212332332));
#1082 = CARTESIAN_POINT('',(68.946290525001,46.859736229424,
    36.905884299816));
#1083 = CARTESIAN_POINT('',(67.311648563509,46.859736229424,
    37.849645276312));
#1084 = CARTESIAN_POINT('',(67.311648563509,46.859736229424,
    35.96212332332));
#1085 = ORIENTED_EDGE('',*,*,#1069,.F.);
#1086 = ORIENTED_EDGE('',*,*,#890,.T.);
#1087 = ( BOUNDED_SURFACE() B_SPLINE_SURFACE(2,1,(
    (#1088,#1089)
    ,(#1090,#1091)
    ,(#1092,#1093)
    ,(#1094,#1095)
    ,(#1096,#1097)
    ,(#1098,#1099)
    ,(#1100,#1101)
    ,(#1102,#1103)
    ,(#1104,#1105
)),.UNSPECIFIED.,.T.,.F.,.F.) B_SPLINE_SURFACE_WITH_KNOTS((3,2,2,2,3),(2
    ,2),(3.14159265359,4.188790204786,6.28318530718,8.377580409573,
    9.424777960769),(38.000205399246,44.5),.UNSPECIFIED.) 
GEOMETRIC_REPRESENTATION_ITEM() RATIONAL_B_SPLINE_SURFACE((
    (0.75,0.75)
    ,(0.75,0.75)
    ,(1.,1.)
    ,(0.5,0.5)
    ,(1.,1.)
    ,(0.5,0.5)
    ,(1.,1.)
    ,(0.75,0.75)
,(0.75,0.75))) REPRESENTATION_ITEM('') SURFACE() );
#1088 = CARTESIAN_POINT('',(67.311648563509,39.776511565779,
    35.96212332332));
#1089 = CARTESIAN_POINT('',(67.311648563509,46.859736229424,
    35.96212332332));
#1090 = CARTESIAN_POINT('',(67.311648563509,39.776511565779,
    36.591297307651));
#1091 = CARTESIAN_POINT('',(67.311648563509,46.859736229424,
    36.591297307651));
#1092 = CARTESIAN_POINT('',(67.85652921734,39.776511565779,
    36.905884299816));
#1093 = CARTESIAN_POINT('',(67.85652921734,46.859736229424,
    36.905884299816));
#1094 = CARTESIAN_POINT('',(69.491171178831,39.776511565779,
    37.849645276312));
#1095 = CARTESIAN_POINT('',(69.491171178831,46.859736229424,
    37.849645276312));
#1096 = CARTESIAN_POINT('',(69.491171178831,39.776511565779,
    35.96212332332));
#1097 = CARTESIAN_POINT('',(69.491171178831,46.859736229424,
    35.96212332332));
#1098 = CARTESIAN_POINT('',(69.491171178831,39.776511565779,
    34.074601370329));
#1099 = CARTESIAN_POINT('',(69.491171178831,46.859736229424,
    34.074601370329));
#1100 = CARTESIAN_POINT('',(67.85652921734,39.776511565779,
    35.018362346824));
#1101 = CARTESIAN_POINT('',(67.85652921734,46.859736229424,
    35.018362346824));
#1102 = CARTESIAN_POINT('',(67.311648563509,39.776511565779,
    35.33294933899));
#1103 = CARTESIAN_POINT('',(67.311648563509,46.859736229424,
    35.33294933899));
#1104 = CARTESIAN_POINT('',(67.311648563509,39.776511565779,
    35.96212332332));
#1105 = CARTESIAN_POINT('',(67.311648563509,46.859736229424,
    35.96212332332));
#1106 = ADVANCED_FACE('',(#1107),#1128,.F.);
#1107 = FACE_BOUND('',#1108,.F.);
#1108 = EDGE_LOOP('',(#1109,#1116,#1126,#1127));
#1109 = ORIENTED_EDGE('',*,*,#1110,.T.);
#1110 = EDGE_CURVE('',#1022,#1111,#1113,.T.);
#1111 = VERTEX_POINT('',#1112);
#1112 = CARTESIAN_POINT('',(40.533297102101,46.859736229424,
    23.974748939049));
#1113 = B_SPLINE_CURVE_WITH_KNOTS('',1,(#1114,#1115),.UNSPECIFIED.,.F.,
  .F.,(2,2),(38.000205399246,44.5),.PIECEWISE_BEZIER_KNOTS.);
#1114 = CARTESIAN_POINT('',(40.533297102101,39.776511565779,
    23.974748939049));
#1115 = CARTESIAN_POINT('',(40.533297102101,46.859736229424,
    23.974748939049));
#1116 = ORIENTED_EDGE('',*,*,#1117,.T.);
#1117 = EDGE_CURVE('',#1111,#1111,#1118,.T.);
#1118 = ( BOUNDED_CURVE() B_SPLINE_CURVE(2,(#1119,#1120,#1121,#1122,
#1123,#1124,#1125),.UNSPECIFIED.,.T.,.F.) B_SPLINE_CURVE_WITH_KNOTS((3,2
    ,2,3),(3.14159265359,5.235987755983,7.330382858376,9.424777960769),
.PIECEWISE_BEZIER_KNOTS.) CURVE() GEOMETRIC_REPRESENTATION_ITEM() 
RATIONAL_B_SPLINE_CURVE((1.,0.5,1.,0.5,1.,0.5,1.)) REPRESENTATION_ITEM(
  '') );
#1119 = CARTESIAN_POINT('',(40.533297102101,46.859736229424,
    23.974748939049));
#1120 = CARTESIAN_POINT('',(40.533297102101,46.859736229424,
    22.087226986057));
#1121 = CARTESIAN_POINT('',(42.167939063592,46.859736229424,
    23.030987962553));
#1122 = CARTESIAN_POINT('',(43.802581025084,46.859736229424,
    23.974748939049));
#1123 = CARTESIAN_POINT('',(42.167939063592,46.859736229424,
    24.918509915545));
#1124 = CARTESIAN_POINT('',(40.533297102101,46.859736229424,
    25.862270892041));
#1125 = CARTESIAN_POINT('',(40.533297102101,46.859736229424,
    23.974748939049));
#1126 = ORIENTED_EDGE('',*,*,#1110,.F.);
#1127 = ORIENTED_EDGE('',*,*,#1021,.T.);
#1128 = ( BOUNDED_SURFACE() B_SPLINE_SURFACE(2,1,(
    (#1129,#1130)
    ,(#1131,#1132)
    ,(#1133,#1134)
    ,(#1135,#1136)
    ,(#1137,#1138)
    ,(#1139,#1140)
    ,(#1141,#1142)
    ,(#1143,#1144)
    ,(#1145,#1146
)),.UNSPECIFIED.,.T.,.F.,.F.) B_SPLINE_SURFACE_WITH_KNOTS((3,2,2,2,3),(2
    ,2),(3.14159265359,4.188790204786,6.28318530718,8.377580409573,
    9.424777960769),(38.000205399246,44.5),.UNSPECIFIED.) 
GEOMETRIC_REPRESENTATION_ITEM() RATIONAL_B_SPLINE_SURFACE((
    (0.75,0.75)
    ,(0.75,0.75)
    ,(1.,1.)
    ,(0.5,0.5)
    ,(1.,1.)
    ,(0.5,0.5)
    ,(1.,1.)
    ,(0.75,0.75)
,(0.75,0.75))) REPRESENTATION_ITEM('') SURFACE() );
#1129 = CARTESIAN_POINT('',(40.533297102101,39.776511565779,
    23.974748939049));
#1130 = CARTESIAN_POINT('',(40.533297102101,46.859736229424,
    23.974748939049));
#1131 = CARTESIAN_POINT('',(40.533297102101,39.776511565779,
    24.60392292338));
#1132 = CARTESIAN_POINT('',(40.533297102101,46.859736229424,
    24.60392292338));
#1133 = CARTESIAN_POINT('',(41.078177755931,39.776511565779,
    24.918509915545));
#1134 = CARTESIAN_POINT('',(41.078177755931,46.859736229424,
    24.918509915545));
#1135 = CARTESIAN_POINT('',(42.712819717423,39.776511565779,
    25.862270892041));
#1136 = CARTESIAN_POINT('',(42.712819717423,46.859736229424,
    25.862270892041));
#1137 = CARTESIAN_POINT('',(42.712819717423,39.776511565779,
    23.974748939049));
#1138 = CARTESIAN_POINT('',(42.712819717423,46.859736229424,
    23.974748939049));
#1139 = CARTESIAN_POINT('',(42.712819717423,39.776511565779,
    22.087226986057));
#1140 = CARTESIAN_POINT('',(42.712819717423,46.859736229424,
    22.087226986057));
#1141 = CARTESIAN_POINT('',(41.078177755931,39.776511565779,
    23.030987962553));
#1142 = CARTESIAN_POINT('',(41.078177755931,46.859736229424,
    23.030987962553));
#1143 = CARTESIAN_POINT('',(40.533297102101,39.776511565779,
    23.345574954718));
#1144 = CARTESIAN_POINT('',(40.533297102101,46.859736229424,
    23.345574954718));
#1145 = CARTESIAN_POINT('',(40.533297102101,39.776511565779,
    23.974748939049));
#1146 = CARTESIAN_POINT('',(40.533297102101,46.859736229424,
    23.974748939049));
#1147 = ADVANCED_FACE('',(#1148),#1169,.F.);
#1148 = FACE_BOUND('',#1149,.F.);
#1149 = EDGE_LOOP('',(#1150,#1157,#1167,#1168));
#1150 = ORIENTED_EDGE('',*,*,#1151,.T.);
#1151 = EDGE_CURVE('',#905,#1152,#1154,.T.);
#1152 = VERTEX_POINT('',#1153);
#1153 = CARTESIAN_POINT('',(60.773080717493,46.859736229424,
    23.974748939049));
#1154 = B_SPLINE_CURVE_WITH_KNOTS('',1,(#1155,#1156),.UNSPECIFIED.,.F.,
  .F.,(2,2),(38.000205399246,44.5),.PIECEWISE_BEZIER_KNOTS.);
#1155 = CARTESIAN_POINT('',(60.773080717493,39.776511565779,
    23.974748939049));
#1156 = CARTESIAN_POINT('',(60.773080717493,46.859736229424,
    23.974748939049));
#1157 = ORIENTED_EDGE('',*,*,#1158,.T.);
#1158 = EDGE_CURVE('',#1152,#1152,#1159,.T.);
#1159 = ( BOUNDED_CURVE() B_SPLINE_CURVE(2,(#1160,#1161,#1162,#1163,
#1164,#1165,#1166),.UNSPECIFIED.,.T.,.F.) B_SPLINE_CURVE_WITH_KNOTS((3,2
    ,2,3),(3.14159265359,5.235987755983,7.330382858376,9.424777960769),
.PIECEWISE_BEZIER_KNOTS.) CURVE() GEOMETRIC_REPRESENTATION_ITEM() 
RATIONAL_B_SPLINE_CURVE((1.,0.5,1.,0.5,1.,0.5,1.)) REPRESENTATION_ITEM(
  '') );
#1160 = CARTESIAN_POINT('',(60.773080717493,46.859736229424,
    23.974748939049));
#1161 = CARTESIAN_POINT('',(60.773080717493,46.859736229424,
    10.762095268021));
#1162 = CARTESIAN_POINT('',(72.215574448009,46.859736229424,
    17.368422103535));
#1163 = CARTESIAN_POINT('',(83.658068178525,46.859736229424,
    23.974748939049));
#1164 = CARTESIAN_POINT('',(72.215574448009,46.859736229424,
    30.581075774563));
#1165 = CARTESIAN_POINT('',(60.773080717493,46.859736229424,
    37.187402610077));
#1166 = CARTESIAN_POINT('',(60.773080717493,46.859736229424,
    23.974748939049));
#1167 = ORIENTED_EDGE('',*,*,#1151,.F.);
#1168 = ORIENTED_EDGE('',*,*,#904,.T.);
#1169 = ( BOUNDED_SURFACE() B_SPLINE_SURFACE(2,1,(
    (#1170,#1171)
    ,(#1172,#1173)
    ,(#1174,#1175)
    ,(#1176,#1177)
    ,(#1178,#1179)
    ,(#1180,#1181)
    ,(#1182,#1183)
    ,(#1184,#1185)
    ,(#1186,#1187
)),.UNSPECIFIED.,.T.,.F.,.F.) B_SPLINE_SURFACE_WITH_KNOTS((3,2,2,2,3),(2
    ,2),(3.14159265359,4.188790204786,6.28318530718,8.377580409573,
    9.424777960769),(38.000205399246,44.5),.UNSPECIFIED.) 
GEOMETRIC_REPRESENTATION_ITEM() RATIONAL_B_SPLINE_SURFACE((
    (0.75,0.75)
    ,(0.75,0.75)
    ,(1.,1.)
    ,(0.5,0.5)
    ,(1.,1.)
    ,(0.5,0.5)
    ,(1.,1.)
    ,(0.75,0.75)
,(0.75,0.75))) REPRESENTATION_ITEM('') SURFACE() );
#1170 = CARTESIAN_POINT('',(60.773080717493,39.776511565779,
    23.974748939049));
#1171 = CARTESIAN_POINT('',(60.773080717493,46.859736229424,
    23.974748939049));
#1172 = CARTESIAN_POINT('',(60.773080717493,39.776511565779,
    28.378966829392));
#1173 = CARTESIAN_POINT('',(60.773080717493,46.859736229424,
    28.378966829392));
#1174 = CARTESIAN_POINT('',(64.587245294331,39.776511565779,
    30.581075774563));
#1175 = CARTESIAN_POINT('',(64.587245294331,46.859736229424,
    30.581075774563));
#1176 = CARTESIAN_POINT('',(76.029739024848,39.776511565779,
    37.187402610077));
#1177 = CARTESIAN_POINT('',(76.029739024848,46.859736229424,
    37.187402610077));
#1178 = CARTESIAN_POINT('',(76.029739024848,39.776511565779,
    23.974748939049));
#1179 = CARTESIAN_POINT('',(76.029739024848,46.859736229424,
    23.974748939049));
#1180 = CARTESIAN_POINT('',(76.029739024848,39.776511565779,
    10.762095268021));
#1181 = CARTESIAN_POINT('',(76.029739024848,46.859736229424,
    10.762095268021));
#1182 = CARTESIAN_POINT('',(64.587245294331,39.776511565779,
    17.368422103535));
#1183 = CARTESIAN_POINT('',(64.587245294331,46.859736229424,
    17.368422103535));
#1184 = CARTESIAN_POINT('',(60.773080717493,39.776511565779,
    19.570531048706));
#1185 = CARTESIAN_POINT('',(60.773080717493,46.859736229424,
    19.570531048706));
#1186 = CARTESIAN_POINT('',(60.773080717493,39.776511565779,
    23.974748939049));
#1187 = CARTESIAN_POINT('',(60.773080717493,46.859736229424,
    23.974748939049));
#1188 = ADVANCED_FACE('',(#1189),#1210,.F.);
#1189 = FACE_BOUND('',#1190,.F.);
#1190 = EDGE_LOOP('',(#1191,#1198,#1208,#1209));
#1191 = ORIENTED_EDGE('',*,*,#1192,.T.);
#1192 = EDGE_CURVE('',#1036,#1193,#1195,.T.);
#1193 = VERTEX_POINT('',#1194);
#1194 = CARTESIAN_POINT('',(28.54592271783,46.859736229424,
    11.987374554778));
#1195 = B_SPLINE_CURVE_WITH_KNOTS('',1,(#1196,#1197),.UNSPECIFIED.,.F.,
  .F.,(2,2),(38.000205399246,44.5),.PIECEWISE_BEZIER_KNOTS.);
#1196 = CARTESIAN_POINT('',(28.54592271783,39.776511565779,
    11.987374554778));
#1197 = CARTESIAN_POINT('',(28.54592271783,46.859736229424,
    11.987374554778));
#1198 = ORIENTED_EDGE('',*,*,#1199,.T.);
#1199 = EDGE_CURVE('',#1193,#1193,#1200,.T.);
#1200 = ( BOUNDED_CURVE() B_SPLINE_CURVE(2,(#1201,#1202,#1203,#1204,
#1205,#1206,#1207),.UNSPECIFIED.,.T.,.F.) B_SPLINE_CURVE_WITH_KNOTS((3,2
    ,2,3),(3.14159265359,5.235987755983,7.330382858376,9.424777960769),
.PIECEWISE_BEZIER_KNOTS.) CURVE() GEOMETRIC_REPRESENTATION_ITEM() 
RATIONAL_B_SPLINE_CURVE((1.,0.5,1.,0.5,1.,0.5,1.)) REPRESENTATION_ITEM(
  '') );
#1201 = CARTESIAN_POINT('',(28.54592271783,46.859736229424,
    11.987374554778));
#1202 = CARTESIAN_POINT('',(28.54592271783,46.859736229424,
    10.099852601786));
#1203 = CARTESIAN_POINT('',(30.180564679321,46.859736229424,
    11.043613578282));
#1204 = CARTESIAN_POINT('',(31.815206640813,46.859736229424,
    11.987374554778));
#1205 = CARTESIAN_POINT('',(30.180564679321,46.859736229424,
    12.931135531274));
#1206 = CARTESIAN_POINT('',(28.54592271783,46.859736229424,
    13.874896507769));
#1207 = CARTESIAN_POINT('',(28.54592271783,46.859736229424,
    11.987374554778));
#1208 = ORIENTED_EDGE('',*,*,#1192,.F.);
#1209 = ORIENTED_EDGE('',*,*,#1035,.T.);
#1210 = ( BOUNDED_SURFACE() B_SPLINE_SURFACE(2,1,(
    (#1211,#1212)
    ,(#1213,#1214)
    ,(#1215,#1216)
    ,(#1217,#1218)
    ,(#1219,#1220)
    ,(#1221,#1222)
    ,(#1223,#1224)
    ,(#1225,#1226)
    ,(#1227,#1228
)),.UNSPECIFIED.,.T.,.F.,.F.) B_SPLINE_SURFACE_WITH_KNOTS((3,2,2,2,3),(2
    ,2),(3.14159265359,4.188790204786,6.28318530718,8.377580409573,
    9.424777960769),(38.000205399246,44.5),.UNSPECIFIED.) 
GEOMETRIC_REPRESENTATION_ITEM() RATIONAL_B_SPLINE_SURFACE((
    (0.75,0.75)
    ,(0.75,0.75)
    ,(1.,1.)
    ,(0.5,0.5)
    ,(1.,1.)
    ,(0.5,0.5)
    ,(1.,1.)
    ,(0.75,0.75)
,(0.75,0.75))) REPRESENTATION_ITEM('') SURFACE() );
#1211 = CARTESIAN_POINT('',(28.54592271783,39.776511565779,
    11.987374554778));
#1212 = CARTESIAN_POINT('',(28.54592271783,46.859736229424,
    11.987374554778));
#1213 = CARTESIAN_POINT('',(28.54592271783,39.776511565779,
    12.616548539108));
#1214 = CARTESIAN_POINT('',(28.54592271783,46.859736229424,
    12.616548539108));
#1215 = CARTESIAN_POINT('',(29.09080337166,39.776511565779,
    12.931135531274));
#1216 = CARTESIAN_POINT('',(29.09080337166,46.859736229424,
    12.931135531274));
#1217 = CARTESIAN_POINT('',(30.725445333152,39.776511565779,
    13.874896507769));
#1218 = CARTESIAN_POINT('',(30.725445333152,46.859736229424,
    13.874896507769));
#1219 = CARTESIAN_POINT('',(30.725445333152,39.776511565779,
    11.987374554778));
#1220 = CARTESIAN_POINT('',(30.725445333152,46.859736229424,
    11.987374554778));
#1221 = CARTESIAN_POINT('',(30.725445333152,39.776511565779,
    10.099852601786));
#1222 = CARTESIAN_POINT('',(30.725445333152,46.859736229424,
    10.099852601786));
#1223 = CARTESIAN_POINT('',(29.09080337166,39.776511565779,
    11.043613578282));
#1224 = CARTESIAN_POINT('',(29.09080337166,46.859736229424,
    11.043613578282));
#1225 = CARTESIAN_POINT('',(28.54592271783,39.776511565779,
    11.358200570447));
#1226 = CARTESIAN_POINT('',(28.54592271783,46.859736229424,
    11.358200570447));
#1227 = CARTESIAN_POINT('',(28.54592271783,39.776511565779,
    11.987374554778));
#1228 = CARTESIAN_POINT('',(28.54592271783,46.859736229424,
    11.987374554778));
#1229 = ADVANCED_FACE('',(#1230),#1251,.F.);
#1230 = FACE_BOUND('',#1231,.F.);
#1231 = EDGE_LOOP('',(#1232,#1239,#1249,#1250));
#1232 = ORIENTED_EDGE('',*,*,#1233,.T.);
#1233 = EDGE_CURVE('',#863,#1234,#1236,.T.);
#1234 = VERTEX_POINT('',#1235);
#1235 = CARTESIAN_POINT('',(67.311648563509,46.859736229424,
    11.987374554778));
#1236 = B_SPLINE_CURVE_WITH_KNOTS('',1,(#1237,#1238),.UNSPECIFIED.,.F.,
  .F.,(2,2),(38.000205399246,44.5),.PIECEWISE_BEZIER_KNOTS.);
#1237 = CARTESIAN_POINT('',(67.311648563509,39.776511565779,
    11.987374554778));
#1238 = CARTESIAN_POINT('',(67.311648563509,46.859736229424,
    11.987374554778));
#1239 = ORIENTED_EDGE('',*,*,#1240,.T.);
#1240 = EDGE_CURVE('',#1234,#1234,#1241,.T.);
#1241 = ( BOUNDED_CURVE() B_SPLINE_CURVE(2,(#1242,#1243,#1244,#1245,
#1246,#1247,#1248),.UNSPECIFIED.,.T.,.F.) B_SPLINE_CURVE_WITH_KNOTS((3,2
    ,2,3),(3.14159265359,5.235987755983,7.330382858376,9.424777960769),
.PIECEWISE_BEZIER_KNOTS.) CURVE() GEOMETRIC_REPRESENTATION_ITEM() 
RATIONAL_B_SPLINE_CURVE((1.,0.5,1.,0.5,1.,0.5,1.)) REPRESENTATION_ITEM(
  '') );
#1242 = CARTESIAN_POINT('',(67.311648563509,46.859736229424,
    11.987374554778));
#1243 = CARTESIAN_POINT('',(67.311648563509,46.859736229424,
    10.099852601786));
#1244 = CARTESIAN_POINT('',(68.946290525001,46.859736229424,
    11.043613578282));
#1245 = CARTESIAN_POINT('',(70.580932486492,46.859736229424,
    11.987374554778));
#1246 = CARTESIAN_POINT('',(68.946290525001,46.859736229424,
    12.931135531274));
#1247 = CARTESIAN_POINT('',(67.311648563509,46.859736229424,
    13.874896507769));
#1248 = CARTESIAN_POINT('',(67.311648563509,46.859736229424,
    11.987374554778));
#1249 = ORIENTED_EDGE('',*,*,#1233,.F.);
#1250 = ORIENTED_EDGE('',*,*,#862,.T.);
#1251 = ( BOUNDED_SURFACE() B_SPLINE_SURFACE(2,1,(
    (#1252,#1253)
    ,(#1254,#1255)
    ,(#1256,#1257)
    ,(#1258,#1259)
    ,(#1260,#1261)
    ,(#1262,#1263)
    ,(#1264,#1265)
    ,(#1266,#1267)
    ,(#1268,#1269
)),.UNSPECIFIED.,.T.,.F.,.F.) B_SPLINE_SURFACE_WITH_KNOTS((3,2,2,2,3),(2
    ,2),(3.14159265359,4.188790204786,6.28318530718,8.377580409573,
    9.424777960769),(38.000205399246,44.5),.UNSPECIFIED.) 
GEOMETRIC_REPRESENTATION_ITEM() RATIONAL_B_SPLINE_SURFACE((
    (0.75,0.75)
    ,(0.75,0.75)
    ,(1.,1.)
    ,(0.5,0.5)
    ,(1.,1.)
    ,(0.5,0.5)
    ,(1.,1.)
    ,(0.75,0.75)
,(0.75,0.75))) REPRESENTATION_ITEM('') SURFACE() );
#1252 = CARTESIAN_POINT('',(67.311648563509,39.776511565779,
    11.987374554778));
#1253 = CARTESIAN_POINT('',(67.311648563509,46.859736229424,
    11.987374554778));
#1254 = CARTESIAN_POINT('',(67.311648563509,39.776511565779,
    12.616548539108));
#1255 = CARTESIAN_POINT('',(67.311648563509,46.859736229424,
    12.616548539108));
#1256 = CARTESIAN_POINT('',(67.85652921734,39.776511565779,
    12.931135531274));
#1257 = CARTESIAN_POINT('',(67.85652921734,46.859736229424,
    12.931135531274));
#1258 = CARTESIAN_POINT('',(69.491171178831,39.776511565779,
    13.874896507769));
#1259 = CARTESIAN_POINT('',(69.491171178831,46.859736229424,
    13.874896507769));
#1260 = CARTESIAN_POINT('',(69.491171178831,39.776511565779,
    11.987374554778));
#1261 = CARTESIAN_POINT('',(69.491171178831,46.859736229424,
    11.987374554778));
#1262 = CARTESIAN_POINT('',(69.491171178831,39.776511565779,
    10.099852601786));
#1263 = CARTESIAN_POINT('',(69.491171178831,46.859736229424,
    10.099852601786));
#1264 = CARTESIAN_POINT('',(67.85652921734,39.776511565779,
    11.043613578282));
#1265 = CARTESIAN_POINT('',(67.85652921734,46.859736229424,
    11.043613578282));
#1266 = CARTESIAN_POINT('',(67.311648563509,39.776511565779,
    11.358200570447));
#1267 = CARTESIAN_POINT('',(67.311648563509,46.859736229424,
    11.358200570447));
#1268 = CARTESIAN_POINT('',(67.311648563509,39.776511565779,
    11.987374554778));
#1269 = CARTESIAN_POINT('',(67.311648563509,46.859736229424,
    11.987374554778));
#1270 = ADVANCED_FACE('',(#1271),#1292,.F.);
#1271 = FACE_BOUND('',#1272,.F.);
#1272 = EDGE_LOOP('',(#1273,#1280,#1290,#1291));
#1273 = ORIENTED_EDGE('',*,*,#1274,.T.);
#1274 = EDGE_CURVE('',#877,#1275,#1277,.T.);
#1275 = VERTEX_POINT('',#1276);
#1276 = CARTESIAN_POINT('',(79.29902294778,46.859736229424,
    23.974748939049));
#1277 = B_SPLINE_CURVE_WITH_KNOTS('',1,(#1278,#1279),.UNSPECIFIED.,.F.,
  .F.,(2,2),(38.000205399246,44.5),.PIECEWISE_BEZIER_KNOTS.);
#1278 = CARTESIAN_POINT('',(79.29902294778,39.776511565779,
    23.974748939049));
#1279 = CARTESIAN_POINT('',(79.29902294778,46.859736229424,
    23.974748939049));
#1280 = ORIENTED_EDGE('',*,*,#1281,.T.);
#1281 = EDGE_CURVE('',#1275,#1275,#1282,.T.);
#1282 = ( BOUNDED_CURVE() B_SPLINE_CURVE(2,(#1283,#1284,#1285,#1286,
#1287,#1288,#1289),.UNSPECIFIED.,.T.,.F.) B_SPLINE_CURVE_WITH_KNOTS((3,2
    ,2,3),(3.14159265359,5.235987755983,7.330382858376,9.424777960769),
.PIECEWISE_BEZIER_KNOTS.) CURVE() GEOMETRIC_REPRESENTATION_ITEM() 
RATIONAL_B_SPLINE_CURVE((1.,0.5,1.,0.5,1.,0.5,1.)) REPRESENTATION_ITEM(
  '') );
#1283 = CARTESIAN_POINT('',(79.29902294778,46.859736229424,
    23.974748939049));
#1284 = CARTESIAN_POINT('',(79.29902294778,46.859736229424,
    22.087226986057));
#1285 = CARTESIAN_POINT('',(80.933664909272,46.859736229424,
    23.030987962553));
#1286 = CARTESIAN_POINT('',(82.568306870764,46.859736229424,
    23.974748939049));
#1287 = CARTESIAN_POINT('',(80.933664909272,46.859736229424,
    24.918509915545));
#1288 = CARTESIAN_POINT('',(79.29902294778,46.859736229424,
    25.862270892041));
#1289 = CARTESIAN_POINT('',(79.29902294778,46.859736229424,
    23.974748939049));
#1290 = ORIENTED_EDGE('',*,*,#1274,.F.);
#1291 = ORIENTED_EDGE('',*,*,#876,.T.);
#1292 = ( BOUNDED_SURFACE() B_SPLINE_SURFACE(2,1,(
    (#1293,#1294)
    ,(#1295,#1296)
    ,(#1297,#1298)
    ,(#1299,#1300)
    ,(#1301,#1302)
    ,(#1303,#1304)
    ,(#1305,#1306)
    ,(#1307,#1308)
    ,(#1309,#1310
)),.UNSPECIFIED.,.T.,.F.,.F.) B_SPLINE_SURFACE_WITH_KNOTS((3,2,2,2,3),(2
    ,2),(3.14159265359,4.188790204786,6.28318530718,8.377580409573,
    9.424777960769),(38.000205399246,44.5),.UNSPECIFIED.) 
GEOMETRIC_REPRESENTATION_ITEM() RATIONAL_B_SPLINE_SURFACE((
    (0.75,0.75)
    ,(0.75,0.75)
    ,(1.,1.)
    ,(0.5,0.5)
    ,(1.,1.)
    ,(0.5,0.5)
    ,(1.,1.)
    ,(0.75,0.75)
,(0.75,0.75))) REPRESENTATION_ITEM('') SURFACE() );
#1293 = CARTESIAN_POINT('',(79.29902294778,39.776511565779,
    23.974748939049));
#1294 = CARTESIAN_POINT('',(79.29902294778,46.859736229424,
    23.974748939049));
#1295 = CARTESIAN_POINT('',(79.29902294778,39.776511565779,
    24.60392292338));
#1296 = CARTESIAN_POINT('',(79.29902294778,46.859736229424,
    24.60392292338));
#1297 = CARTESIAN_POINT('',(79.843903601611,39.776511565779,
    24.918509915545));
#1298 = CARTESIAN_POINT('',(79.843903601611,46.859736229424,
    24.918509915545));
#1299 = CARTESIAN_POINT('',(81.478545563103,39.776511565779,
    25.862270892041));
#1300 = CARTESIAN_POINT('',(81.478545563103,46.859736229424,
    25.862270892041));
#1301 = CARTESIAN_POINT('',(81.478545563103,39.776511565779,
    23.974748939049));
#1302 = CARTESIAN_POINT('',(81.478545563103,46.859736229424,
    23.974748939049));
#1303 = CARTESIAN_POINT('',(81.478545563103,39.776511565779,
    22.087226986057));
#1304 = CARTESIAN_POINT('',(81.478545563103,46.859736229424,
    22.087226986057));
#1305 = CARTESIAN_POINT('',(79.843903601611,39.776511565779,
    23.030987962553));
#1306 = CARTESIAN_POINT('',(79.843903601611,46.859736229424,
    23.030987962553));
#1307 = CARTESIAN_POINT('',(79.29902294778,39.776511565779,
    23.345574954718));
#1308 = CARTESIAN_POINT('',(79.29902294778,46.859736229424,
    23.345574954718));
#1309 = CARTESIAN_POINT('',(79.29902294778,39.776511565779,
    23.974748939049));
#1310 = CARTESIAN_POINT('',(79.29902294778,46.859736229424,
    23.974748939049));
#1311 = ADVANCED_FACE('',(#1312),#1333,.F.);
#1312 = FACE_BOUND('',#1313,.F.);
#1313 = EDGE_LOOP('',(#1314,#1321,#1331,#1332));
#1314 = ORIENTED_EDGE('',*,*,#1315,.T.);
#1315 = EDGE_CURVE('',#1050,#1316,#1318,.T.);
#1316 = VERTEX_POINT('',#1317);
#1317 = CARTESIAN_POINT('',(28.54592271783,46.859736229424,
    35.96212332332));
#1318 = B_SPLINE_CURVE_WITH_KNOTS('',1,(#1319,#1320),.UNSPECIFIED.,.F.,
  .F.,(2,2),(38.000205399246,44.5),.PIECEWISE_BEZIER_KNOTS.);
#1319 = CARTESIAN_POINT('',(28.54592271783,39.776511565779,
    35.96212332332));
#1320 = CARTESIAN_POINT('',(28.54592271783,46.859736229424,
    35.96212332332));
#1321 = ORIENTED_EDGE('',*,*,#1322,.T.);
#1322 = EDGE_CURVE('',#1316,#1316,#1323,.T.);
#1323 = ( BOUNDED_CURVE() B_SPLINE_CURVE(2,(#1324,#1325,#1326,#1327,
#1328,#1329,#1330),.UNSPECIFIED.,.T.,.F.) B_SPLINE_CURVE_WITH_KNOTS((3,2
    ,2,3),(3.14159265359,5.235987755983,7.330382858376,9.424777960769),
.PIECEWISE_BEZIER_KNOTS.) CURVE() GEOMETRIC_REPRESENTATION_ITEM() 
RATIONAL_B_SPLINE_CURVE((1.,0.5,1.,0.5,1.,0.5,1.)) REPRESENTATION_ITEM(
  '') );
#1324 = CARTESIAN_POINT('',(28.54592271783,46.859736229424,
    35.96212332332));
#1325 = CARTESIAN_POINT('',(28.54592271783,46.859736229424,
    34.074601370329));
#1326 = CARTESIAN_POINT('',(30.180564679321,46.859736229424,
    35.018362346824));
#1327 = CARTESIAN_POINT('',(31.815206640813,46.859736229424,
    35.96212332332));
#1328 = CARTESIAN_POINT('',(30.180564679321,46.859736229424,
    36.905884299816));
#1329 = CARTESIAN_POINT('',(28.54592271783,46.859736229424,
    37.849645276312));
#1330 = CARTESIAN_POINT('',(28.54592271783,46.859736229424,
    35.96212332332));
#1331 = ORIENTED_EDGE('',*,*,#1315,.F.);
#1332 = ORIENTED_EDGE('',*,*,#1049,.T.);
#1333 = ( BOUNDED_SURFACE() B_SPLINE_SURFACE(2,1,(
    (#1334,#1335)
    ,(#1336,#1337)
    ,(#1338,#1339)
    ,(#1340,#1341)
    ,(#1342,#1343)
    ,(#1344,#1345)
    ,(#1346,#1347)
    ,(#1348,#1349)
    ,(#1350,#1351
)),.UNSPECIFIED.,.T.,.F.,.F.) B_SPLINE_SURFACE_WITH_KNOTS((3,2,2,2,3),(2
    ,2),(3.14159265359,4.188790204786,6.28318530718,8.377580409573,
    9.424777960769),(38.000205399246,44.5),.UNSPECIFIED.) 
GEOMETRIC_REPRESENTATION_ITEM() RATIONAL_B_SPLINE_SURFACE((
    (0.75,0.75)
    ,(0.75,0.75)
    ,(1.,1.)
    ,(0.5,0.5)
    ,(1.,1.)
    ,(0.5,0.5)
    ,(1.,1.)
    ,(0.75,0.75)
,(0.75,0.75))) REPRESENTATION_ITEM('') SURFACE() );
#1334 = CARTESIAN_POINT('',(28.54592271783,39.776511565779,
    35.96212332332));
#1335 = CARTESIAN_POINT('',(28.54592271783,46.859736229424,
    35.96212332332));
#1336 = CARTESIAN_POINT('',(28.54592271783,39.776511565779,
    36.591297307651));
#1337 = CARTESIAN_POINT('',(28.54592271783,46.859736229424,
    36.591297307651));
#1338 = CARTESIAN_POINT('',(29.09080337166,39.776511565779,
    36.905884299816));
#1339 = CARTESIAN_POINT('',(29.09080337166,46.859736229424,
    36.905884299816));
#1340 = CARTESIAN_POINT('',(30.725445333152,39.776511565779,
    37.849645276312));
#1341 = CARTESIAN_POINT('',(30.725445333152,46.859736229424,
    37.849645276312));
#1342 = CARTESIAN_POINT('',(30.725445333152,39.776511565779,
    35.96212332332));
#1343 = CARTESIAN_POINT('',(30.725445333152,46.859736229424,
    35.96212332332));
#1344 = CARTESIAN_POINT('',(30.725445333152,39.776511565779,
    34.074601370329));
#1345 = CARTESIAN_POINT('',(30.725445333152,46.859736229424,
    34.074601370329));
#1346 = CARTESIAN_POINT('',(29.09080337166,39.776511565779,
    35.018362346824));
#1347 = CARTESIAN_POINT('',(29.09080337166,46.859736229424,
    35.018362346824));
#1348 = CARTESIAN_POINT('',(28.54592271783,39.776511565779,
    35.33294933899));
#1349 = CARTESIAN_POINT('',(28.54592271783,46.859736229424,
    35.33294933899));
#1350 = CARTESIAN_POINT('',(28.54592271783,39.776511565779,
    35.96212332332));
#1351 = CARTESIAN_POINT('',(28.54592271783,46.859736229424,
    35.96212332332));
#1352 = ADVANCED_FACE('',(#1353),#1374,.F.);
#1353 = FACE_BOUND('',#1354,.F.);
#1354 = EDGE_LOOP('',(#1355,#1362,#1372,#1373));
#1355 = ORIENTED_EDGE('',*,*,#1356,.T.);
#1356 = EDGE_CURVE('',#1008,#1357,#1359,.T.);
#1357 = VERTEX_POINT('',#1358);
#1358 = CARTESIAN_POINT('',(22.007354871813,46.859736229424,
    23.974748939049));
#1359 = B_SPLINE_CURVE_WITH_KNOTS('',1,(#1360,#1361),.UNSPECIFIED.,.F.,
  .F.,(2,2),(38.000205399246,44.5),.PIECEWISE_BEZIER_KNOTS.);
#1360 = CARTESIAN_POINT('',(22.007354871813,39.776511565779,
    23.974748939049));
#1361 = CARTESIAN_POINT('',(22.007354871813,46.859736229424,
    23.974748939049));
#1362 = ORIENTED_EDGE('',*,*,#1363,.T.);
#1363 = EDGE_CURVE('',#1357,#1357,#1364,.T.);
#1364 = ( BOUNDED_CURVE() B_SPLINE_CURVE(2,(#1365,#1366,#1367,#1368,
#1369,#1370,#1371),.UNSPECIFIED.,.T.,.F.) B_SPLINE_CURVE_WITH_KNOTS((3,2
    ,2,3),(3.14159265359,5.235987755983,7.330382858376,9.424777960769),
.PIECEWISE_BEZIER_KNOTS.) CURVE() GEOMETRIC_REPRESENTATION_ITEM() 
RATIONAL_B_SPLINE_CURVE((1.,0.5,1.,0.5,1.,0.5,1.)) REPRESENTATION_ITEM(
  '') );
#1365 = CARTESIAN_POINT('',(22.007354871813,46.859736229424,
    23.974748939049));
#1366 = CARTESIAN_POINT('',(22.007354871813,46.859736229424,
    10.762095268021));
#1367 = CARTESIAN_POINT('',(33.449848602329,46.859736229424,
    17.368422103535));
#1368 = CARTESIAN_POINT('',(44.892342332846,46.859736229424,
    23.974748939049));
#1369 = CARTESIAN_POINT('',(33.449848602329,46.859736229424,
    30.581075774563));
#1370 = CARTESIAN_POINT('',(22.007354871813,46.859736229424,
    37.187402610077));
#1371 = CARTESIAN_POINT('',(22.007354871813,46.859736229424,
    23.974748939049));
#1372 = ORIENTED_EDGE('',*,*,#1356,.F.);
#1373 = ORIENTED_EDGE('',*,*,#1007,.T.);
#1374 = ( BOUNDED_SURFACE() B_SPLINE_SURFACE(2,1,(
    (#1375,#1376)
    ,(#1377,#1378)
    ,(#1379,#1380)
    ,(#1381,#1382)
    ,(#1383,#1384)
    ,(#1385,#1386)
    ,(#1387,#1388)
    ,(#1389,#1390)
    ,(#1391,#1392
)),.UNSPECIFIED.,.T.,.F.,.F.) B_SPLINE_SURFACE_WITH_KNOTS((3,2,2,2,3),(2
    ,2),(3.14159265359,4.188790204786,6.28318530718,8.377580409573,
    9.424777960769),(38.000205399246,44.5),.UNSPECIFIED.) 
GEOMETRIC_REPRESENTATION_ITEM() RATIONAL_B_SPLINE_SURFACE((
    (0.75,0.75)
    ,(0.75,0.75)
    ,(1.,1.)
    ,(0.5,0.5)
    ,(1.,1.)
    ,(0.5,0.5)
    ,(1.,1.)
    ,(0.75,0.75)
,(0.75,0.75))) REPRESENTATION_ITEM('') SURFACE() );
#1375 = CARTESIAN_POINT('',(22.007354871813,39.776511565779,
    23.974748939049));
#1376 = CARTESIAN_POINT('',(22.007354871813,46.859736229424,
    23.974748939049));
#1377 = CARTESIAN_POINT('',(22.007354871813,39.776511565779,
    28.378966829392));
#1378 = CARTESIAN_POINT('',(22.007354871813,46.859736229424,
    28.378966829392));
#1379 = CARTESIAN_POINT('',(25.821519448652,39.776511565779,
    30.581075774563));
#1380 = CARTESIAN_POINT('',(25.821519448652,46.859736229424,
    30.581075774563));
#1381 = CARTESIAN_POINT('',(37.264013179168,39.776511565779,
    37.187402610077));
#1382 = CARTESIAN_POINT('',(37.264013179168,46.859736229424,
    37.187402610077));
#1383 = CARTESIAN_POINT('',(37.264013179168,39.776511565779,
    23.974748939049));
#1384 = CARTESIAN_POINT('',(37.264013179168,46.859736229424,
    23.974748939049));
#1385 = CARTESIAN_POINT('',(37.264013179168,39.776511565779,
    10.762095268021));
#1386 = CARTESIAN_POINT('',(37.264013179168,46.859736229424,
    10.762095268021));
#1387 = CARTESIAN_POINT('',(25.821519448652,39.776511565779,
    17.368422103535));
#1388 = CARTESIAN_POINT('',(25.821519448652,46.859736229424,
    17.368422103535));
#1389 = CARTESIAN_POINT('',(22.007354871813,39.776511565779,
    19.570531048706));
#1390 = CARTESIAN_POINT('',(22.007354871813,46.859736229424,
    19.570531048706));
#1391 = CARTESIAN_POINT('',(22.007354871813,39.776511565779,
    23.974748939049));
#1392 = CARTESIAN_POINT('',(22.007354871813,46.859736229424,
    23.974748939049));
#1393 = ADVANCED_FACE('',(#1394),#1415,.F.);
#1394 = FACE_BOUND('',#1395,.F.);
#1395 = EDGE_LOOP('',(#1396,#1403,#1413,#1414));
#1396 = ORIENTED_EDGE('',*,*,#1397,.T.);
#1397 = EDGE_CURVE('',#994,#1398,#1400,.T.);
#1398 = VERTEX_POINT('',#1399);
#1399 = CARTESIAN_POINT('',(16.558548333558,46.859736229424,
    23.974748939049));
#1400 = B_SPLINE_CURVE_WITH_KNOTS('',1,(#1401,#1402),.UNSPECIFIED.,.F.,
  .F.,(2,2),(38.000205399246,44.5),.PIECEWISE_BEZIER_KNOTS.);
#1401 = CARTESIAN_POINT('',(16.558548333558,39.776511565779,
    23.974748939049));
#1402 = CARTESIAN_POINT('',(16.558548333558,46.859736229424,
    23.974748939049));
#1403 = ORIENTED_EDGE('',*,*,#1404,.T.);
#1404 = EDGE_CURVE('',#1398,#1398,#1405,.T.);
#1405 = ( BOUNDED_CURVE() B_SPLINE_CURVE(2,(#1406,#1407,#1408,#1409,
#1410,#1411,#1412),.UNSPECIFIED.,.T.,.F.) B_SPLINE_CURVE_WITH_KNOTS((3,2
    ,2,3),(3.14159265359,5.235987755983,7.330382858376,9.424777960769),
.PIECEWISE_BEZIER_KNOTS.) CURVE() GEOMETRIC_REPRESENTATION_ITEM() 
RATIONAL_B_SPLINE_CURVE((1.,0.5,1.,0.5,1.,0.5,1.)) REPRESENTATION_ITEM(
  '') );
#1406 = CARTESIAN_POINT('',(16.558548333558,46.859736229424,
    23.974748939049));
#1407 = CARTESIAN_POINT('',(16.558548333558,46.859736229424,
    22.087226986057));
#1408 = CARTESIAN_POINT('',(18.19319029505,46.859736229424,
    23.030987962553));
#1409 = CARTESIAN_POINT('',(19.827832256541,46.859736229424,
    23.974748939049));
#1410 = CARTESIAN_POINT('',(18.19319029505,46.859736229424,
    24.918509915545));
#1411 = CARTESIAN_POINT('',(16.558548333558,46.859736229424,
    25.862270892041));
#1412 = CARTESIAN_POINT('',(16.558548333558,46.859736229424,
    23.974748939049));
#1413 = ORIENTED_EDGE('',*,*,#1397,.F.);
#1414 = ORIENTED_EDGE('',*,*,#993,.T.);
#1415 = ( BOUNDED_SURFACE() B_SPLINE_SURFACE(2,1,(
    (#1416,#1417)
    ,(#1418,#1419)
    ,(#1420,#1421)
    ,(#1422,#1423)
    ,(#1424,#1425)
    ,(#1426,#1427)
    ,(#1428,#1429)
    ,(#1430,#1431)
    ,(#1432,#1433
)),.UNSPECIFIED.,.T.,.F.,.F.) B_SPLINE_SURFACE_WITH_KNOTS((3,2,2,2,3),(2
    ,2),(3.14159265359,4.188790204786,6.28318530718,8.377580409573,
    9.424777960769),(38.000205399246,44.5),.UNSPECIFIED.) 
GEOMETRIC_REPRESENTATION_ITEM() RATIONAL_B_SPLINE_SURFACE((
    (0.75,0.75)
    ,(0.75,0.75)
    ,(1.,1.)
    ,(0.5,0.5)
    ,(1.,1.)
    ,(0.5,0.5)
    ,(1.,1.)
    ,(0.75,0.75)
,(0.75,0.75))) REPRESENTATION_ITEM('') SURFACE() );
#1416 = CARTESIAN_POINT('',(16.558548333558,39.776511565779,
    23.974748939049));
#1417 = CARTESIAN_POINT('',(16.558548333558,46.859736229424,
    23.974748939049));
#1418 = CARTESIAN_POINT('',(16.558548333558,39.776511565779,
    24.60392292338));
#1419 = CARTESIAN_POINT('',(16.558548333558,46.859736229424,
    24.60392292338));
#1420 = CARTESIAN_POINT('',(17.103428987389,39.776511565779,
    24.918509915545));
#1421 = CARTESIAN_POINT('',(17.103428987389,46.859736229424,
    24.918509915545));
#1422 = CARTESIAN_POINT('',(18.73807094888,39.776511565779,
    25.862270892041));
#1423 = CARTESIAN_POINT('',(18.73807094888,46.859736229424,
    25.862270892041));
#1424 = CARTESIAN_POINT('',(18.73807094888,39.776511565779,
    23.974748939049));
#1425 = CARTESIAN_POINT('',(18.73807094888,46.859736229424,
    23.974748939049));
#1426 = CARTESIAN_POINT('',(18.73807094888,39.776511565779,
    22.087226986057));
#1427 = CARTESIAN_POINT('',(18.73807094888,46.859736229424,
    22.087226986057));
#1428 = CARTESIAN_POINT('',(17.103428987389,39.776511565779,
    23.030987962553));
#1429 = CARTESIAN_POINT('',(17.103428987389,46.859736229424,
    23.030987962553));
#1430 = CARTESIAN_POINT('',(16.558548333558,39.776511565779,
    23.345574954718));
#1431 = CARTESIAN_POINT('',(16.558548333558,46.859736229424,
    23.345574954718));
#1432 = CARTESIAN_POINT('',(16.558548333558,39.776511565779,
    23.974748939049));
#1433 = CARTESIAN_POINT('',(16.558548333558,46.859736229424,
    23.974748939049));
#1434 = ADVANCED_FACE('',(#1435),#1456,.F.);
#1435 = FACE_BOUND('',#1436,.F.);
#1436 = EDGE_LOOP('',(#1437,#1444,#1454,#1455));
#1437 = ORIENTED_EDGE('',*,*,#1438,.T.);
#1438 = EDGE_CURVE('',#919,#1439,#1441,.T.);
#1439 = VERTEX_POINT('',#1440);
#1440 = CARTESIAN_POINT('',(55.324274179238,46.859736229424,
    23.974748939049));
#1441 = B_SPLINE_CURVE_WITH_KNOTS('',1,(#1442,#1443),.UNSPECIFIED.,.F.,
  .F.,(2,2),(38.000205399246,44.5),.PIECEWISE_BEZIER_KNOTS.);
#1442 = CARTESIAN_POINT('',(55.324274179238,39.776511565779,
    23.974748939049));
#1443 = CARTESIAN_POINT('',(55.324274179238,46.859736229424,
    23.974748939049));
#1444 = ORIENTED_EDGE('',*,*,#1445,.T.);
#1445 = EDGE_CURVE('',#1439,#1439,#1446,.T.);
#1446 = ( BOUNDED_CURVE() B_SPLINE_CURVE(2,(#1447,#1448,#1449,#1450,
#1451,#1452,#1453),.UNSPECIFIED.,.T.,.F.) B_SPLINE_CURVE_WITH_KNOTS((3,2
    ,2,3),(3.14159265359,5.235987755983,7.330382858376,9.424777960769),
.PIECEWISE_BEZIER_KNOTS.) CURVE() GEOMETRIC_REPRESENTATION_ITEM() 
RATIONAL_B_SPLINE_CURVE((1.,0.5,1.,0.5,1.,0.5,1.)) REPRESENTATION_ITEM(
  '') );
#1447 = CARTESIAN_POINT('',(55.324274179238,46.859736229424,
    23.974748939049));
#1448 = CARTESIAN_POINT('',(55.324274179238,46.859736229424,
    22.087226986057));
#1449 = CARTESIAN_POINT('',(56.958916140729,46.859736229424,
    23.030987962553));
#1450 = CARTESIAN_POINT('',(58.593558102221,46.859736229424,
    23.974748939049));
#1451 = CARTESIAN_POINT('',(56.958916140729,46.859736229424,
    24.918509915545));
#1452 = CARTESIAN_POINT('',(55.324274179238,46.859736229424,
    25.862270892041));
#1453 = CARTESIAN_POINT('',(55.324274179238,46.859736229424,
    23.974748939049));
#1454 = ORIENTED_EDGE('',*,*,#1438,.F.);
#1455 = ORIENTED_EDGE('',*,*,#918,.T.);
#1456 = ( BOUNDED_SURFACE() B_SPLINE_SURFACE(2,1,(
    (#1457,#1458)
    ,(#1459,#1460)
    ,(#1461,#1462)
    ,(#1463,#1464)
    ,(#1465,#1466)
    ,(#1467,#1468)
    ,(#1469,#1470)
    ,(#1471,#1472)
    ,(#1473,#1474
)),.UNSPECIFIED.,.T.,.F.,.F.) B_SPLINE_SURFACE_WITH_KNOTS((3,2,2,2,3),(2
    ,2),(3.14159265359,4.188790204786,6.28318530718,8.377580409573,
    9.424777960769),(38.000205399246,44.5),.UNSPECIFIED.) 
GEOMETRIC_REPRESENTATION_ITEM() RATIONAL_B_SPLINE_SURFACE((
    (0.75,0.75)
    ,(0.75,0.75)
    ,(1.,1.)
    ,(0.5,0.5)
    ,(1.,1.)
    ,(0.5,0.5)
    ,(1.,1.)
    ,(0.75,0.75)
,(0.75,0.75))) REPRESENTATION_ITEM('') SURFACE() );
#1457 = CARTESIAN_POINT('',(55.324274179238,39.776511565779,
    23.974748939049));
#1458 = CARTESIAN_POINT('',(55.324274179238,46.859736229424,
    23.974748939049));
#1459 = CARTESIAN_POINT('',(55.324274179238,39.776511565779,
    24.60392292338));
#1460 = CARTESIAN_POINT('',(55.324274179238,46.859736229424,
    24.60392292338));
#1461 = CARTESIAN_POINT('',(55.869154833068,39.776511565779,
    24.918509915545));
#1462 = CARTESIAN_POINT('',(55.869154833068,46.859736229424,
    24.918509915545));
#1463 = CARTESIAN_POINT('',(57.50379679456,39.776511565779,
    25.862270892041));
#1464 = CARTESIAN_POINT('',(57.50379679456,46.859736229424,
    25.862270892041));
#1465 = CARTESIAN_POINT('',(57.50379679456,39.776511565779,
    23.974748939049));
#1466 = CARTESIAN_POINT('',(57.50379679456,46.859736229424,
    23.974748939049));
#1467 = CARTESIAN_POINT('',(57.50379679456,39.776511565779,
    22.087226986057));
#1468 = CARTESIAN_POINT('',(57.50379679456,46.859736229424,
    22.087226986057));
#1469 = CARTESIAN_POINT('',(55.869154833068,39.776511565779,
    23.030987962553));
#1470 = CARTESIAN_POINT('',(55.869154833068,46.859736229424,
    23.030987962553));
#1471 = CARTESIAN_POINT('',(55.324274179238,39.776511565779,
    23.345574954718));
#1472 = CARTESIAN_POINT('',(55.324274179238,46.859736229424,
    23.345574954718));
#1473 = CARTESIAN_POINT('',(55.324274179238,39.776511565779,
    23.974748939049));
#1474 = CARTESIAN_POINT('',(55.324274179238,46.859736229424,
    23.974748939049));
#1475 = ADVANCED_FACE('',(#1476),#1510,.T.);
#1476 = FACE_BOUND('',#1477,.T.);
#1477 = EDGE_LOOP('',(#1478,#1487,#1495,#1505));
#1478 = ORIENTED_EDGE('',*,*,#1479,.F.);
#1479 = EDGE_CURVE('',#1480,#1482,#1484,.T.);
#1480 = VERTEX_POINT('',#1481);
#1481 = CARTESIAN_POINT('',(92.629711151187,38.686527039038,
    40.321168383458));
#1482 = VERTEX_POINT('',#1483);
#1483 = CARTESIAN_POINT('',(92.629711151187,41.41115352727,
    40.321168383458));
#1484 = B_SPLINE_CURVE_WITH_KNOTS('',1,(#1485,#1486),.UNSPECIFIED.,.F.,
  .F.,(2,2),(-1.250204833002,1.25),.PIECEWISE_BEZIER_KNOTS.);
#1485 = CARTESIAN_POINT('',(92.629711151187,38.686527039038,
    40.321168383458));
#1486 = CARTESIAN_POINT('',(92.629711151187,41.41115352727,
    40.321168383458));
#1487 = ORIENTED_EDGE('',*,*,#1488,.F.);
#1488 = EDGE_CURVE('',#1489,#1480,#1491,.T.);
#1489 = VERTEX_POINT('',#1490);
#1490 = CARTESIAN_POINT('',(95.35411580063,41.41093030819,
    40.321168383458));
#1491 = ( BOUNDED_CURVE() B_SPLINE_CURVE(2,(#1492,#1493,#1494),
.UNSPECIFIED.,.F.,.F.) B_SPLINE_CURVE_WITH_KNOTS((3,3),(3.14159265359,
4.712389487024),.PIECEWISE_BEZIER_KNOTS.) CURVE() 
GEOMETRIC_REPRESENTATION_ITEM() RATIONAL_B_SPLINE_CURVE((1.,
0.707106602062,1.)) REPRESENTATION_ITEM('') );
#1492 = CARTESIAN_POINT('',(95.35411580063,41.41093030819,
    40.321168383458));
#1493 = CARTESIAN_POINT('',(95.35411580063,38.686525658747,
    40.321168383458));
#1494 = CARTESIAN_POINT('',(92.629711151187,38.686527039038,
    40.321168383458));
#1495 = ORIENTED_EDGE('',*,*,#1496,.F.);
#1496 = EDGE_CURVE('',#1497,#1489,#1499,.T.);
#1497 = VERTEX_POINT('',#1498);
#1498 = CARTESIAN_POINT('',(89.905309271469,41.41115352727,
    40.321168383458));
#1499 = ( BOUNDED_CURVE() B_SPLINE_CURVE(2,(#1500,#1501,#1502,#1503,
#1504),.UNSPECIFIED.,.F.,.F.) B_SPLINE_CURVE_WITH_KNOTS((3,2,3),(
    8.193320097193E-05,1.570837293395,3.14159265359),
.PIECEWISE_BEZIER_KNOTS.) CURVE() GEOMETRIC_REPRESENTATION_ITEM() 
RATIONAL_B_SPLINE_CURVE((1.,0.707121264919,1.,0.707121264919,1.)) 
REPRESENTATION_ITEM('') );
#1500 = CARTESIAN_POINT('',(89.905309271469,41.41115352727,
    40.321168383458));
#1501 = CARTESIAN_POINT('',(89.905532481405,44.135445180024,
    40.321168383458));
#1502 = CARTESIAN_POINT('',(92.629824141018,44.135333575056,
    40.321168383458));
#1503 = CARTESIAN_POINT('',(95.35411580063,44.135221970088,
    40.321168383458));
#1504 = CARTESIAN_POINT('',(95.35411580063,41.41093030819,
    40.321168383458));
#1505 = ORIENTED_EDGE('',*,*,#1506,.F.);
#1506 = EDGE_CURVE('',#1482,#1497,#1507,.T.);
#1507 = B_SPLINE_CURVE_WITH_KNOTS('',1,(#1508,#1509),.UNSPECIFIED.,.F.,
  .F.,(2,2),(-41.24999996274,-38.75000123773),.PIECEWISE_BEZIER_KNOTS.);
#1508 = CARTESIAN_POINT('',(92.629711151187,41.41115352727,
    40.321168383458));
#1509 = CARTESIAN_POINT('',(89.905309271469,41.41115352727,
    40.321168383458));
#1510 = B_SPLINE_SURFACE_WITH_KNOTS('',1,1,(
    (#1511,#1512)
    ,(#1513,#1514
    )),.UNSPECIFIED.,.F.,.F.,.F.,(2,2),(2,2),(-2.5,2.499999991609),(-2.5
    ,2.5),.PIECEWISE_BEZIER_KNOTS.);
#1511 = CARTESIAN_POINT('',(95.35411580063,44.135333577342,
    40.321168383458));
#1512 = CARTESIAN_POINT('',(95.35411580063,38.686527039037,
    40.321168383458));
#1513 = CARTESIAN_POINT('',(89.905309271469,44.135333577342,
    40.321168383458));
#1514 = CARTESIAN_POINT('',(89.905309271469,38.686527039037,
    40.321168383458));
#1515 = ADVANCED_FACE('',(#1516),#1544,.F.);
#1516 = FACE_BOUND('',#1517,.F.);
#1517 = EDGE_LOOP('',(#1518,#1525,#1526,#1532,#1533,#1534));
#1518 = ORIENTED_EDGE('',*,*,#1519,.T.);
#1519 = EDGE_CURVE('',#1520,#1489,#1522,.T.);
#1520 = VERTEX_POINT('',#1521);
#1521 = CARTESIAN_POINT('',(95.35411580063,41.41093030819,
    47.949497537085));
#1522 = B_SPLINE_CURVE_WITH_KNOTS('',1,(#1523,#1524),.UNSPECIFIED.,.F.,
  .F.,(2,2),(0.,7.),.PIECEWISE_BEZIER_KNOTS.);
#1523 = CARTESIAN_POINT('',(95.35411580063,41.41093030819,
    47.949497537085));
#1524 = CARTESIAN_POINT('',(95.35411580063,41.41093030819,
    40.321168383458));
#1525 = ORIENTED_EDGE('',*,*,#1496,.F.);
#1526 = ORIENTED_EDGE('',*,*,#1527,.T.);
#1527 = EDGE_CURVE('',#1497,#1480,#1528,.T.);
#1528 = ( BOUNDED_CURVE() B_SPLINE_CURVE(2,(#1529,#1530,#1531),
.UNSPECIFIED.,.F.,.F.) B_SPLINE_CURVE_WITH_KNOTS((3,3),(6.283103373979,
7.853981127335),.PIECEWISE_BEZIER_KNOTS.) CURVE() 
GEOMETRIC_REPRESENTATION_ITEM() RATIONAL_B_SPLINE_CURVE((1.,
0.707077991964,1.)) REPRESENTATION_ITEM('') );
#1529 = CARTESIAN_POINT('',(89.905309271469,41.41115352727,
    40.321168383458));
#1530 = CARTESIAN_POINT('',(89.905086034212,38.68652841944,
    40.321168383458));
#1531 = CARTESIAN_POINT('',(92.629711151187,38.686527039038,
    40.321168383458));
#1532 = ORIENTED_EDGE('',*,*,#1488,.F.);
#1533 = ORIENTED_EDGE('',*,*,#1519,.F.);
#1534 = ORIENTED_EDGE('',*,*,#1535,.T.);
#1535 = EDGE_CURVE('',#1520,#1520,#1536,.T.);
#1536 = ( BOUNDED_CURVE() B_SPLINE_CURVE(2,(#1537,#1538,#1539,#1540,
#1541,#1542,#1543),.UNSPECIFIED.,.T.,.F.) B_SPLINE_CURVE_WITH_KNOTS((3,2
    ,2,3),(3.14159265359,5.235987755983,7.330382858376,9.424777960769),
.PIECEWISE_BEZIER_KNOTS.) CURVE() GEOMETRIC_REPRESENTATION_ITEM() 
RATIONAL_B_SPLINE_CURVE((1.,0.5,1.,0.5,1.,0.5,1.)) REPRESENTATION_ITEM(
  '') );
#1537 = CARTESIAN_POINT('',(95.35411580063,41.41093030819,
    47.949497537085));
#1538 = CARTESIAN_POINT('',(95.35411580063,36.692125425711,
    47.949497537085));
#1539 = CARTESIAN_POINT('',(91.267510896901,39.05152786695,
    47.949497537085));
#1540 = CARTESIAN_POINT('',(87.180905993172,41.41093030819,
    47.949497537085));
#1541 = CARTESIAN_POINT('',(91.267510896901,43.770332749429,
    47.949497537085));
#1542 = CARTESIAN_POINT('',(95.35411580063,46.129735190669,
    47.949497537085));
#1543 = CARTESIAN_POINT('',(95.35411580063,41.41093030819,
    47.949497537085));
#1544 = ( BOUNDED_SURFACE() B_SPLINE_SURFACE(2,1,(
    (#1545,#1546)
    ,(#1547,#1548)
    ,(#1549,#1550)
    ,(#1551,#1552)
    ,(#1553,#1554)
    ,(#1555,#1556)
    ,(#1557,#1558)
    ,(#1559,#1560)
    ,(#1561,#1562
)),.UNSPECIFIED.,.T.,.F.,.F.) B_SPLINE_SURFACE_WITH_KNOTS((3,2,2,2,3),(2
    ,2),(3.14159265359,4.188790204786,6.28318530718,8.377580409573,
9.424777960769),(0.,7.),.UNSPECIFIED.) GEOMETRIC_REPRESENTATION_ITEM() 
RATIONAL_B_SPLINE_SURFACE((
    (0.75,0.75)
    ,(0.75,0.75)
    ,(1.,1.)
    ,(0.5,0.5)
    ,(1.,1.)
    ,(0.5,0.5)
    ,(1.,1.)
    ,(0.75,0.75)
,(0.75,0.75))) REPRESENTATION_ITEM('') SURFACE() );
#1545 = CARTESIAN_POINT('',(95.35411580063,41.41093030819,
    47.949497537085));
#1546 = CARTESIAN_POINT('',(95.35411580063,41.41093030819,
    40.321168383458));
#1547 = CARTESIAN_POINT('',(95.35411580063,39.837995347364,
    47.949497537085));
#1548 = CARTESIAN_POINT('',(95.35411580063,39.837995347364,
    40.321168383458));
#1549 = CARTESIAN_POINT('',(93.991914166054,39.05152786695,
    47.949497537085));
#1550 = CARTESIAN_POINT('',(93.991914166054,39.05152786695,
    40.321168383458));
#1551 = CARTESIAN_POINT('',(89.905309262325,36.692125425711,
    47.949497537085));
#1552 = CARTESIAN_POINT('',(89.905309262325,36.692125425711,
    40.321168383458));
#1553 = CARTESIAN_POINT('',(89.905309262325,41.41093030819,
    47.949497537085));
#1554 = CARTESIAN_POINT('',(89.905309262325,41.41093030819,
    40.321168383458));
#1555 = CARTESIAN_POINT('',(89.905309262325,46.129735190669,
    47.949497537085));
#1556 = CARTESIAN_POINT('',(89.905309262325,46.129735190669,
    40.321168383458));
#1557 = CARTESIAN_POINT('',(93.991914166054,43.770332749429,
    47.949497537085));
#1558 = CARTESIAN_POINT('',(93.991914166054,43.770332749429,
    40.321168383458));
#1559 = CARTESIAN_POINT('',(95.35411580063,42.983865269016,
    47.949497537085));
#1560 = CARTESIAN_POINT('',(95.35411580063,42.983865269016,
    40.321168383458));
#1561 = CARTESIAN_POINT('',(95.35411580063,41.41093030819,
    47.949497537085));
#1562 = CARTESIAN_POINT('',(95.35411580063,41.41093030819,
    40.321168383458));
#1563 = ADVANCED_FACE('',(#1564),#1590,.T.);
#1564 = FACE_BOUND('',#1565,.T.);
#1565 = EDGE_LOOP('',(#1566,#1575,#1585));
#1566 = ORIENTED_EDGE('',*,*,#1567,.F.);
#1567 = EDGE_CURVE('',#1568,#1570,#1572,.T.);
#1568 = VERTEX_POINT('',#1569);
#1569 = CARTESIAN_POINT('',(8.173209879507,41.41115352727,
    40.321168383458));
#1570 = VERTEX_POINT('',#1571);
#1571 = CARTESIAN_POINT('',(5.448806619499,41.41115352727,
    40.321168383458));
#1572 = B_SPLINE_CURVE_WITH_KNOTS('',1,(#1573,#1574),.UNSPECIFIED.,.F.,
  .F.,(2,2),(-1.249999991609,1.25),.PIECEWISE_BEZIER_KNOTS.);
#1573 = CARTESIAN_POINT('',(8.173209879507,41.41115352727,
    40.321168383458));
#1574 = CARTESIAN_POINT('',(5.448806619499,41.41115352727,
    40.321168383458));
#1575 = ORIENTED_EDGE('',*,*,#1576,.F.);
#1576 = EDGE_CURVE('',#1577,#1568,#1579,.T.);
#1577 = VERTEX_POINT('',#1578);
#1578 = CARTESIAN_POINT('',(5.448806619499,38.686527039037,
    40.321168383458));
#1579 = ( BOUNDED_CURVE() B_SPLINE_CURVE(2,(#1580,#1581,#1582,#1583,
#1584),.UNSPECIFIED.,.F.,.F.) B_SPLINE_CURVE_WITH_KNOTS((3,2,3),(
    4.712388980385,7.068542503977,9.424696027568),
.PIECEWISE_BEZIER_KNOTS.) CURVE() GEOMETRIC_REPRESENTATION_ITEM() 
RATIONAL_B_SPLINE_CURVE((1.,0.382702356387,1.,0.382702356387,1.)) 
REPRESENTATION_ITEM('') );
#1580 = CARTESIAN_POINT('',(5.448806619499,38.686527039037,
    40.321168383458));
#1581 = CARTESIAN_POINT('',(-1.1281036623,38.686527039037,
    40.321168383458));
#1582 = CARTESIAN_POINT('',(3.522283674948,43.337295413015,
    40.321168383458));
#1583 = CARTESIAN_POINT('',(8.172671012195,47.988063786993,
    40.321168383458));
#1584 = CARTESIAN_POINT('',(8.173209879507,41.41115352727,
    40.321168383458));
#1585 = ORIENTED_EDGE('',*,*,#1586,.F.);
#1586 = EDGE_CURVE('',#1570,#1577,#1587,.T.);
#1587 = B_SPLINE_CURVE_WITH_KNOTS('',1,(#1588,#1589),.UNSPECIFIED.,.F.,
  .F.,(2,2),(-17.75,-15.24979516699),.PIECEWISE_BEZIER_KNOTS.);
#1588 = CARTESIAN_POINT('',(5.448806619499,41.41115352727,
    40.321168383458));
#1589 = CARTESIAN_POINT('',(5.448806619499,38.686527039037,
    40.321168383458));
#1590 = B_SPLINE_SURFACE_WITH_KNOTS('',1,1,(
    (#1591,#1592)
    ,(#1593,#1594
    )),.UNSPECIFIED.,.F.,.F.,.F.,(2,2),(2,2),(-2.499999991609,2.5),(-2.5
    ,2.5),.PIECEWISE_BEZIER_KNOTS.);
#1591 = CARTESIAN_POINT('',(8.173209879507,44.135333577342,
    40.321168383458));
#1592 = CARTESIAN_POINT('',(8.173209879507,38.686527039037,
    40.321168383458));
#1593 = CARTESIAN_POINT('',(2.724403350346,44.135333577342,
    40.321168383458));
#1594 = CARTESIAN_POINT('',(2.724403350346,38.686527039037,
    40.321168383458));
#1595 = ADVANCED_FACE('',(#1596),#1631,.F.);
#1596 = FACE_BOUND('',#1597,.F.);
#1597 = EDGE_LOOP('',(#1598,#1607,#1613,#1614,#1620,#1621));
#1598 = ORIENTED_EDGE('',*,*,#1599,.T.);
#1599 = EDGE_CURVE('',#1600,#1602,#1604,.T.);
#1600 = VERTEX_POINT('',#1601);
#1601 = CARTESIAN_POINT('',(8.173209888651,41.41093030819,
    47.949497537085));
#1602 = VERTEX_POINT('',#1603);
#1603 = CARTESIAN_POINT('',(8.173209888651,41.41093030819,
    40.321168383458));
#1604 = B_SPLINE_CURVE_WITH_KNOTS('',1,(#1605,#1606),.UNSPECIFIED.,.F.,
  .F.,(2,2),(0.,7.),.PIECEWISE_BEZIER_KNOTS.);
#1605 = CARTESIAN_POINT('',(8.173209888651,41.41093030819,
    47.949497537085));
#1606 = CARTESIAN_POINT('',(8.173209888651,41.41093030819,
    40.321168383458));
#1607 = ORIENTED_EDGE('',*,*,#1608,.T.);
#1608 = EDGE_CURVE('',#1602,#1568,#1609,.T.);
#1609 = ( BOUNDED_CURVE() B_SPLINE_CURVE(2,(#1610,#1611,#1612),
.UNSPECIFIED.,.F.,.F.) B_SPLINE_CURVE_WITH_KNOTS((3,3),(3.14159265359,
3.141674586791),.PIECEWISE_BEZIER_KNOTS.) CURVE() 
GEOMETRIC_REPRESENTATION_ITEM() RATIONAL_B_SPLINE_CURVE((1.,
0.999999999161,1.)) REPRESENTATION_ITEM('') );
#1610 = CARTESIAN_POINT('',(8.173209888651,41.41093030819,
    40.321168383458));
#1611 = CARTESIAN_POINT('',(8.173209888651,41.41104191773,
    40.321168383458));
#1612 = CARTESIAN_POINT('',(8.173209879507,41.41115352727,
    40.321168383458));
#1613 = ORIENTED_EDGE('',*,*,#1576,.F.);
#1614 = ORIENTED_EDGE('',*,*,#1615,.T.);
#1615 = EDGE_CURVE('',#1577,#1602,#1616,.T.);
#1616 = ( BOUNDED_CURVE() B_SPLINE_CURVE(2,(#1617,#1618,#1619),
.UNSPECIFIED.,.F.,.F.) B_SPLINE_CURVE_WITH_KNOTS((3,3),(1.570796326795,
3.14159265359),.PIECEWISE_BEZIER_KNOTS.) CURVE() 
GEOMETRIC_REPRESENTATION_ITEM() RATIONAL_B_SPLINE_CURVE((1.,
0.707106781187,1.)) REPRESENTATION_ITEM('') );
#1617 = CARTESIAN_POINT('',(5.448806619499,38.686527039037,
    40.321168383458));
#1618 = CARTESIAN_POINT('',(8.173209888651,38.686527039037,
    40.321168383458));
#1619 = CARTESIAN_POINT('',(8.173209888651,41.41093030819,
    40.321168383458));
#1620 = ORIENTED_EDGE('',*,*,#1599,.F.);
#1621 = ORIENTED_EDGE('',*,*,#1622,.T.);
#1622 = EDGE_CURVE('',#1600,#1600,#1623,.T.);
#1623 = ( BOUNDED_CURVE() B_SPLINE_CURVE(2,(#1624,#1625,#1626,#1627,
#1628,#1629,#1630),.UNSPECIFIED.,.T.,.F.) B_SPLINE_CURVE_WITH_KNOTS((3,2
    ,2,3),(3.14159265359,5.235987755983,7.330382858376,9.424777960769),
.PIECEWISE_BEZIER_KNOTS.) CURVE() GEOMETRIC_REPRESENTATION_ITEM() 
RATIONAL_B_SPLINE_CURVE((1.,0.5,1.,0.5,1.,0.5,1.)) REPRESENTATION_ITEM(
  '') );
#1624 = CARTESIAN_POINT('',(8.173209888651,41.41093030819,
    47.949497537085));
#1625 = CARTESIAN_POINT('',(8.173209888651,36.692125425711,
    47.949497537085));
#1626 = CARTESIAN_POINT('',(4.086604984922,39.05152786695,
    47.949497537085));
#1627 = CARTESIAN_POINT('',(8.119355034879E-08,41.41093030819,
    47.949497537085));
#1628 = CARTESIAN_POINT('',(4.086604984922,43.770332749429,
    47.949497537085));
#1629 = CARTESIAN_POINT('',(8.173209888651,46.129735190669,
    47.949497537085));
#1630 = CARTESIAN_POINT('',(8.173209888651,41.41093030819,
    47.949497537085));
#1631 = ( BOUNDED_SURFACE() B_SPLINE_SURFACE(2,1,(
    (#1632,#1633)
    ,(#1634,#1635)
    ,(#1636,#1637)
    ,(#1638,#1639)
    ,(#1640,#1641)
    ,(#1642,#1643)
    ,(#1644,#1645)
    ,(#1646,#1647)
    ,(#1648,#1649
)),.UNSPECIFIED.,.T.,.F.,.F.) B_SPLINE_SURFACE_WITH_KNOTS((3,2,2,2,3),(2
    ,2),(3.14159265359,4.188790204786,6.28318530718,8.377580409573,
9.424777960769),(0.,7.),.UNSPECIFIED.) GEOMETRIC_REPRESENTATION_ITEM() 
RATIONAL_B_SPLINE_SURFACE((
    (0.75,0.75)
    ,(0.75,0.75)
    ,(1.,1.)
    ,(0.5,0.5)
    ,(1.,1.)
    ,(0.5,0.5)
    ,(1.,1.)
    ,(0.75,0.75)
,(0.75,0.75))) REPRESENTATION_ITEM('') SURFACE() );
#1632 = CARTESIAN_POINT('',(8.173209888651,41.41093030819,
    47.949497537085));
#1633 = CARTESIAN_POINT('',(8.173209888651,41.41093030819,
    40.321168383458));
#1634 = CARTESIAN_POINT('',(8.173209888651,39.837995347364,
    47.949497537085));
#1635 = CARTESIAN_POINT('',(8.173209888651,39.837995347364,
    40.321168383458));
#1636 = CARTESIAN_POINT('',(6.811008254075,39.05152786695,
    47.949497537085));
#1637 = CARTESIAN_POINT('',(6.811008254075,39.05152786695,
    40.321168383458));
#1638 = CARTESIAN_POINT('',(2.724403350346,36.692125425711,
    47.949497537085));
#1639 = CARTESIAN_POINT('',(2.724403350346,36.692125425711,
    40.321168383458));
#1640 = CARTESIAN_POINT('',(2.724403350346,41.41093030819,
    47.949497537085));
#1641 = CARTESIAN_POINT('',(2.724403350346,41.41093030819,
    40.321168383458));
#1642 = CARTESIAN_POINT('',(2.724403350346,46.129735190669,
    47.949497537085));
#1643 = CARTESIAN_POINT('',(2.724403350346,46.129735190669,
    40.321168383458));
#1644 = CARTESIAN_POINT('',(6.811008254075,43.770332749429,
    47.949497537085));
#1645 = CARTESIAN_POINT('',(6.811008254075,43.770332749429,
    40.321168383458));
#1646 = CARTESIAN_POINT('',(8.173209888651,42.983865269016,
    47.949497537085));
#1647 = CARTESIAN_POINT('',(8.173209888651,42.983865269016,
    40.321168383458));
#1648 = CARTESIAN_POINT('',(8.173209888651,41.41093030819,
    47.949497537085));
#1649 = CARTESIAN_POINT('',(8.173209888651,41.41093030819,
    40.321168383458));
#1650 = ADVANCED_FACE('',(#1651),#1683,.T.);
#1651 = FACE_BOUND('',#1652,.T.);
#1652 = EDGE_LOOP('',(#1653,#1663,#1670,#1678));
#1653 = ORIENTED_EDGE('',*,*,#1654,.F.);
#1654 = EDGE_CURVE('',#1655,#1657,#1659,.T.);
#1655 = VERTEX_POINT('',#1656);
#1656 = CARTESIAN_POINT('',(87.180904612882,41.41115352727,
    47.949497537085));
#1657 = VERTEX_POINT('',#1658);
#1658 = CARTESIAN_POINT('',(92.629711151187,35.962346988965,
    47.949497537085));
#1659 = ( BOUNDED_CURVE() B_SPLINE_CURVE(2,(#1660,#1661,#1662),
.UNSPECIFIED.,.F.,.F.) B_SPLINE_CURVE_WITH_KNOTS((3,3),(0.,
1.570796326795),.PIECEWISE_BEZIER_KNOTS.) CURVE() 
GEOMETRIC_REPRESENTATION_ITEM() RATIONAL_B_SPLINE_CURVE((1.,
0.707106781187,1.)) REPRESENTATION_ITEM('') );
#1660 = CARTESIAN_POINT('',(87.180904612882,41.41115352727,
    47.949497537085));
#1661 = CARTESIAN_POINT('',(87.180904612882,35.962346988965,
    47.949497537085));
#1662 = CARTESIAN_POINT('',(92.629711151187,35.962346988965,
    47.949497537085));
#1663 = ORIENTED_EDGE('',*,*,#1664,.F.);
#1664 = EDGE_CURVE('',#1665,#1655,#1667,.T.);
#1665 = VERTEX_POINT('',#1666);
#1666 = CARTESIAN_POINT('',(87.180904612882,41.41115352727,
    40.321168383458));
#1667 = B_SPLINE_CURVE_WITH_KNOTS('',1,(#1668,#1669),.UNSPECIFIED.,.F.,
  .F.,(2,2),(-7.,0.),.PIECEWISE_BEZIER_KNOTS.);
#1668 = CARTESIAN_POINT('',(87.180904612882,41.41115352727,
    40.321168383458));
#1669 = CARTESIAN_POINT('',(87.180904612882,41.41115352727,
    47.949497537085));
#1670 = ORIENTED_EDGE('',*,*,#1671,.F.);
#1671 = EDGE_CURVE('',#1672,#1665,#1674,.T.);
#1672 = VERTEX_POINT('',#1673);
#1673 = CARTESIAN_POINT('',(92.629711151187,35.962346988965,
    40.321168383458));
#1674 = ( BOUNDED_CURVE() B_SPLINE_CURVE(2,(#1675,#1676,#1677),
.UNSPECIFIED.,.F.,.F.) B_SPLINE_CURVE_WITH_KNOTS((3,3),(4.712388980385,
6.28318530718),.PIECEWISE_BEZIER_KNOTS.) CURVE() 
GEOMETRIC_REPRESENTATION_ITEM() RATIONAL_B_SPLINE_CURVE((1.,
0.707106781187,1.)) REPRESENTATION_ITEM('') );
#1675 = CARTESIAN_POINT('',(92.629711151187,35.962346988965,
    40.321168383458));
#1676 = CARTESIAN_POINT('',(87.180904612882,35.962346988965,
    40.321168383458));
#1677 = CARTESIAN_POINT('',(87.180904612882,41.41115352727,
    40.321168383458));
#1678 = ORIENTED_EDGE('',*,*,#1679,.F.);
#1679 = EDGE_CURVE('',#1657,#1672,#1680,.T.);
#1680 = B_SPLINE_CURVE_WITH_KNOTS('',1,(#1681,#1682),.UNSPECIFIED.,.F.,
  .F.,(2,2),(0.,7.),.PIECEWISE_BEZIER_KNOTS.);
#1681 = CARTESIAN_POINT('',(92.629711151187,35.962346988965,
    47.949497537085));
#1682 = CARTESIAN_POINT('',(92.629711151187,35.962346988965,
    40.321168383458));
#1683 = ( BOUNDED_SURFACE() B_SPLINE_SURFACE(2,1,(
    (#1684,#1685)
    ,(#1686,#1687)
    ,(#1688,#1689
)),.UNSPECIFIED.,.F.,.F.,.F.) B_SPLINE_SURFACE_WITH_KNOTS((3,3),(2,2),(
    4.712388980385,6.28318530718),(0.,7.),.PIECEWISE_BEZIER_KNOTS.) 
GEOMETRIC_REPRESENTATION_ITEM() RATIONAL_B_SPLINE_SURFACE((
    (1.,1.)
    ,(0.707106781187,0.707106781187)
,(1.,1.))) REPRESENTATION_ITEM('') SURFACE() );
#1684 = CARTESIAN_POINT('',(92.629711151187,35.962346988965,
    47.949497537085));
#1685 = CARTESIAN_POINT('',(92.629711151187,35.962346988965,
    40.321168383458));
#1686 = CARTESIAN_POINT('',(87.180904612882,35.962346988965,
    47.949497537085));
#1687 = CARTESIAN_POINT('',(87.180904612882,35.962346988965,
    40.321168383458));
#1688 = CARTESIAN_POINT('',(87.180904612882,41.41115352727,
    47.949497537085));
#1689 = CARTESIAN_POINT('',(87.180904612882,41.41115352727,
    40.321168383458));
#1690 = ADVANCED_FACE('',(#1691),#1705,.F.);
#1691 = FACE_BOUND('',#1692,.T.);
#1692 = EDGE_LOOP('',(#1693,#1694,#1699,#1700));
#1693 = ORIENTED_EDGE('',*,*,#1527,.T.);
#1694 = ORIENTED_EDGE('',*,*,#1695,.F.);
#1695 = EDGE_CURVE('',#1672,#1480,#1696,.T.);
#1696 = B_SPLINE_CURVE_WITH_KNOTS('',1,(#1697,#1698),.UNSPECIFIED.,.F.,
  .F.,(2,2),(-3.75,-1.250204833002),.PIECEWISE_BEZIER_KNOTS.);
#1697 = CARTESIAN_POINT('',(92.629711151187,35.962346988965,
    40.321168383458));
#1698 = CARTESIAN_POINT('',(92.629711151187,38.686527039038,
    40.321168383458));
#1699 = ORIENTED_EDGE('',*,*,#1671,.T.);
#1700 = ORIENTED_EDGE('',*,*,#1701,.F.);
#1701 = EDGE_CURVE('',#1497,#1665,#1702,.T.);
#1702 = B_SPLINE_CURVE_WITH_KNOTS('',1,(#1703,#1704),.UNSPECIFIED.,.F.,
  .F.,(2,2),(-38.75000123773,-36.24999996274),.PIECEWISE_BEZIER_KNOTS.);
#1703 = CARTESIAN_POINT('',(89.905309271469,41.41115352727,
    40.321168383458));
#1704 = CARTESIAN_POINT('',(87.180904612882,41.41115352727,
    40.321168383458));
#1705 = B_SPLINE_SURFACE_WITH_KNOTS('',1,1,(
    (#1706,#1707)
    ,(#1708,#1709
    )),.UNSPECIFIED.,.F.,.F.,.F.,(2,2),(2,2),(-2.5,2.5),(-2.5,2.5),
  .PIECEWISE_BEZIER_KNOTS.);
#1706 = CARTESIAN_POINT('',(92.629711151187,41.41115352727,
    40.321168383458));
#1707 = CARTESIAN_POINT('',(92.629711151187,35.962346988965,
    40.321168383458));
#1708 = CARTESIAN_POINT('',(87.180904612882,41.41115352727,
    40.321168383458));
#1709 = CARTESIAN_POINT('',(87.180904612882,35.962346988965,
    40.321168383458));
#1710 = ADVANCED_FACE('',(#1711),#1743,.T.);
#1711 = FACE_BOUND('',#1712,.T.);
#1712 = EDGE_LOOP('',(#1713,#1723,#1730,#1738));
#1713 = ORIENTED_EDGE('',*,*,#1714,.F.);
#1714 = EDGE_CURVE('',#1715,#1717,#1719,.T.);
#1715 = VERTEX_POINT('',#1716);
#1716 = CARTESIAN_POINT('',(5.448806619499,35.962346988965,
    47.949497537085));
#1717 = VERTEX_POINT('',#1718);
#1718 = CARTESIAN_POINT('',(10.897613157804,41.41115352727,
    47.949497537085));
#1719 = ( BOUNDED_CURVE() B_SPLINE_CURVE(2,(#1720,#1721,#1722),
.UNSPECIFIED.,.F.,.F.) B_SPLINE_CURVE_WITH_KNOTS((3,3),(0.,
1.570796326795),.PIECEWISE_BEZIER_KNOTS.) CURVE() 
GEOMETRIC_REPRESENTATION_ITEM() RATIONAL_B_SPLINE_CURVE((1.,
0.707106781187,1.)) REPRESENTATION_ITEM('') );
#1720 = CARTESIAN_POINT('',(5.448806619499,35.962346988965,
    47.949497537085));
#1721 = CARTESIAN_POINT('',(10.897613157804,35.962346988965,
    47.949497537085));
#1722 = CARTESIAN_POINT('',(10.897613157804,41.41115352727,
    47.949497537085));
#1723 = ORIENTED_EDGE('',*,*,#1724,.F.);
#1724 = EDGE_CURVE('',#1725,#1715,#1727,.T.);
#1725 = VERTEX_POINT('',#1726);
#1726 = CARTESIAN_POINT('',(5.448806619499,35.962346988965,
    40.321168383458));
#1727 = B_SPLINE_CURVE_WITH_KNOTS('',1,(#1728,#1729),.UNSPECIFIED.,.F.,
  .F.,(2,2),(-7.,0.),.PIECEWISE_BEZIER_KNOTS.);
#1728 = CARTESIAN_POINT('',(5.448806619499,35.962346988965,
    40.321168383458));
#1729 = CARTESIAN_POINT('',(5.448806619499,35.962346988965,
    47.949497537085));
#1730 = ORIENTED_EDGE('',*,*,#1731,.F.);
#1731 = EDGE_CURVE('',#1732,#1725,#1734,.T.);
#1732 = VERTEX_POINT('',#1733);
#1733 = CARTESIAN_POINT('',(10.897613157804,41.41115352727,
    40.321168383458));
#1734 = ( BOUNDED_CURVE() B_SPLINE_CURVE(2,(#1735,#1736,#1737),
.UNSPECIFIED.,.F.,.F.) B_SPLINE_CURVE_WITH_KNOTS((3,3),(4.712388980385,
6.28318530718),.PIECEWISE_BEZIER_KNOTS.) CURVE() 
GEOMETRIC_REPRESENTATION_ITEM() RATIONAL_B_SPLINE_CURVE((1.,
0.707106781187,1.)) REPRESENTATION_ITEM('') );
#1735 = CARTESIAN_POINT('',(10.897613157804,41.41115352727,
    40.321168383458));
#1736 = CARTESIAN_POINT('',(10.897613157804,35.962346988965,
    40.321168383458));
#1737 = CARTESIAN_POINT('',(5.448806619499,35.962346988965,
    40.321168383458));
#1738 = ORIENTED_EDGE('',*,*,#1739,.F.);
#1739 = EDGE_CURVE('',#1717,#1732,#1740,.T.);
#1740 = B_SPLINE_CURVE_WITH_KNOTS('',1,(#1741,#1742),.UNSPECIFIED.,.F.,
  .F.,(2,2),(0.,7.),.PIECEWISE_BEZIER_KNOTS.);
#1741 = CARTESIAN_POINT('',(10.897613157804,41.41115352727,
    47.949497537085));
#1742 = CARTESIAN_POINT('',(10.897613157804,41.41115352727,
    40.321168383458));
#1743 = ( BOUNDED_SURFACE() B_SPLINE_SURFACE(2,1,(
    (#1744,#1745)
    ,(#1746,#1747)
    ,(#1748,#1749
)),.UNSPECIFIED.,.F.,.F.,.F.) B_SPLINE_SURFACE_WITH_KNOTS((3,3),(2,2),(
    4.712388980385,6.28318530718),(0.,7.),.PIECEWISE_BEZIER_KNOTS.) 
GEOMETRIC_REPRESENTATION_ITEM() RATIONAL_B_SPLINE_SURFACE((
    (1.,1.)
    ,(0.707106781187,0.707106781187)
,(1.,1.))) REPRESENTATION_ITEM('') SURFACE() );
#1744 = CARTESIAN_POINT('',(10.897613157804,41.41115352727,
    47.949497537085));
#1745 = CARTESIAN_POINT('',(10.897613157804,41.41115352727,
    40.321168383458));
#1746 = CARTESIAN_POINT('',(10.897613157804,35.962346988965,
    47.949497537085));
#1747 = CARTESIAN_POINT('',(10.897613157804,35.962346988965,
    40.321168383458));
#1748 = CARTESIAN_POINT('',(5.448806619499,35.962346988965,
    47.949497537085));
#1749 = CARTESIAN_POINT('',(5.448806619499,35.962346988965,
    40.321168383458));
#1750 = ADVANCED_FACE('',(#1751),#1766,.F.);
#1751 = FACE_BOUND('',#1752,.T.);
#1752 = EDGE_LOOP('',(#1753,#1754,#1755,#1760,#1761));
#1753 = ORIENTED_EDGE('',*,*,#1615,.T.);
#1754 = ORIENTED_EDGE('',*,*,#1608,.T.);
#1755 = ORIENTED_EDGE('',*,*,#1756,.F.);
#1756 = EDGE_CURVE('',#1732,#1568,#1757,.T.);
#1757 = B_SPLINE_CURVE_WITH_KNOTS('',1,(#1758,#1759),.UNSPECIFIED.,.F.,
  .F.,(2,2),(-3.75,-1.249999991609),.PIECEWISE_BEZIER_KNOTS.);
#1758 = CARTESIAN_POINT('',(10.897613157804,41.41115352727,
    40.321168383458));
#1759 = CARTESIAN_POINT('',(8.173209879507,41.41115352727,
    40.321168383458));
#1760 = ORIENTED_EDGE('',*,*,#1731,.T.);
#1761 = ORIENTED_EDGE('',*,*,#1762,.F.);
#1762 = EDGE_CURVE('',#1577,#1725,#1763,.T.);
#1763 = B_SPLINE_CURVE_WITH_KNOTS('',1,(#1764,#1765),.UNSPECIFIED.,.F.,
  .F.,(2,2),(-15.24979516699,-12.75),.PIECEWISE_BEZIER_KNOTS.);
#1764 = CARTESIAN_POINT('',(5.448806619499,38.686527039037,
    40.321168383458));
#1765 = CARTESIAN_POINT('',(5.448806619499,35.962346988965,
    40.321168383458));
#1766 = B_SPLINE_SURFACE_WITH_KNOTS('',1,1,(
    (#1767,#1768)
    ,(#1769,#1770
    )),.UNSPECIFIED.,.F.,.F.,.F.,(2,2),(2,2),(-2.5,2.5),(-2.5,2.5),
  .PIECEWISE_BEZIER_KNOTS.);
#1767 = CARTESIAN_POINT('',(10.897613157804,41.41115352727,
    40.321168383458));
#1768 = CARTESIAN_POINT('',(10.897613157804,35.962346988965,
    40.321168383458));
#1769 = CARTESIAN_POINT('',(5.448806619499,41.41115352727,
    40.321168383458));
#1770 = CARTESIAN_POINT('',(5.448806619499,35.962346988965,
    40.321168383458));
#1771 = ADVANCED_FACE('',(#1772,#1804,#1807),#1810,.F.);
#1772 = FACE_BOUND('',#1773,.T.);
#1773 = EDGE_LOOP('',(#1774,#1775,#1780,#1781,#1782,#1783,#1790,#1797,
    #1802,#1803));
#1774 = ORIENTED_EDGE('',*,*,#1664,.T.);
#1775 = ORIENTED_EDGE('',*,*,#1776,.F.);
#1776 = EDGE_CURVE('',#1717,#1655,#1777,.T.);
#1777 = B_SPLINE_CURVE_WITH_KNOTS('',1,(#1778,#1779),.UNSPECIFIED.,.F.,
  .F.,(2,2),(8.750000037253,78.749999962747),.PIECEWISE_BEZIER_KNOTS.);
#1778 = CARTESIAN_POINT('',(10.897613157804,41.41115352727,
    47.949497537085));
#1779 = CARTESIAN_POINT('',(87.180904612882,41.41115352727,
    47.949497537085));
#1780 = ORIENTED_EDGE('',*,*,#1739,.T.);
#1781 = ORIENTED_EDGE('',*,*,#1756,.T.);
#1782 = ORIENTED_EDGE('',*,*,#1567,.T.);
#1783 = ORIENTED_EDGE('',*,*,#1784,.T.);
#1784 = EDGE_CURVE('',#1570,#1785,#1787,.T.);
#1785 = VERTEX_POINT('',#1786);
#1786 = CARTESIAN_POINT('',(5.448806619499,41.41115352727,0.544880653831
    ));
#1787 = B_SPLINE_CURVE_WITH_KNOTS('',1,(#1788,#1789),.UNSPECIFIED.,.F.,
  .F.,(2,2),(7.,43.5),.PIECEWISE_BEZIER_KNOTS.);
#1788 = CARTESIAN_POINT('',(5.448806619499,41.41115352727,
    40.321168383458));
#1789 = CARTESIAN_POINT('',(5.448806619499,41.41115352727,0.544880653831
    ));
#1790 = ORIENTED_EDGE('',*,*,#1791,.T.);
#1791 = EDGE_CURVE('',#1785,#1792,#1794,.T.);
#1792 = VERTEX_POINT('',#1793);
#1793 = CARTESIAN_POINT('',(92.629711151187,41.41115352727,
    0.544880653831));
#1794 = B_SPLINE_CURVE_WITH_KNOTS('',1,(#1795,#1796),.UNSPECIFIED.,.F.,
  .F.,(2,2),(-79.99999992549,0.),.PIECEWISE_BEZIER_KNOTS.);
#1795 = CARTESIAN_POINT('',(5.448806619499,41.41115352727,0.544880653831
    ));
#1796 = CARTESIAN_POINT('',(92.629711151187,41.41115352727,
    0.544880653831));
#1797 = ORIENTED_EDGE('',*,*,#1798,.F.);
#1798 = EDGE_CURVE('',#1482,#1792,#1799,.T.);
#1799 = B_SPLINE_CURVE_WITH_KNOTS('',1,(#1800,#1801),.UNSPECIFIED.,.F.,
  .F.,(2,2),(7.,43.5),.PIECEWISE_BEZIER_KNOTS.);
#1800 = CARTESIAN_POINT('',(92.629711151187,41.41115352727,
    40.321168383458));
#1801 = CARTESIAN_POINT('',(92.629711151187,41.41115352727,
    0.544880653831));
#1802 = ORIENTED_EDGE('',*,*,#1506,.T.);
#1803 = ORIENTED_EDGE('',*,*,#1701,.T.);
#1804 = FACE_BOUND('',#1805,.T.);
#1805 = EDGE_LOOP('',(#1806));
#1806 = ORIENTED_EDGE('',*,*,#826,.T.);
#1807 = FACE_BOUND('',#1808,.T.);
#1808 = EDGE_LOOP('',(#1809));
#1809 = ORIENTED_EDGE('',*,*,#957,.T.);
#1810 = B_SPLINE_SURFACE_WITH_KNOTS('',1,1,(
    (#1811,#1812)
    ,(#1813,#1814
    )),.UNSPECIFIED.,.F.,.F.,.F.,(2,2),(2,2),(0.,79.999999925494),(0.,
    43.5),.PIECEWISE_BEZIER_KNOTS.);
#1811 = CARTESIAN_POINT('',(5.448806619499,41.41115352727,
    47.949497537085));
#1812 = CARTESIAN_POINT('',(5.448806619499,41.41115352727,0.544880653831
    ));
#1813 = CARTESIAN_POINT('',(92.629711151187,41.41115352727,
    47.949497537085));
#1814 = CARTESIAN_POINT('',(92.629711151187,41.41115352727,
    0.544880653831));
#1815 = ADVANCED_FACE('',(#1816),#1846,.T.);
#1816 = FACE_BOUND('',#1817,.T.);
#1817 = EDGE_LOOP('',(#1818,#1827,#1834,#1841));
#1818 = ORIENTED_EDGE('',*,*,#1819,.T.);
#1819 = EDGE_CURVE('',#1820,#1822,#1824,.T.);
#1820 = VERTEX_POINT('',#1821);
#1821 = CARTESIAN_POINT('',(98.037130124462,46.859736229424,0.));
#1822 = VERTEX_POINT('',#1823);
#1823 = CARTESIAN_POINT('',(98.037130124462,46.950500731937,0.));
#1824 = B_SPLINE_CURVE_WITH_KNOTS('',1,(#1825,#1826),.UNSPECIFIED.,.F.,
  .F.,(2,2),(10.757163684607,10.840452109215),.PIECEWISE_BEZIER_KNOTS.);
#1825 = CARTESIAN_POINT('',(98.037130124462,46.859736229424,0.));
#1826 = CARTESIAN_POINT('',(98.037130124462,46.950500731937,0.));
#1827 = ORIENTED_EDGE('',*,*,#1828,.T.);
#1828 = EDGE_CURVE('',#1822,#1829,#1831,.T.);
#1829 = VERTEX_POINT('',#1830);
#1830 = CARTESIAN_POINT('',(98.037130124462,46.950500731937,
    -7.628329153627));
#1831 = B_SPLINE_CURVE_WITH_KNOTS('',1,(#1832,#1833),.UNSPECIFIED.,.F.,
  .F.,(2,2),(0.,7.),.PIECEWISE_BEZIER_KNOTS.);
#1832 = CARTESIAN_POINT('',(98.037130124462,46.950500731937,0.));
#1833 = CARTESIAN_POINT('',(98.037130124462,46.950500731937,
    -7.628329153627));
#1834 = ORIENTED_EDGE('',*,*,#1835,.F.);
#1835 = EDGE_CURVE('',#1836,#1829,#1838,.T.);
#1836 = VERTEX_POINT('',#1837);
#1837 = CARTESIAN_POINT('',(98.037130124462,46.859736229424,
    -7.628329153627));
#1838 = B_SPLINE_CURVE_WITH_KNOTS('',1,(#1839,#1840),.UNSPECIFIED.,.F.,
  .F.,(2,2),(43.278520012251,43.361808436859),.PIECEWISE_BEZIER_KNOTS.);
#1839 = CARTESIAN_POINT('',(98.037130124462,46.859736229424,
    -7.628329153627));
#1840 = CARTESIAN_POINT('',(98.037130124462,46.950500731937,
    -7.628329153627));
#1841 = ORIENTED_EDGE('',*,*,#1842,.F.);
#1842 = EDGE_CURVE('',#1820,#1836,#1843,.T.);
#1843 = B_SPLINE_CURVE_WITH_KNOTS('',1,(#1844,#1845),.UNSPECIFIED.,.F.,
  .F.,(2,2),(0.,7.),.PIECEWISE_BEZIER_KNOTS.);
#1844 = CARTESIAN_POINT('',(98.037130124462,46.859736229424,0.));
#1845 = CARTESIAN_POINT('',(98.037130124462,46.859736229424,
    -7.628329153627));
#1846 = B_SPLINE_SURFACE_WITH_KNOTS('',1,1,(
    (#1847,#1848)
    ,(#1849,#1850
    )),.UNSPECIFIED.,.F.,.F.,.F.,(2,2),(2,2),(0.,8.32884246074E-02),(-7.
    ,0.),.PIECEWISE_BEZIER_KNOTS.);
#1847 = CARTESIAN_POINT('',(98.037130124462,46.950500731937,
    -7.628329153627));
#1848 = CARTESIAN_POINT('',(98.037130124462,46.950500731937,0.));
#1849 = CARTESIAN_POINT('',(98.037130124462,46.859736229424,
    -7.628329153627));
#1850 = CARTESIAN_POINT('',(98.037130124462,46.859736229424,0.));
#1851 = ADVANCED_FACE('',(#1852),#1874,.T.);
#1852 = FACE_BOUND('',#1853,.T.);
#1853 = EDGE_LOOP('',(#1854,#1861,#1868,#1873));
#1854 = ORIENTED_EDGE('',*,*,#1855,.T.);
#1855 = EDGE_CURVE('',#1822,#1856,#1858,.T.);
#1856 = VERTEX_POINT('',#1857);
#1857 = CARTESIAN_POINT('',(114.2839730024,30.316828261665,0.));
#1858 = B_SPLINE_CURVE_WITH_KNOTS('',1,(#1859,#1860),.UNSPECIFIED.,.F.,
  .F.,(2,2),(-26.45044263824,-5.113986524886),.PIECEWISE_BEZIER_KNOTS.);
#1859 = CARTESIAN_POINT('',(98.037130124462,46.950500731937,0.));
#1860 = CARTESIAN_POINT('',(114.2839730024,30.316828261666,0.));
#1861 = ORIENTED_EDGE('',*,*,#1862,.T.);
#1862 = EDGE_CURVE('',#1856,#1863,#1865,.T.);
#1863 = VERTEX_POINT('',#1864);
#1864 = CARTESIAN_POINT('',(114.2839730024,30.316828261665,
    -7.628329153627));
#1865 = B_SPLINE_CURVE_WITH_KNOTS('',1,(#1866,#1867),.UNSPECIFIED.,.F.,
  .F.,(2,2),(0.,7.),.PIECEWISE_BEZIER_KNOTS.);
#1866 = CARTESIAN_POINT('',(114.2839730024,30.316828261665,0.));
#1867 = CARTESIAN_POINT('',(114.2839730024,30.316828261665,
    -7.628329153627));
#1868 = ORIENTED_EDGE('',*,*,#1869,.F.);
#1869 = EDGE_CURVE('',#1829,#1863,#1870,.T.);
#1870 = B_SPLINE_CURVE_WITH_KNOTS('',1,(#1871,#1872),.UNSPECIFIED.,.F.,
  .F.,(2,2),(-30.05411785429,-8.717661740939),.PIECEWISE_BEZIER_KNOTS.);
#1871 = CARTESIAN_POINT('',(98.037130124462,46.950500731938,
    -7.628329153627));
#1872 = CARTESIAN_POINT('',(114.2839730024,30.316828261666,
    -7.628329153627));
#1873 = ORIENTED_EDGE('',*,*,#1828,.F.);
#1874 = B_SPLINE_SURFACE_WITH_KNOTS('',1,1,(
    (#1875,#1876)
    ,(#1877,#1878
    )),.UNSPECIFIED.,.F.,.F.,.F.,(2,2),(2,2),(8.717661740939,
    30.054117854298),(-7.,0.),.PIECEWISE_BEZIER_KNOTS.);
#1875 = CARTESIAN_POINT('',(114.2839730024,30.316828261666,
    -7.628329153627));
#1876 = CARTESIAN_POINT('',(114.2839730024,30.316828261666,0.));
#1877 = CARTESIAN_POINT('',(98.037130124462,46.950500731938,
    -7.628329153627));
#1878 = CARTESIAN_POINT('',(98.037130124462,46.950500731938,0.));
#1879 = ADVANCED_FACE('',(#1880),#1910,.T.);
#1880 = FACE_BOUND('',#1881,.T.);
#1881 = EDGE_LOOP('',(#1882,#1891,#1898,#1905));
#1882 = ORIENTED_EDGE('',*,*,#1883,.T.);
#1883 = EDGE_CURVE('',#1884,#1886,#1888,.T.);
#1884 = VERTEX_POINT('',#1885);
#1885 = CARTESIAN_POINT('',(-16.19122898735,30.283001789986,0.));
#1886 = VERTEX_POINT('',#1887);
#1887 = CARTESIAN_POINT('',(0.,46.859736229424,0.));
#1888 = B_SPLINE_CURVE_WITH_KNOTS('',1,(#1889,#1890),.UNSPECIFIED.,.F.,
  .F.,(2,2),(-9.904743753075,11.358676426804),.PIECEWISE_BEZIER_KNOTS.);
#1889 = CARTESIAN_POINT('',(-16.19122898735,30.283001789986,0.));
#1890 = CARTESIAN_POINT('',(-1.258273218915E-14,46.859736229424,0.));
#1891 = ORIENTED_EDGE('',*,*,#1892,.F.);
#1892 = EDGE_CURVE('',#1893,#1886,#1895,.T.);
#1893 = VERTEX_POINT('',#1894);
#1894 = CARTESIAN_POINT('',(0.,46.859736229424,-7.628329153627));
#1895 = B_SPLINE_CURVE_WITH_KNOTS('',1,(#1896,#1897),.UNSPECIFIED.,.F.,
  .F.,(2,2),(-7.,0.),.PIECEWISE_BEZIER_KNOTS.);
#1896 = CARTESIAN_POINT('',(0.,46.859736229424,-7.628329153627));
#1897 = CARTESIAN_POINT('',(0.,46.859736229424,0.));
#1898 = ORIENTED_EDGE('',*,*,#1899,.F.);
#1899 = EDGE_CURVE('',#1900,#1893,#1902,.T.);
#1900 = VERTEX_POINT('',#1901);
#1901 = CARTESIAN_POINT('',(-16.19122898735,30.283001789986,
    -7.628329153627));
#1902 = B_SPLINE_CURVE_WITH_KNOTS('',1,(#1903,#1904),.UNSPECIFIED.,.F.,
  .F.,(2,2),(-21.26342017987,0.),.PIECEWISE_BEZIER_KNOTS.);
#1903 = CARTESIAN_POINT('',(-16.19122898735,30.283001789986,
    -7.628329153627));
#1904 = CARTESIAN_POINT('',(0.,46.859736229424,-7.628329153627));
#1905 = ORIENTED_EDGE('',*,*,#1906,.F.);
#1906 = EDGE_CURVE('',#1884,#1900,#1907,.T.);
#1907 = B_SPLINE_CURVE_WITH_KNOTS('',1,(#1908,#1909),.UNSPECIFIED.,.F.,
  .F.,(2,2),(0.,7.),.PIECEWISE_BEZIER_KNOTS.);
#1908 = CARTESIAN_POINT('',(-16.19122898735,30.283001789986,0.));
#1909 = CARTESIAN_POINT('',(-16.19122898735,30.283001789986,
    -7.628329153627));
#1910 = B_SPLINE_SURFACE_WITH_KNOTS('',1,1,(
    (#1911,#1912)
    ,(#1913,#1914
    )),.UNSPECIFIED.,.F.,.F.,.F.,(2,2),(2,2),(0.,21.263420179879),(-7.,
    0.),.PIECEWISE_BEZIER_KNOTS.);
#1911 = CARTESIAN_POINT('',(0.,46.859736229424,-7.628329153627));
#1912 = CARTESIAN_POINT('',(0.,46.859736229424,0.));
#1913 = CARTESIAN_POINT('',(-16.19122898735,30.283001789986,
    -7.628329153627));
#1914 = CARTESIAN_POINT('',(-16.19122898735,30.283001789986,0.));
#1915 = ADVANCED_FACE('',(#1916,#1979,#1982,#1985,#1988,#1991,#1994,
    #1997,#2000,#2003,#2006),#2009,.T.);
#1916 = FACE_BOUND('',#1917,.T.);
#1917 = EDGE_LOOP('',(#1918,#1927,#1932,#1933,#1940,#1947,#1954,#1961,
    #1966,#1967,#1974));
#1918 = ORIENTED_EDGE('',*,*,#1919,.T.);
#1919 = EDGE_CURVE('',#1920,#1922,#1924,.T.);
#1920 = VERTEX_POINT('',#1921);
#1921 = CARTESIAN_POINT('',(98.078517689492,46.859736229424,
    41.410929691119));
#1922 = VERTEX_POINT('',#1923);
#1923 = CARTESIAN_POINT('',(98.078517689492,46.859736229424,
    1.209878095111E-15));
#1924 = B_SPLINE_CURVE_WITH_KNOTS('',1,(#1925,#1926),.UNSPECIFIED.,.F.,
  .F.,(2,2),(6.,44.),.PIECEWISE_BEZIER_KNOTS.);
#1925 = CARTESIAN_POINT('',(98.078517689492,46.859736229424,
    41.410929691119));
#1926 = CARTESIAN_POINT('',(98.078517689492,46.859736229424,0.));
#1927 = ORIENTED_EDGE('',*,*,#1928,.T.);
#1928 = EDGE_CURVE('',#1922,#1820,#1929,.T.);
#1929 = B_SPLINE_CURVE_WITH_KNOTS('',1,(#1930,#1931),.UNSPECIFIED.,.F.,
  .F.,(2,2),(-17.26898927991,-17.23101072008),.PIECEWISE_BEZIER_KNOTS.);
#1930 = CARTESIAN_POINT('',(98.078517689492,46.859736229424,
    1.209878095111E-15));
#1931 = CARTESIAN_POINT('',(98.037130124462,46.859736229424,
    1.209878095111E-15));
#1932 = ORIENTED_EDGE('',*,*,#1842,.T.);
#1933 = ORIENTED_EDGE('',*,*,#1934,.F.);
#1934 = EDGE_CURVE('',#1935,#1836,#1937,.T.);
#1935 = VERTEX_POINT('',#1936);
#1936 = CARTESIAN_POINT('',(89.905307882035,46.859736229424,
    -7.628329153627));
#1937 = B_SPLINE_CURVE_WITH_KNOTS('',1,(#1938,#1939),.UNSPECIFIED.,.F.,
  .F.,(2,2),(-7.5,-3.79785598364E-02),.PIECEWISE_BEZIER_KNOTS.);
#1938 = CARTESIAN_POINT('',(89.905307882035,46.859736229424,
    -7.628329153627));
#1939 = CARTESIAN_POINT('',(98.037130124462,46.859736229424,
    -7.628329153627));
#1940 = ORIENTED_EDGE('',*,*,#1941,.F.);
#1941 = EDGE_CURVE('',#1942,#1935,#1944,.T.);
#1942 = VERTEX_POINT('',#1943);
#1943 = CARTESIAN_POINT('',(89.905307882035,46.859736229424,
    -4.903925884475));
#1944 = B_SPLINE_CURVE_WITH_KNOTS('',1,(#1945,#1946),.UNSPECIFIED.,.F.,
  .F.,(2,2),(4.5,7.),.PIECEWISE_BEZIER_KNOTS.);
#1945 = CARTESIAN_POINT('',(89.905307882035,46.859736229424,
    -4.903925884475));
#1946 = CARTESIAN_POINT('',(89.905307882035,46.859736229424,
    -7.628329153627));
#1947 = ORIENTED_EDGE('',*,*,#1948,.F.);
#1948 = EDGE_CURVE('',#1949,#1942,#1951,.T.);
#1949 = VERTEX_POINT('',#1950);
#1950 = CARTESIAN_POINT('',(8.173209807458,46.859736229424,
    -4.903925884475));
#1951 = B_SPLINE_CURVE_WITH_KNOTS('',1,(#1952,#1953),.UNSPECIFIED.,.F.,
  .F.,(2,2),(-56.25,18.75),.PIECEWISE_BEZIER_KNOTS.);
#1952 = CARTESIAN_POINT('',(8.173209807458,46.859736229424,
    -4.903925884475));
#1953 = CARTESIAN_POINT('',(89.905307882035,46.859736229424,
    -4.903925884475));
#1954 = ORIENTED_EDGE('',*,*,#1955,.T.);
#1955 = EDGE_CURVE('',#1949,#1956,#1958,.T.);
#1956 = VERTEX_POINT('',#1957);
#1957 = CARTESIAN_POINT('',(8.173209807458,46.859736229424,
    -7.628329153627));
#1958 = B_SPLINE_CURVE_WITH_KNOTS('',1,(#1959,#1960),.UNSPECIFIED.,.F.,
  .F.,(2,2),(4.5,7.),.PIECEWISE_BEZIER_KNOTS.);
#1959 = CARTESIAN_POINT('',(8.173209807458,46.859736229424,
    -4.903925884475));
#1960 = CARTESIAN_POINT('',(8.173209807458,46.859736229424,
    -7.628329153627));
#1961 = ORIENTED_EDGE('',*,*,#1962,.F.);
#1962 = EDGE_CURVE('',#1893,#1956,#1963,.T.);
#1963 = B_SPLINE_CURVE_WITH_KNOTS('',1,(#1964,#1965),.UNSPECIFIED.,.F.,
  .F.,(2,2),(-90.,-82.5),.PIECEWISE_BEZIER_KNOTS.);
#1964 = CARTESIAN_POINT('',(0.,46.859736229424,-7.628329153627));
#1965 = CARTESIAN_POINT('',(8.173209807458,46.859736229424,
    -7.628329153627));
#1966 = ORIENTED_EDGE('',*,*,#1892,.T.);
#1967 = ORIENTED_EDGE('',*,*,#1968,.T.);
#1968 = EDGE_CURVE('',#1886,#1969,#1971,.T.);
#1969 = VERTEX_POINT('',#1970);
#1970 = CARTESIAN_POINT('',(0.,46.859736229424,41.410929691119));
#1971 = B_SPLINE_CURVE_WITH_KNOTS('',1,(#1972,#1973),.UNSPECIFIED.,.F.,
  .F.,(2,2),(0.,38.),.PIECEWISE_BEZIER_KNOTS.);
#1972 = CARTESIAN_POINT('',(0.,46.859736229424,0.));
#1973 = CARTESIAN_POINT('',(0.,46.859736229424,41.410929691119));
#1974 = ORIENTED_EDGE('',*,*,#1975,.T.);
#1975 = EDGE_CURVE('',#1969,#1920,#1976,.T.);
#1976 = B_SPLINE_CURVE_WITH_KNOTS('',1,(#1977,#1978),.UNSPECIFIED.,.F.,
  .F.,(2,2),(-68.75,21.25),.PIECEWISE_BEZIER_KNOTS.);
#1977 = CARTESIAN_POINT('',(0.,46.859736229424,41.410929691119));
#1978 = CARTESIAN_POINT('',(98.078517689492,46.859736229424,
    41.410929691119));
#1979 = FACE_BOUND('',#1980,.T.);
#1980 = EDGE_LOOP('',(#1981));
#1981 = ORIENTED_EDGE('',*,*,#1076,.T.);
#1982 = FACE_BOUND('',#1983,.T.);
#1983 = EDGE_LOOP('',(#1984));
#1984 = ORIENTED_EDGE('',*,*,#1117,.T.);
#1985 = FACE_BOUND('',#1986,.T.);
#1986 = EDGE_LOOP('',(#1987));
#1987 = ORIENTED_EDGE('',*,*,#1158,.T.);
#1988 = FACE_BOUND('',#1989,.T.);
#1989 = EDGE_LOOP('',(#1990));
#1990 = ORIENTED_EDGE('',*,*,#1199,.T.);
#1991 = FACE_BOUND('',#1992,.T.);
#1992 = EDGE_LOOP('',(#1993));
#1993 = ORIENTED_EDGE('',*,*,#1240,.T.);
#1994 = FACE_BOUND('',#1995,.T.);
#1995 = EDGE_LOOP('',(#1996));
#1996 = ORIENTED_EDGE('',*,*,#1281,.T.);
#1997 = FACE_BOUND('',#1998,.T.);
#1998 = EDGE_LOOP('',(#1999));
#1999 = ORIENTED_EDGE('',*,*,#1322,.T.);
#2000 = FACE_BOUND('',#2001,.T.);
#2001 = EDGE_LOOP('',(#2002));
#2002 = ORIENTED_EDGE('',*,*,#1363,.T.);
#2003 = FACE_BOUND('',#2004,.T.);
#2004 = EDGE_LOOP('',(#2005));
#2005 = ORIENTED_EDGE('',*,*,#1404,.T.);
#2006 = FACE_BOUND('',#2007,.T.);
#2007 = EDGE_LOOP('',(#2008));
#2008 = ORIENTED_EDGE('',*,*,#1445,.T.);
#2009 = B_SPLINE_SURFACE_WITH_KNOTS('',1,1,(
    (#2010,#2011)
    ,(#2012,#2013
    )),.UNSPECIFIED.,.F.,.F.,.F.,(2,2),(2,2),(-29.,16.),(-45.,45.),
  .PIECEWISE_BEZIER_KNOTS.);
#2010 = CARTESIAN_POINT('',(0.,46.859736229424,-7.628329153627));
#2011 = CARTESIAN_POINT('',(98.078517689492,46.859736229424,
    -7.628329153627));
#2012 = CARTESIAN_POINT('',(0.,46.859736229424,41.410929691119));
#2013 = CARTESIAN_POINT('',(98.078517689492,46.859736229424,
    41.410929691119));
#2014 = ADVANCED_FACE('',(#2015),#2047,.T.);
#2015 = FACE_BOUND('',#2016,.T.);
#2016 = EDGE_LOOP('',(#2017,#2027,#2034,#2042));
#2017 = ORIENTED_EDGE('',*,*,#2018,.T.);
#2018 = EDGE_CURVE('',#2019,#2021,#2023,.T.);
#2019 = VERTEX_POINT('',#2020);
#2020 = CARTESIAN_POINT('',(-2.724403269153,46.859736229424,
    47.949497537085));
#2021 = VERTEX_POINT('',#2022);
#2022 = CARTESIAN_POINT('',(0.,49.584139498577,47.949497537085));
#2023 = ( BOUNDED_CURVE() B_SPLINE_CURVE(2,(#2024,#2025,#2026),
.UNSPECIFIED.,.F.,.F.) B_SPLINE_CURVE_WITH_KNOTS((3,3),(5.497787143782,
7.068583470577),.PIECEWISE_BEZIER_KNOTS.) CURVE() 
GEOMETRIC_REPRESENTATION_ITEM() RATIONAL_B_SPLINE_CURVE((1.,
0.707106781187,1.)) REPRESENTATION_ITEM('') );
#2024 = CARTESIAN_POINT('',(-2.724403269153,46.859736229424,
    47.949497537085));
#2025 = CARTESIAN_POINT('',(-2.724403269153,49.584139498577,
    47.949497537085));
#2026 = CARTESIAN_POINT('',(-7.259268570665E-16,49.584139498577,
    47.949497537085));
#2027 = ORIENTED_EDGE('',*,*,#2028,.T.);
#2028 = EDGE_CURVE('',#2021,#2029,#2031,.T.);
#2029 = VERTEX_POINT('',#2030);
#2030 = CARTESIAN_POINT('',(0.,49.584139498577,41.410929691119));
#2031 = B_SPLINE_CURVE_WITH_KNOTS('',1,(#2032,#2033),.UNSPECIFIED.,.F.,
  .F.,(2,2),(-4.5,1.5),.PIECEWISE_BEZIER_KNOTS.);
#2032 = CARTESIAN_POINT('',(0.,49.584139498577,47.949497537085));
#2033 = CARTESIAN_POINT('',(0.,49.584139498577,41.410929691119));
#2034 = ORIENTED_EDGE('',*,*,#2035,.T.);
#2035 = EDGE_CURVE('',#2029,#2036,#2038,.T.);
#2036 = VERTEX_POINT('',#2037);
#2037 = CARTESIAN_POINT('',(-2.724403269153,46.859736229424,
    41.410929691119));
#2038 = ( BOUNDED_CURVE() B_SPLINE_CURVE(2,(#2039,#2040,#2041),
.UNSPECIFIED.,.F.,.F.) B_SPLINE_CURVE_WITH_KNOTS((3,3),(5.497787143782,
7.068583470577),.PIECEWISE_BEZIER_KNOTS.) CURVE() 
GEOMETRIC_REPRESENTATION_ITEM() RATIONAL_B_SPLINE_CURVE((1.,
0.707106781187,1.)) REPRESENTATION_ITEM('') );
#2039 = CARTESIAN_POINT('',(7.259268570665E-16,49.584139498577,
    41.410929691119));
#2040 = CARTESIAN_POINT('',(-2.724403269153,49.584139498577,
    41.410929691119));
#2041 = CARTESIAN_POINT('',(-2.724403269153,46.859736229424,
    41.410929691119));
#2042 = ORIENTED_EDGE('',*,*,#2043,.T.);
#2043 = EDGE_CURVE('',#2036,#2019,#2044,.T.);
#2044 = B_SPLINE_CURVE_WITH_KNOTS('',1,(#2045,#2046),.UNSPECIFIED.,.F.,
  .F.,(2,2),(-1.5,4.5),.PIECEWISE_BEZIER_KNOTS.);
#2045 = CARTESIAN_POINT('',(-2.724403269153,46.859736229424,
    41.410929691119));
#2046 = CARTESIAN_POINT('',(-2.724403269153,46.859736229424,
    47.949497537085));
#2047 = ( BOUNDED_SURFACE() B_SPLINE_SURFACE(2,1,(
    (#2048,#2049)
    ,(#2050,#2051)
    ,(#2052,#2053
)),.UNSPECIFIED.,.F.,.F.,.F.) B_SPLINE_SURFACE_WITH_KNOTS((3,3),(2,2),(
    5.497787143782,7.068583470577),(-1.5,4.5),.PIECEWISE_BEZIER_KNOTS.) 
GEOMETRIC_REPRESENTATION_ITEM() RATIONAL_B_SPLINE_SURFACE((
    (1.,1.)
    ,(0.707106781187,0.707106781187)
,(1.,1.))) REPRESENTATION_ITEM('') SURFACE() );
#2048 = CARTESIAN_POINT('',(7.259268570665E-16,49.584139498577,
    41.410929691119));
#2049 = CARTESIAN_POINT('',(7.259268570665E-16,49.584139498577,
    47.949497537085));
#2050 = CARTESIAN_POINT('',(-2.724403269153,49.584139498577,
    41.410929691119));
#2051 = CARTESIAN_POINT('',(-2.724403269153,49.584139498577,
    47.949497537085));
#2052 = CARTESIAN_POINT('',(-2.724403269153,46.859736229424,
    41.410929691119));
#2053 = CARTESIAN_POINT('',(-2.724403269153,46.859736229424,
    47.949497537085));
#2054 = ADVANCED_FACE('',(#2055),#2077,.T.);
#2055 = FACE_BOUND('',#2056,.T.);
#2056 = EDGE_LOOP('',(#2057,#2058,#2065,#2072));
#2057 = ORIENTED_EDGE('',*,*,#2028,.F.);
#2058 = ORIENTED_EDGE('',*,*,#2059,.T.);
#2059 = EDGE_CURVE('',#2021,#2060,#2062,.T.);
#2060 = VERTEX_POINT('',#2061);
#2061 = CARTESIAN_POINT('',(98.078517689492,49.584139498577,
    47.949497537085));
#2062 = B_SPLINE_CURVE_WITH_KNOTS('',1,(#2063,#2064),.UNSPECIFIED.,.F.,
  .F.,(2,2),(-92.5,-2.5),.PIECEWISE_BEZIER_KNOTS.);
#2063 = CARTESIAN_POINT('',(0.,49.584139498577,47.949497537085));
#2064 = CARTESIAN_POINT('',(98.078517689492,49.584139498577,
    47.949497537085));
#2065 = ORIENTED_EDGE('',*,*,#2066,.F.);
#2066 = EDGE_CURVE('',#2067,#2060,#2069,.T.);
#2067 = VERTEX_POINT('',#2068);
#2068 = CARTESIAN_POINT('',(98.078517689492,49.584139498577,
    41.410929691119));
#2069 = B_SPLINE_CURVE_WITH_KNOTS('',1,(#2070,#2071),.UNSPECIFIED.,.F.,
  .F.,(2,2),(-4.5,1.5),.PIECEWISE_BEZIER_KNOTS.);
#2070 = CARTESIAN_POINT('',(98.078517689492,49.584139498577,
    41.410929691119));
#2071 = CARTESIAN_POINT('',(98.078517689492,49.584139498577,
    47.949497537085));
#2072 = ORIENTED_EDGE('',*,*,#2073,.T.);
#2073 = EDGE_CURVE('',#2067,#2029,#2074,.T.);
#2074 = B_SPLINE_CURVE_WITH_KNOTS('',1,(#2075,#2076),.UNSPECIFIED.,.F.,
  .F.,(2,2),(-90.,0.),.PIECEWISE_BEZIER_KNOTS.);
#2075 = CARTESIAN_POINT('',(98.078517689492,49.584139498577,
    41.410929691119));
#2076 = CARTESIAN_POINT('',(0.,49.584139498577,41.410929691119));
#2077 = B_SPLINE_SURFACE_WITH_KNOTS('',1,1,(
    (#2078,#2079)
    ,(#2080,#2081
    )),.UNSPECIFIED.,.F.,.F.,.F.,(2,2),(2,2),(-3.,3.),(-45.,45.),
  .PIECEWISE_BEZIER_KNOTS.);
#2078 = CARTESIAN_POINT('',(0.,49.584139498577,41.410929691119));
#2079 = CARTESIAN_POINT('',(98.078517689492,49.584139498577,
    41.410929691119));
#2080 = CARTESIAN_POINT('',(0.,49.584139498577,47.949497537085));
#2081 = CARTESIAN_POINT('',(98.078517689492,49.584139498577,
    47.949497537085));
#2082 = ADVANCED_FACE('',(#2083),#2107,.T.);
#2083 = FACE_BOUND('',#2084,.T.);
#2084 = EDGE_LOOP('',(#2085,#2093,#2094,#2102));
#2085 = ORIENTED_EDGE('',*,*,#2086,.T.);
#2086 = EDGE_CURVE('',#2087,#2067,#2089,.T.);
#2087 = VERTEX_POINT('',#2088);
#2088 = CARTESIAN_POINT('',(100.80292095864,46.859736229424,
    41.410929691119));
#2089 = ( BOUNDED_CURVE() B_SPLINE_CURVE(2,(#2090,#2091,#2092),
.UNSPECIFIED.,.F.,.F.) B_SPLINE_CURVE_WITH_KNOTS((3,3),(5.497787143782,
7.068583470577),.PIECEWISE_BEZIER_KNOTS.) CURVE() 
GEOMETRIC_REPRESENTATION_ITEM() RATIONAL_B_SPLINE_CURVE((1.,
0.707106781187,1.)) REPRESENTATION_ITEM('') );
#2090 = CARTESIAN_POINT('',(100.80292095864,46.859736229424,
    41.410929691119));
#2091 = CARTESIAN_POINT('',(100.80292095864,49.584139498577,
    41.410929691119));
#2092 = CARTESIAN_POINT('',(98.078517689492,49.584139498577,
    41.410929691119));
#2093 = ORIENTED_EDGE('',*,*,#2066,.T.);
#2094 = ORIENTED_EDGE('',*,*,#2095,.T.);
#2095 = EDGE_CURVE('',#2060,#2096,#2098,.T.);
#2096 = VERTEX_POINT('',#2097);
#2097 = CARTESIAN_POINT('',(100.80292095864,46.859736229424,
    47.949497537085));
#2098 = ( BOUNDED_CURVE() B_SPLINE_CURVE(2,(#2099,#2100,#2101),
.UNSPECIFIED.,.F.,.F.) B_SPLINE_CURVE_WITH_KNOTS((3,3),(5.497787143782,
7.068583470577),.PIECEWISE_BEZIER_KNOTS.) CURVE() 
GEOMETRIC_REPRESENTATION_ITEM() RATIONAL_B_SPLINE_CURVE((1.,
0.707106781187,1.)) REPRESENTATION_ITEM('') );
#2099 = CARTESIAN_POINT('',(98.078517689492,49.584139498577,
    47.949497537085));
#2100 = CARTESIAN_POINT('',(100.80292095864,49.584139498577,
    47.949497537085));
#2101 = CARTESIAN_POINT('',(100.80292095864,46.859736229424,
    47.949497537085));
#2102 = ORIENTED_EDGE('',*,*,#2103,.T.);
#2103 = EDGE_CURVE('',#2096,#2087,#2104,.T.);
#2104 = B_SPLINE_CURVE_WITH_KNOTS('',1,(#2105,#2106),.UNSPECIFIED.,.F.,
  .F.,(2,2),(-1.5,4.5),.PIECEWISE_BEZIER_KNOTS.);
#2105 = CARTESIAN_POINT('',(100.80292095864,46.859736229424,
    47.949497537085));
#2106 = CARTESIAN_POINT('',(100.80292095864,46.859736229424,
    41.410929691119));
#2107 = ( BOUNDED_SURFACE() B_SPLINE_SURFACE(2,1,(
    (#2108,#2109)
    ,(#2110,#2111)
    ,(#2112,#2113
)),.UNSPECIFIED.,.F.,.F.,.F.) B_SPLINE_SURFACE_WITH_KNOTS((3,3),(2,2),(
    -0.785398163397,0.785398163397),(-1.5,4.5),
.PIECEWISE_BEZIER_KNOTS.) GEOMETRIC_REPRESENTATION_ITEM() 
RATIONAL_B_SPLINE_SURFACE((
    (1.,1.)
    ,(0.707106781187,0.707106781187)
,(1.,1.))) REPRESENTATION_ITEM('') SURFACE() );
#2108 = CARTESIAN_POINT('',(98.078517689492,49.584139498577,
    47.949497537085));
#2109 = CARTESIAN_POINT('',(98.078517689492,49.584139498577,
    41.410929691119));
#2110 = CARTESIAN_POINT('',(100.80292095864,49.584139498577,
    47.949497537085));
#2111 = CARTESIAN_POINT('',(100.80292095864,49.584139498577,
    41.410929691119));
#2112 = CARTESIAN_POINT('',(100.80292095864,46.859736229424,
    47.949497537085));
#2113 = CARTESIAN_POINT('',(100.80292095864,46.859736229424,
    41.410929691119));
#2114 = ADVANCED_FACE('',(#2115),#2137,.T.);
#2115 = FACE_BOUND('',#2116,.T.);
#2116 = EDGE_LOOP('',(#2117,#2124,#2131,#2136));
#2117 = ORIENTED_EDGE('',*,*,#2118,.F.);
#2118 = EDGE_CURVE('',#2119,#1920,#2121,.T.);
#2119 = VERTEX_POINT('',#2120);
#2120 = CARTESIAN_POINT('',(98.078517689492,0.,41.410929691119));
#2121 = B_SPLINE_CURVE_WITH_KNOTS('',1,(#2122,#2123),.UNSPECIFIED.,.F.,
  .F.,(2,2),(0.,43.),.PIECEWISE_BEZIER_KNOTS.);
#2122 = CARTESIAN_POINT('',(98.078517689492,0.,41.410929691119));
#2123 = CARTESIAN_POINT('',(98.078517689492,46.859736229424,
    41.410929691119));
#2124 = ORIENTED_EDGE('',*,*,#2125,.T.);
#2125 = EDGE_CURVE('',#2119,#2126,#2128,.T.);
#2126 = VERTEX_POINT('',#2127);
#2127 = CARTESIAN_POINT('',(98.078517689492,0.,1.209878095111E-15));
#2128 = B_SPLINE_CURVE_WITH_KNOTS('',1,(#2129,#2130),.UNSPECIFIED.,.F.,
  .F.,(2,2),(6.,44.),.PIECEWISE_BEZIER_KNOTS.);
#2129 = CARTESIAN_POINT('',(98.078517689492,0.,41.410929691119));
#2130 = CARTESIAN_POINT('',(98.078517689492,0.,0.));
#2131 = ORIENTED_EDGE('',*,*,#2132,.T.);
#2132 = EDGE_CURVE('',#2126,#1922,#2133,.T.);
#2133 = B_SPLINE_CURVE_WITH_KNOTS('',1,(#2134,#2135),.UNSPECIFIED.,.F.,
  .F.,(2,2),(-10.70119210308,32.298807896911),.PIECEWISE_BEZIER_KNOTS.);
#2134 = CARTESIAN_POINT('',(98.078517689492,0.,-1.209878095111E-15));
#2135 = CARTESIAN_POINT('',(98.078517689492,46.859736229424,
    -1.209878095111E-15));
#2136 = ORIENTED_EDGE('',*,*,#1919,.F.);
#2137 = B_SPLINE_SURFACE_WITH_KNOTS('',1,1,(
    (#2138,#2139)
    ,(#2140,#2141
    )),.UNSPECIFIED.,.F.,.F.,.F.,(2,2),(2,2),(0.,38.),(0.,43.),
  .PIECEWISE_BEZIER_KNOTS.);
#2138 = CARTESIAN_POINT('',(98.078517689492,0.,41.410929691119));
#2139 = CARTESIAN_POINT('',(98.078517689492,46.859736229424,
    41.410929691119));
#2140 = CARTESIAN_POINT('',(98.078517689492,0.,0.));
#2141 = CARTESIAN_POINT('',(98.078517689492,46.859736229424,0.));
#2142 = ADVANCED_FACE('',(#2143),#2258,.F.);
#2143 = FACE_BOUND('',#2144,.T.);
#2144 = EDGE_LOOP('',(#2145,#2154,#2161,#2168,#2175,#2182,#2189,#2196,
    #2203,#2210,#2217,#2222,#2223,#2230,#2237,#2245,#2252));
#2145 = ORIENTED_EDGE('',*,*,#2146,.T.);
#2146 = EDGE_CURVE('',#2147,#2149,#2151,.T.);
#2147 = VERTEX_POINT('',#2148);
#2148 = CARTESIAN_POINT('',(9.807851915098,0.,28.878674653017));
#2149 = VERTEX_POINT('',#2150);
#2150 = CARTESIAN_POINT('',(9.807851915098,0.,41.41093030819));
#2151 = B_SPLINE_CURVE_WITH_KNOTS('',1,(#2152,#2153),.UNSPECIFIED.,.F.,
  .F.,(2,2),(14.75,26.250000566244),.PIECEWISE_BEZIER_KNOTS.);
#2152 = CARTESIAN_POINT('',(9.807851915098,0.,28.878674653017));
#2153 = CARTESIAN_POINT('',(9.807851915098,0.,41.41093030819));
#2154 = ORIENTED_EDGE('',*,*,#2155,.T.);
#2155 = EDGE_CURVE('',#2149,#2156,#2158,.T.);
#2156 = VERTEX_POINT('',#2157);
#2157 = CARTESIAN_POINT('',(0.,0.,41.410929691119));
#2158 = B_SPLINE_CURVE_WITH_KNOTS('',1,(#2159,#2160),.UNSPECIFIED.,.F.,
  .F.,(2,2),(12.24999986589,21.25),.PIECEWISE_BEZIER_KNOTS.);
#2159 = CARTESIAN_POINT('',(9.807851915098,0.,41.410929691119));
#2160 = CARTESIAN_POINT('',(0.,0.,41.410929691119));
#2161 = ORIENTED_EDGE('',*,*,#2162,.F.);
#2162 = EDGE_CURVE('',#2163,#2156,#2165,.T.);
#2163 = VERTEX_POINT('',#2164);
#2164 = CARTESIAN_POINT('',(0.,0.,0.));
#2165 = B_SPLINE_CURVE_WITH_KNOTS('',1,(#2166,#2167),.UNSPECIFIED.,.F.,
  .F.,(2,2),(0.,38.),.PIECEWISE_BEZIER_KNOTS.);
#2166 = CARTESIAN_POINT('',(0.,0.,0.));
#2167 = CARTESIAN_POINT('',(0.,0.,41.410929691119));
#2168 = ORIENTED_EDGE('',*,*,#2169,.T.);
#2169 = EDGE_CURVE('',#2163,#2170,#2172,.T.);
#2170 = VERTEX_POINT('',#2171);
#2171 = CARTESIAN_POINT('',(0.,0.,-7.628329153627));
#2172 = B_SPLINE_CURVE_WITH_KNOTS('',1,(#2173,#2174),.UNSPECIFIED.,.F.,
  .F.,(2,2),(0.,7.),.PIECEWISE_BEZIER_KNOTS.);
#2173 = CARTESIAN_POINT('',(0.,0.,0.));
#2174 = CARTESIAN_POINT('',(0.,0.,-7.628329153627));
#2175 = ORIENTED_EDGE('',*,*,#2176,.F.);
#2176 = EDGE_CURVE('',#2177,#2170,#2179,.T.);
#2177 = VERTEX_POINT('',#2178);
#2178 = CARTESIAN_POINT('',(8.173209807458,0.,-7.628329153627));
#2179 = B_SPLINE_CURVE_WITH_KNOTS('',1,(#2180,#2181),.UNSPECIFIED.,.F.,
  .F.,(2,2),(82.5,90.),.PIECEWISE_BEZIER_KNOTS.);
#2180 = CARTESIAN_POINT('',(8.173209807458,0.,-7.628329153627));
#2181 = CARTESIAN_POINT('',(0.,0.,-7.628329153627));
#2182 = ORIENTED_EDGE('',*,*,#2183,.T.);
#2183 = EDGE_CURVE('',#2177,#2184,#2186,.T.);
#2184 = VERTEX_POINT('',#2185);
#2185 = CARTESIAN_POINT('',(8.173209807458,0.,-4.903925884475));
#2186 = B_SPLINE_CURVE_WITH_KNOTS('',1,(#2187,#2188),.UNSPECIFIED.,.F.,
  .F.,(2,2),(-19.25,-16.75),.PIECEWISE_BEZIER_KNOTS.);
#2187 = CARTESIAN_POINT('',(8.173209807458,0.,-7.628329153627));
#2188 = CARTESIAN_POINT('',(8.173209807458,0.,-4.903925884475));
#2189 = ORIENTED_EDGE('',*,*,#2190,.F.);
#2190 = EDGE_CURVE('',#2191,#2184,#2193,.T.);
#2191 = VERTEX_POINT('',#2192);
#2192 = CARTESIAN_POINT('',(89.905307882035,0.,-4.903925884475));
#2193 = B_SPLINE_CURVE_WITH_KNOTS('',1,(#2194,#2195),.UNSPECIFIED.,.F.,
  .F.,(2,2),(-18.75,56.25),.PIECEWISE_BEZIER_KNOTS.);
#2194 = CARTESIAN_POINT('',(89.905307882035,0.,-4.903925884475));
#2195 = CARTESIAN_POINT('',(8.173209807458,0.,-4.903925884475));
#2196 = ORIENTED_EDGE('',*,*,#2197,.T.);
#2197 = EDGE_CURVE('',#2191,#2198,#2200,.T.);
#2198 = VERTEX_POINT('',#2199);
#2199 = CARTESIAN_POINT('',(89.905307882035,0.,-7.628329153627));
#2200 = B_SPLINE_CURVE_WITH_KNOTS('',1,(#2201,#2202),.UNSPECIFIED.,.F.,
  .F.,(2,2),(15.5,18.),.PIECEWISE_BEZIER_KNOTS.);
#2201 = CARTESIAN_POINT('',(89.905307882035,0.,-4.903925884475));
#2202 = CARTESIAN_POINT('',(89.905307882035,0.,-7.628329153627));
#2203 = ORIENTED_EDGE('',*,*,#2204,.F.);
#2204 = EDGE_CURVE('',#2205,#2198,#2207,.T.);
#2205 = VERTEX_POINT('',#2206);
#2206 = CARTESIAN_POINT('',(98.037130124462,0.,-7.628329153627));
#2207 = B_SPLINE_CURVE_WITH_KNOTS('',1,(#2208,#2209),.UNSPECIFIED.,.F.,
  .F.,(2,2),(3.79785598364E-02,7.5),.PIECEWISE_BEZIER_KNOTS.);
#2208 = CARTESIAN_POINT('',(98.037130124462,0.,-7.628329153627));
#2209 = CARTESIAN_POINT('',(89.905307882035,0.,-7.628329153627));
#2210 = ORIENTED_EDGE('',*,*,#2211,.T.);
#2211 = EDGE_CURVE('',#2205,#2212,#2214,.T.);
#2212 = VERTEX_POINT('',#2213);
#2213 = CARTESIAN_POINT('',(98.037130124462,0.,0.));
#2214 = B_SPLINE_CURVE_WITH_KNOTS('',1,(#2215,#2216),.UNSPECIFIED.,.F.,
  .F.,(2,2),(-18.,-11.),.PIECEWISE_BEZIER_KNOTS.);
#2215 = CARTESIAN_POINT('',(98.037130124462,0.,-7.628329153627));
#2216 = CARTESIAN_POINT('',(98.037130124462,0.,0.));
#2217 = ORIENTED_EDGE('',*,*,#2218,.T.);
#2218 = EDGE_CURVE('',#2212,#2126,#2219,.T.);
#2219 = B_SPLINE_CURVE_WITH_KNOTS('',1,(#2220,#2221),.UNSPECIFIED.,.F.,
  .F.,(2,2),(17.231010720082,17.268989279918),.PIECEWISE_BEZIER_KNOTS.);
#2220 = CARTESIAN_POINT('',(98.037130124462,0.,1.209878095111E-15));
#2221 = CARTESIAN_POINT('',(98.078517689492,0.,1.209878095111E-15));
#2222 = ORIENTED_EDGE('',*,*,#2125,.F.);
#2223 = ORIENTED_EDGE('',*,*,#2224,.T.);
#2224 = EDGE_CURVE('',#2119,#2225,#2227,.T.);
#2225 = VERTEX_POINT('',#2226);
#2226 = CARTESIAN_POINT('',(88.229278355513,0.,41.41093030819));
#2227 = B_SPLINE_CURVE_WITH_KNOTS('',1,(#2228,#2229),.UNSPECIFIED.,.F.,
  .F.,(2,2),(-68.75,-59.71202144016),.PIECEWISE_BEZIER_KNOTS.);
#2228 = CARTESIAN_POINT('',(98.078517689492,0.,41.410929691119));
#2229 = CARTESIAN_POINT('',(88.229278355513,0.,41.410929691119));
#2230 = ORIENTED_EDGE('',*,*,#2231,.T.);
#2231 = EDGE_CURVE('',#2225,#2232,#2234,.T.);
#2232 = VERTEX_POINT('',#2233);
#2233 = CARTESIAN_POINT('',(88.229278355513,0.,28.878674653017));
#2234 = B_SPLINE_CURVE_WITH_KNOTS('',1,(#2235,#2236),.UNSPECIFIED.,.F.,
  .F.,(2,2),(-8.000000283122,3.500000283122),.PIECEWISE_BEZIER_KNOTS.);
#2235 = CARTESIAN_POINT('',(88.229278355513,0.,41.41093030819));
#2236 = CARTESIAN_POINT('',(88.229278355513,0.,28.878674653017));
#2237 = ORIENTED_EDGE('',*,*,#2238,.T.);
#2238 = EDGE_CURVE('',#2232,#2239,#2241,.T.);
#2239 = VERTEX_POINT('',#2240);
#2240 = CARTESIAN_POINT('',(60.985245663987,0.,1.634641961492));
#2241 = ( BOUNDED_CURVE() B_SPLINE_CURVE(2,(#2242,#2243,#2244),
.UNSPECIFIED.,.F.,.F.) B_SPLINE_CURVE_WITH_KNOTS((3,3),(5.497787143782,
7.068583470577),.PIECEWISE_BEZIER_KNOTS.) CURVE() 
GEOMETRIC_REPRESENTATION_ITEM() RATIONAL_B_SPLINE_CURVE((1.,
0.707106781187,1.)) REPRESENTATION_ITEM('') );
#2242 = CARTESIAN_POINT('',(88.229278355513,0.,28.878674653017));
#2243 = CARTESIAN_POINT('',(88.229278355513,0.,1.634641961492));
#2244 = CARTESIAN_POINT('',(60.985245663987,0.,1.634641961492));
#2245 = ORIENTED_EDGE('',*,*,#2246,.T.);
#2246 = EDGE_CURVE('',#2239,#2247,#2249,.T.);
#2247 = VERTEX_POINT('',#2248);
#2248 = CARTESIAN_POINT('',(37.051884606623,0.,1.634641961492));
#2249 = B_SPLINE_CURVE_WITH_KNOTS('',1,(#2250,#2251),.UNSPECIFIED.,.F.,
  .F.,(2,2),(7.018989279918,28.981010585971),.PIECEWISE_BEZIER_KNOTS.);
#2250 = CARTESIAN_POINT('',(60.985245663987,0.,1.634641961492));
#2251 = CARTESIAN_POINT('',(37.051884606623,0.,1.634641961492));
#2252 = ORIENTED_EDGE('',*,*,#2253,.T.);
#2253 = EDGE_CURVE('',#2247,#2147,#2254,.T.);
#2254 = ( BOUNDED_CURVE() B_SPLINE_CURVE(2,(#2255,#2256,#2257),
.UNSPECIFIED.,.F.,.F.) B_SPLINE_CURVE_WITH_KNOTS((3,3),(5.497787143782,
7.068583470577),.PIECEWISE_BEZIER_KNOTS.) CURVE() 
GEOMETRIC_REPRESENTATION_ITEM() RATIONAL_B_SPLINE_CURVE((1.,
0.707106781187,1.)) REPRESENTATION_ITEM('') );
#2255 = CARTESIAN_POINT('',(37.051884606623,0.,1.634641961492));
#2256 = CARTESIAN_POINT('',(9.807851915098,0.,1.634641961492));
#2257 = CARTESIAN_POINT('',(9.807851915098,0.,28.878674653017));
#2258 = B_SPLINE_SURFACE_WITH_KNOTS('',1,1,(
    (#2259,#2260)
    ,(#2261,#2262
    )),.UNSPECIFIED.,.F.,.F.,.F.,(2,2),(2,2),(-45.,45.),(-16.00000056624
    ,29.),.PIECEWISE_BEZIER_KNOTS.);
#2259 = CARTESIAN_POINT('',(0.,0.,41.41093030819));
#2260 = CARTESIAN_POINT('',(0.,0.,-7.628329153627));
#2261 = CARTESIAN_POINT('',(98.078517689492,0.,41.41093030819));
#2262 = CARTESIAN_POINT('',(98.078517689492,0.,-7.628329153627));
#2263 = ADVANCED_FACE('',(#2264),#2294,.T.);
#2264 = FACE_BOUND('',#2265,.T.);
#2265 = EDGE_LOOP('',(#2266,#2275,#2282,#2289));
#2266 = ORIENTED_EDGE('',*,*,#2267,.F.);
#2267 = EDGE_CURVE('',#2268,#2270,#2272,.T.);
#2268 = VERTEX_POINT('',#2269);
#2269 = CARTESIAN_POINT('',(0.,-2.724403269153,41.410929691119));
#2270 = VERTEX_POINT('',#2271);
#2271 = CARTESIAN_POINT('',(0.,-2.724403269153,47.949497537085));
#2272 = B_SPLINE_CURVE_WITH_KNOTS('',1,(#2273,#2274),.UNSPECIFIED.,.F.,
  .F.,(2,2),(-1.5,4.5),.PIECEWISE_BEZIER_KNOTS.);
#2273 = CARTESIAN_POINT('',(0.,-2.724403269153,41.410929691119));
#2274 = CARTESIAN_POINT('',(0.,-2.724403269153,47.949497537085));
#2275 = ORIENTED_EDGE('',*,*,#2276,.T.);
#2276 = EDGE_CURVE('',#2268,#2277,#2279,.T.);
#2277 = VERTEX_POINT('',#2278);
#2278 = CARTESIAN_POINT('',(98.078517689492,-2.724403269153,
    41.410929691119));
#2279 = B_SPLINE_CURVE_WITH_KNOTS('',1,(#2280,#2281),.UNSPECIFIED.,.F.,
  .F.,(2,2),(0.,90.),.PIECEWISE_BEZIER_KNOTS.);
#2280 = CARTESIAN_POINT('',(0.,-2.724403269153,41.410929691119));
#2281 = CARTESIAN_POINT('',(98.078517689492,-2.724403269153,
    41.410929691119));
#2282 = ORIENTED_EDGE('',*,*,#2283,.F.);
#2283 = EDGE_CURVE('',#2284,#2277,#2286,.T.);
#2284 = VERTEX_POINT('',#2285);
#2285 = CARTESIAN_POINT('',(98.078517689492,-2.724403269153,
    47.949497537085));
#2286 = B_SPLINE_CURVE_WITH_KNOTS('',1,(#2287,#2288),.UNSPECIFIED.,.F.,
  .F.,(2,2),(-1.5,4.5),.PIECEWISE_BEZIER_KNOTS.);
#2287 = CARTESIAN_POINT('',(98.078517689492,-2.724403269153,
    47.949497537085));
#2288 = CARTESIAN_POINT('',(98.078517689492,-2.724403269153,
    41.410929691119));
#2289 = ORIENTED_EDGE('',*,*,#2290,.T.);
#2290 = EDGE_CURVE('',#2284,#2270,#2291,.T.);
#2291 = B_SPLINE_CURVE_WITH_KNOTS('',1,(#2292,#2293),.UNSPECIFIED.,.F.,
  .F.,(2,2),(2.5,92.5),.PIECEWISE_BEZIER_KNOTS.);
#2292 = CARTESIAN_POINT('',(98.078517689492,-2.724403269153,
    47.949497537085));
#2293 = CARTESIAN_POINT('',(0.,-2.724403269153,47.949497537085));
#2294 = B_SPLINE_SURFACE_WITH_KNOTS('',1,1,(
    (#2295,#2296)
    ,(#2297,#2298
    )),.UNSPECIFIED.,.F.,.F.,.F.,(2,2),(2,2),(-3.,3.),(-45.,45.),
  .PIECEWISE_BEZIER_KNOTS.);
#2295 = CARTESIAN_POINT('',(0.,-2.724403269153,47.949497537085));
#2296 = CARTESIAN_POINT('',(98.078517689492,-2.724403269153,
    47.949497537085));
#2297 = CARTESIAN_POINT('',(0.,-2.724403269153,41.410929691119));
#2298 = CARTESIAN_POINT('',(98.078517689492,-2.724403269153,
    41.410929691119));
#2299 = ADVANCED_FACE('',(#2300),#2324,.T.);
#2300 = FACE_BOUND('',#2301,.T.);
#2301 = EDGE_LOOP('',(#2302,#2310,#2311,#2319));
#2302 = ORIENTED_EDGE('',*,*,#2303,.T.);
#2303 = EDGE_CURVE('',#2304,#2284,#2306,.T.);
#2304 = VERTEX_POINT('',#2305);
#2305 = CARTESIAN_POINT('',(100.80292095864,0.,47.949497537085));
#2306 = ( BOUNDED_CURVE() B_SPLINE_CURVE(2,(#2307,#2308,#2309),
.UNSPECIFIED.,.F.,.F.) B_SPLINE_CURVE_WITH_KNOTS((3,3),(5.497787143782,
7.068583470577),.PIECEWISE_BEZIER_KNOTS.) CURVE() 
GEOMETRIC_REPRESENTATION_ITEM() RATIONAL_B_SPLINE_CURVE((1.,
0.707106781187,1.)) REPRESENTATION_ITEM('') );
#2307 = CARTESIAN_POINT('',(100.80292095864,7.259268570665E-16,
    47.949497537085));
#2308 = CARTESIAN_POINT('',(100.80292095864,-2.724403269153,
    47.949497537085));
#2309 = CARTESIAN_POINT('',(98.078517689492,-2.724403269153,
    47.949497537085));
#2310 = ORIENTED_EDGE('',*,*,#2283,.T.);
#2311 = ORIENTED_EDGE('',*,*,#2312,.T.);
#2312 = EDGE_CURVE('',#2277,#2313,#2315,.T.);
#2313 = VERTEX_POINT('',#2314);
#2314 = CARTESIAN_POINT('',(100.80292095864,0.,41.410929691119));
#2315 = ( BOUNDED_CURVE() B_SPLINE_CURVE(2,(#2316,#2317,#2318),
.UNSPECIFIED.,.F.,.F.) B_SPLINE_CURVE_WITH_KNOTS((3,3),(5.497787143782,
7.068583470577),.PIECEWISE_BEZIER_KNOTS.) CURVE() 
GEOMETRIC_REPRESENTATION_ITEM() RATIONAL_B_SPLINE_CURVE((1.,
0.707106781187,1.)) REPRESENTATION_ITEM('') );
#2316 = CARTESIAN_POINT('',(98.078517689492,-2.724403269153,
    41.410929691119));
#2317 = CARTESIAN_POINT('',(100.80292095864,-2.724403269153,
    41.410929691119));
#2318 = CARTESIAN_POINT('',(100.80292095864,-7.259268570665E-16,
    41.410929691119));
#2319 = ORIENTED_EDGE('',*,*,#2320,.T.);
#2320 = EDGE_CURVE('',#2313,#2304,#2321,.T.);
#2321 = B_SPLINE_CURVE_WITH_KNOTS('',1,(#2322,#2323),.UNSPECIFIED.,.F.,
  .F.,(2,2),(-4.5,1.5),.PIECEWISE_BEZIER_KNOTS.);
#2322 = CARTESIAN_POINT('',(100.80292095864,0.,41.410929691119));
#2323 = CARTESIAN_POINT('',(100.80292095864,0.,47.949497537085));
#2324 = ( BOUNDED_SURFACE() B_SPLINE_SURFACE(2,1,(
    (#2325,#2326)
    ,(#2327,#2328)
    ,(#2329,#2330
)),.UNSPECIFIED.,.F.,.F.,.F.) B_SPLINE_SURFACE_WITH_KNOTS((3,3),(2,2),(
    -0.785398163397,0.785398163397),(-4.5,1.5),
.PIECEWISE_BEZIER_KNOTS.) GEOMETRIC_REPRESENTATION_ITEM() 
RATIONAL_B_SPLINE_SURFACE((
    (1.,1.)
    ,(0.707106781187,0.707106781187)
,(1.,1.))) REPRESENTATION_ITEM('') SURFACE() );
#2325 = CARTESIAN_POINT('',(98.078517689492,-2.724403269153,
    41.410929691119));
#2326 = CARTESIAN_POINT('',(98.078517689492,-2.724403269153,
    47.949497537085));
#2327 = CARTESIAN_POINT('',(100.80292095864,-2.724403269153,
    41.410929691119));
#2328 = CARTESIAN_POINT('',(100.80292095864,-2.724403269153,
    47.949497537085));
#2329 = CARTESIAN_POINT('',(100.80292095864,-7.259268570665E-16,
    41.410929691119));
#2330 = CARTESIAN_POINT('',(100.80292095864,-7.259268570665E-16,
    47.949497537085));
#2331 = ADVANCED_FACE('',(#2332),#2356,.T.);
#2332 = FACE_BOUND('',#2333,.T.);
#2333 = EDGE_LOOP('',(#2334,#2342,#2343,#2351));
#2334 = ORIENTED_EDGE('',*,*,#2335,.T.);
#2335 = EDGE_CURVE('',#2336,#2268,#2338,.T.);
#2336 = VERTEX_POINT('',#2337);
#2337 = CARTESIAN_POINT('',(-2.724403269153,0.,41.410929691119));
#2338 = ( BOUNDED_CURVE() B_SPLINE_CURVE(2,(#2339,#2340,#2341),
.UNSPECIFIED.,.F.,.F.) B_SPLINE_CURVE_WITH_KNOTS((3,3),(5.497787143782,
7.068583470577),.PIECEWISE_BEZIER_KNOTS.) CURVE() 
GEOMETRIC_REPRESENTATION_ITEM() RATIONAL_B_SPLINE_CURVE((1.,
0.707106781187,1.)) REPRESENTATION_ITEM('') );
#2339 = CARTESIAN_POINT('',(-2.724403269153,7.259268570665E-16,
    41.410929691119));
#2340 = CARTESIAN_POINT('',(-2.724403269153,-2.724403269153,
    41.410929691119));
#2341 = CARTESIAN_POINT('',(-7.259268570665E-16,-2.724403269153,
    41.410929691119));
#2342 = ORIENTED_EDGE('',*,*,#2267,.T.);
#2343 = ORIENTED_EDGE('',*,*,#2344,.T.);
#2344 = EDGE_CURVE('',#2270,#2345,#2347,.T.);
#2345 = VERTEX_POINT('',#2346);
#2346 = CARTESIAN_POINT('',(-2.724403269153,0.,47.949497537085));
#2347 = ( BOUNDED_CURVE() B_SPLINE_CURVE(2,(#2348,#2349,#2350),
.UNSPECIFIED.,.F.,.F.) B_SPLINE_CURVE_WITH_KNOTS((3,3),(5.497787143782,
7.068583470577),.PIECEWISE_BEZIER_KNOTS.) CURVE() 
GEOMETRIC_REPRESENTATION_ITEM() RATIONAL_B_SPLINE_CURVE((1.,
0.707106781187,1.)) REPRESENTATION_ITEM('') );
#2348 = CARTESIAN_POINT('',(7.259268570665E-16,-2.724403269153,
    47.949497537085));
#2349 = CARTESIAN_POINT('',(-2.724403269153,-2.724403269153,
    47.949497537085));
#2350 = CARTESIAN_POINT('',(-2.724403269153,-7.259268570665E-16,
    47.949497537085));
#2351 = ORIENTED_EDGE('',*,*,#2352,.T.);
#2352 = EDGE_CURVE('',#2345,#2336,#2353,.T.);
#2353 = B_SPLINE_CURVE_WITH_KNOTS('',1,(#2354,#2355),.UNSPECIFIED.,.F.,
  .F.,(2,2),(-4.5,1.5),.PIECEWISE_BEZIER_KNOTS.);
#2354 = CARTESIAN_POINT('',(-2.724403269153,0.,47.949497537085));
#2355 = CARTESIAN_POINT('',(-2.724403269153,0.,41.410929691119));
#2356 = ( BOUNDED_SURFACE() B_SPLINE_SURFACE(2,1,(
    (#2357,#2358)
    ,(#2359,#2360)
    ,(#2361,#2362
)),.UNSPECIFIED.,.F.,.F.,.F.) B_SPLINE_SURFACE_WITH_KNOTS((3,3),(2,2),(
    -0.785398163397,0.785398163397),(-4.5,1.5),
.PIECEWISE_BEZIER_KNOTS.) GEOMETRIC_REPRESENTATION_ITEM() 
RATIONAL_B_SPLINE_SURFACE((
    (1.,1.)
    ,(0.707106781187,0.707106781187)
,(1.,1.))) REPRESENTATION_ITEM('') SURFACE() );
#2357 = CARTESIAN_POINT('',(7.259268570665E-16,-2.724403269153,
    47.949497537085));
#2358 = CARTESIAN_POINT('',(7.259268570665E-16,-2.724403269153,
    41.410929691119));
#2359 = CARTESIAN_POINT('',(-2.724403269153,-2.724403269153,
    47.949497537085));
#2360 = CARTESIAN_POINT('',(-2.724403269153,-2.724403269153,
    41.410929691119));
#2361 = CARTESIAN_POINT('',(-2.724403269153,-7.259268570665E-16,
    47.949497537085));
#2362 = CARTESIAN_POINT('',(-2.724403269153,-7.259268570665E-16,
    41.410929691119));
#2363 = ADVANCED_FACE('',(#2364),#2378,.F.);
#2364 = FACE_BOUND('',#2365,.T.);
#2365 = EDGE_LOOP('',(#2366,#2371,#2372,#2377));
#2366 = ORIENTED_EDGE('',*,*,#2367,.T.);
#2367 = EDGE_CURVE('',#1949,#2184,#2368,.T.);
#2368 = B_SPLINE_CURVE_WITH_KNOTS('',1,(#2369,#2370),.UNSPECIFIED.,.F.,
  .F.,(2,2),(0.,43.),.PIECEWISE_BEZIER_KNOTS.);
#2369 = CARTESIAN_POINT('',(8.173209807458,46.859736229424,
    -4.903925884475));
#2370 = CARTESIAN_POINT('',(8.173209807458,0.,-4.903925884475));
#2371 = ORIENTED_EDGE('',*,*,#2183,.F.);
#2372 = ORIENTED_EDGE('',*,*,#2373,.F.);
#2373 = EDGE_CURVE('',#1956,#2177,#2374,.T.);
#2374 = B_SPLINE_CURVE_WITH_KNOTS('',1,(#2375,#2376),.UNSPECIFIED.,.F.,
  .F.,(2,2),(-21.5,21.5),.PIECEWISE_BEZIER_KNOTS.);
#2375 = CARTESIAN_POINT('',(8.173209807458,46.859736229424,
    -7.628329153627));
#2376 = CARTESIAN_POINT('',(8.173209807458,0.,-7.628329153627));
#2377 = ORIENTED_EDGE('',*,*,#1955,.F.);
#2378 = B_SPLINE_SURFACE_WITH_KNOTS('',1,1,(
    (#2379,#2380)
    ,(#2381,#2382
    )),.UNSPECIFIED.,.F.,.F.,.F.,(2,2),(2,2),(7.,9.5),(0.,43.),
  .PIECEWISE_BEZIER_KNOTS.);
#2379 = CARTESIAN_POINT('',(8.173209807458,46.859736229424,
    -4.903925884475));
#2380 = CARTESIAN_POINT('',(8.173209807458,0.,-4.903925884475));
#2381 = CARTESIAN_POINT('',(8.173209807458,46.859736229424,
    -7.628329153627));
#2382 = CARTESIAN_POINT('',(8.173209807458,0.,-7.628329153627));
#2383 = ADVANCED_FACE('',(#2384),#2406,.T.);
#2384 = FACE_BOUND('',#2385,.T.);
#2385 = EDGE_LOOP('',(#2386,#2393,#2394,#2401));
#2386 = ORIENTED_EDGE('',*,*,#2387,.T.);
#2387 = EDGE_CURVE('',#2388,#2212,#2390,.T.);
#2388 = VERTEX_POINT('',#2389);
#2389 = CARTESIAN_POINT('',(98.037130124462,-0.303520332761,0.));
#2390 = B_SPLINE_CURVE_WITH_KNOTS('',1,(#2391,#2392),.UNSPECIFIED.,.F.,
  .F.,(2,2),(-32.52135632764,-32.24283631539),.PIECEWISE_BEZIER_KNOTS.);
#2391 = CARTESIAN_POINT('',(98.037130124462,-0.303520332761,0.));
#2392 = CARTESIAN_POINT('',(98.037130124462,0.,0.));
#2393 = ORIENTED_EDGE('',*,*,#2211,.F.);
#2394 = ORIENTED_EDGE('',*,*,#2395,.F.);
#2395 = EDGE_CURVE('',#2396,#2205,#2398,.T.);
#2396 = VERTEX_POINT('',#2397);
#2397 = CARTESIAN_POINT('',(98.037130124462,-0.303520332761,
    -7.628329153627));
#2398 = B_SPLINE_CURVE_WITH_KNOTS('',1,(#2399,#2400),.UNSPECIFIED.,.F.,
  .F.,(2,2),(0.,0.278520012251),.PIECEWISE_BEZIER_KNOTS.);
#2399 = CARTESIAN_POINT('',(98.037130124462,-0.303520332761,
    -7.628329153627));
#2400 = CARTESIAN_POINT('',(98.037130124462,0.,-7.628329153627));
#2401 = ORIENTED_EDGE('',*,*,#2402,.F.);
#2402 = EDGE_CURVE('',#2388,#2396,#2403,.T.);
#2403 = B_SPLINE_CURVE_WITH_KNOTS('',1,(#2404,#2405),.UNSPECIFIED.,.F.,
  .F.,(2,2),(0.,7.),.PIECEWISE_BEZIER_KNOTS.);
#2404 = CARTESIAN_POINT('',(98.037130124462,-0.303520332761,0.));
#2405 = CARTESIAN_POINT('',(98.037130124462,-0.303520332761,
    -7.628329153627));
#2406 = B_SPLINE_SURFACE_WITH_KNOTS('',1,1,(
    (#2407,#2408)
    ,(#2409,#2410
    )),.UNSPECIFIED.,.F.,.F.,.F.,(2,2),(2,2),(43.083288424607,
    43.361808436859),(-7.,0.),.PIECEWISE_BEZIER_KNOTS.);
#2407 = CARTESIAN_POINT('',(98.037130124462,0.,-7.628329153627));
#2408 = CARTESIAN_POINT('',(98.037130124462,0.,0.));
#2409 = CARTESIAN_POINT('',(98.037130124462,-0.303520332761,
    -7.628329153627));
#2410 = CARTESIAN_POINT('',(98.037130124462,-0.303520332761,0.));
#2411 = ADVANCED_FACE('',(#2412),#2434,.T.);
#2412 = FACE_BOUND('',#2413,.T.);
#2413 = EDGE_LOOP('',(#2414,#2421,#2422,#2429));
#2414 = ORIENTED_EDGE('',*,*,#2415,.T.);
#2415 = EDGE_CURVE('',#2416,#2388,#2418,.T.);
#2416 = VERTEX_POINT('',#2417);
#2417 = CARTESIAN_POINT('',(114.34088212318,16.669313143343,0.));
#2418 = B_SPLINE_CURVE_WITH_KNOTS('',1,(#2419,#2420),.UNSPECIFIED.,.F.,
  .F.,(2,2),(-10.14150426527,11.4548351835),.PIECEWISE_BEZIER_KNOTS.);
#2419 = CARTESIAN_POINT('',(114.34088212318,16.669313143343,0.));
#2420 = CARTESIAN_POINT('',(98.037130124462,-0.303520332761,0.));
#2421 = ORIENTED_EDGE('',*,*,#2402,.T.);
#2422 = ORIENTED_EDGE('',*,*,#2423,.F.);
#2423 = EDGE_CURVE('',#2424,#2396,#2426,.T.);
#2424 = VERTEX_POINT('',#2425);
#2425 = CARTESIAN_POINT('',(114.34088212318,16.669313143343,
    -7.628329153627));
#2426 = B_SPLINE_CURVE_WITH_KNOTS('',1,(#2427,#2428),.UNSPECIFIED.,.F.,
  .F.,(2,2),(8.717661740939,30.314001189713),.PIECEWISE_BEZIER_KNOTS.);
#2427 = CARTESIAN_POINT('',(114.34088212318,16.669313143343,
    -7.628329153627));
#2428 = CARTESIAN_POINT('',(98.037130124462,-0.303520332761,
    -7.628329153627));
#2429 = ORIENTED_EDGE('',*,*,#2430,.F.);
#2430 = EDGE_CURVE('',#2416,#2424,#2431,.T.);
#2431 = B_SPLINE_CURVE_WITH_KNOTS('',1,(#2432,#2433),.UNSPECIFIED.,.F.,
  .F.,(2,2),(0.,7.),.PIECEWISE_BEZIER_KNOTS.);
#2432 = CARTESIAN_POINT('',(114.34088212318,16.669313143343,0.));
#2433 = CARTESIAN_POINT('',(114.34088212318,16.669313143343,
    -7.628329153627));
#2434 = B_SPLINE_SURFACE_WITH_KNOTS('',1,1,(
    (#2435,#2436)
    ,(#2437,#2438
    )),.UNSPECIFIED.,.F.,.F.,.F.,(2,2),(2,2),(-3.552713678801E-15,
    21.596339448774),(-7.,0.),.PIECEWISE_BEZIER_KNOTS.);
#2435 = CARTESIAN_POINT('',(98.037130124462,-0.303520332761,
    -7.628329153627));
#2436 = CARTESIAN_POINT('',(98.037130124462,-0.303520332761,0.));
#2437 = CARTESIAN_POINT('',(114.34088212318,16.669313143343,
    -7.628329153627));
#2438 = CARTESIAN_POINT('',(114.34088212318,16.669313143343,0.));
#2439 = ADVANCED_FACE('',(#2440),#2459,.T.);
#2440 = FACE_BOUND('',#2441,.T.);
#2441 = EDGE_LOOP('',(#2442,#2443,#2444,#2451,#2457,#2458));
#2442 = ORIENTED_EDGE('',*,*,#2373,.T.);
#2443 = ORIENTED_EDGE('',*,*,#2176,.T.);
#2444 = ORIENTED_EDGE('',*,*,#2445,.T.);
#2445 = EDGE_CURVE('',#2170,#2446,#2448,.T.);
#2446 = VERTEX_POINT('',#2447);
#2447 = CARTESIAN_POINT('',(-16.19122898735,16.576734439438,
    -7.628329153627));
#2448 = B_SPLINE_CURVE_WITH_KNOTS('',1,(#2449,#2450),.UNSPECIFIED.,.F.,
  .F.,(2,2),(-30.05411785429,-8.790697674419),.PIECEWISE_BEZIER_KNOTS.);
#2449 = CARTESIAN_POINT('',(3.871609904355E-15,0.,-7.628329153627));
#2450 = CARTESIAN_POINT('',(-16.19122898735,16.576734439438,
    -7.628329153627));
#2451 = ORIENTED_EDGE('',*,*,#2452,.T.);
#2452 = EDGE_CURVE('',#2446,#1900,#2453,.T.);
#2453 = ( BOUNDED_CURVE() B_SPLINE_CURVE(2,(#2454,#2455,#2456),
.UNSPECIFIED.,.F.,.F.) B_SPLINE_CURVE_WITH_KNOTS((3,3),(5.509551306932,
7.056819307427),.PIECEWISE_BEZIER_KNOTS.) CURVE() 
GEOMETRIC_REPRESENTATION_ITEM() RATIONAL_B_SPLINE_CURVE((1.,
0.715376179206,1.)) REPRESENTATION_ITEM('') );
#2454 = CARTESIAN_POINT('',(-16.19122898735,16.576734439438,
    -7.628329153627));
#2455 = CARTESIAN_POINT('',(-22.88498746088,23.429868114712,
    -7.628329153627));
#2456 = CARTESIAN_POINT('',(-16.19122898735,30.283001789986,
    -7.628329153627));
#2457 = ORIENTED_EDGE('',*,*,#1899,.T.);
#2458 = ORIENTED_EDGE('',*,*,#1962,.T.);
#2459 = B_SPLINE_SURFACE_WITH_KNOTS('',1,1,(
    (#2460,#2461)
    ,(#2462,#2463
    )),.UNSPECIFIED.,.F.,.F.,.F.,(2,2),(2,2),(82.5,107.41920647959),(0.,
    43.),.PIECEWISE_BEZIER_KNOTS.);
#2460 = CARTESIAN_POINT('',(8.173209807458,0.,-7.628329153627));
#2461 = CARTESIAN_POINT('',(8.173209807458,46.859736229424,
    -7.628329153627));
#2462 = CARTESIAN_POINT('',(-18.98277723162,0.,-7.628329153627));
#2463 = CARTESIAN_POINT('',(-18.98277723162,46.859736229424,
    -7.628329153627));
#2464 = ADVANCED_FACE('',(#2465),#2484,.T.);
#2465 = FACE_BOUND('',#2466,.T.);
#2466 = EDGE_LOOP('',(#2467,#2473,#2474,#2475,#2476,#2481,#2482,#2483));
#2467 = ORIENTED_EDGE('',*,*,#2468,.T.);
#2468 = EDGE_CURVE('',#1863,#2424,#2469,.T.);
#2469 = ( BOUNDED_CURVE() B_SPLINE_CURVE(2,(#2470,#2471,#2472),
.UNSPECIFIED.,.F.,.F.) B_SPLINE_CURVE_WITH_KNOTS((3,3),(5.513721208225,
7.052649406134),.PIECEWISE_BEZIER_KNOTS.) CURVE() 
GEOMETRIC_REPRESENTATION_ITEM() RATIONAL_B_SPLINE_CURVE((1.,
0.718283626107,1.)) REPRESENTATION_ITEM('') );
#2470 = CARTESIAN_POINT('',(114.2839730024,30.316828261666,
    -7.628329153627));
#2471 = CARTESIAN_POINT('',(120.92211758534,23.520632617225,
    -7.628329153627));
#2472 = CARTESIAN_POINT('',(114.34088212318,16.669313143343,
    -7.628329153627));
#2473 = ORIENTED_EDGE('',*,*,#2423,.T.);
#2474 = ORIENTED_EDGE('',*,*,#2395,.T.);
#2475 = ORIENTED_EDGE('',*,*,#2204,.T.);
#2476 = ORIENTED_EDGE('',*,*,#2477,.T.);
#2477 = EDGE_CURVE('',#2198,#1935,#2478,.T.);
#2478 = B_SPLINE_CURVE_WITH_KNOTS('',1,(#2479,#2480),.UNSPECIFIED.,.F.,
  .F.,(2,2),(-21.5,21.5),.PIECEWISE_BEZIER_KNOTS.);
#2479 = CARTESIAN_POINT('',(89.905307882035,0.,-7.628329153627));
#2480 = CARTESIAN_POINT('',(89.905307882035,46.859736229424,
    -7.628329153627));
#2481 = ORIENTED_EDGE('',*,*,#1934,.T.);
#2482 = ORIENTED_EDGE('',*,*,#1835,.T.);
#2483 = ORIENTED_EDGE('',*,*,#1869,.T.);
#2484 = B_SPLINE_SURFACE_WITH_KNOTS('',1,1,(
    (#2485,#2486)
    ,(#2487,#2488
    )),.UNSPECIFIED.,.F.,.F.,.F.,(2,2),(2,2),(-17.43226101314,7.5),(
    -0.278520012251,43.083288424608),.PIECEWISE_BEZIER_KNOTS.);
#2485 = CARTESIAN_POINT('',(117.07552124666,-0.303520332761,
    -7.628329153627));
#2486 = CARTESIAN_POINT('',(117.07552124666,46.950500731938,
    -7.628329153627));
#2487 = CARTESIAN_POINT('',(89.905307882035,-0.303520332761,
    -7.628329153627));
#2488 = CARTESIAN_POINT('',(89.905307882035,46.950500731938,
    -7.628329153627));
#2489 = ADVANCED_FACE('',(#2490),#2507,.T.);
#2490 = FACE_BOUND('',#2491,.T.);
#2491 = EDGE_LOOP('',(#2492,#2493,#2500,#2506));
#2492 = ORIENTED_EDGE('',*,*,#2452,.F.);
#2493 = ORIENTED_EDGE('',*,*,#2494,.F.);
#2494 = EDGE_CURVE('',#2495,#2446,#2497,.T.);
#2495 = VERTEX_POINT('',#2496);
#2496 = CARTESIAN_POINT('',(-16.19122898735,16.576734439438,0.));
#2497 = B_SPLINE_CURVE_WITH_KNOTS('',1,(#2498,#2499),.UNSPECIFIED.,.F.,
  .F.,(2,2),(0.,7.),.PIECEWISE_BEZIER_KNOTS.);
#2498 = CARTESIAN_POINT('',(-16.19122898735,16.576734439438,0.));
#2499 = CARTESIAN_POINT('',(-16.19122898735,16.576734439438,
    -7.628329153627));
#2500 = ORIENTED_EDGE('',*,*,#2501,.T.);
#2501 = EDGE_CURVE('',#2495,#1884,#2502,.T.);
#2502 = ( BOUNDED_CURVE() B_SPLINE_CURVE(2,(#2503,#2504,#2505),
.UNSPECIFIED.,.F.,.F.) B_SPLINE_CURVE_WITH_KNOTS((3,3),(5.509551306932,
7.056819307427),.PIECEWISE_BEZIER_KNOTS.) CURVE() 
GEOMETRIC_REPRESENTATION_ITEM() RATIONAL_B_SPLINE_CURVE((1.,
0.715376179206,1.)) REPRESENTATION_ITEM('') );
#2503 = CARTESIAN_POINT('',(-16.19122898735,16.576734439438,0.));
#2504 = CARTESIAN_POINT('',(-22.88498746088,23.429868114712,0.));
#2505 = CARTESIAN_POINT('',(-16.19122898735,30.283001789986,0.));
#2506 = ORIENTED_EDGE('',*,*,#1906,.T.);
#2507 = ( BOUNDED_SURFACE() B_SPLINE_SURFACE(2,1,(
    (#2508,#2509)
    ,(#2510,#2511)
    ,(#2512,#2513
)),.UNSPECIFIED.,.F.,.F.,.F.) B_SPLINE_SURFACE_WITH_KNOTS((3,3),(2,2),(
    -0.773634000248,0.773634000248),(-7.,0.),.PIECEWISE_BEZIER_KNOTS.) 
GEOMETRIC_REPRESENTATION_ITEM() RATIONAL_B_SPLINE_SURFACE((
    (1.,1.)
    ,(0.715376179206,0.715376179206)
,(1.,1.))) REPRESENTATION_ITEM('') SURFACE() );
#2508 = CARTESIAN_POINT('',(-16.19122898735,30.283001789986,
    -7.628329153627));
#2509 = CARTESIAN_POINT('',(-16.19122898735,30.283001789986,0.));
#2510 = CARTESIAN_POINT('',(-22.88498746088,23.429868114712,
    -7.628329153627));
#2511 = CARTESIAN_POINT('',(-22.88498746088,23.429868114712,0.));
#2512 = CARTESIAN_POINT('',(-16.19122898735,16.576734439438,
    -7.628329153627));
#2513 = CARTESIAN_POINT('',(-16.19122898735,16.576734439438,0.));
#2514 = ADVANCED_FACE('',(#2515),#2525,.T.);
#2515 = FACE_BOUND('',#2516,.T.);
#2516 = EDGE_LOOP('',(#2517,#2522,#2523,#2524));
#2517 = ORIENTED_EDGE('',*,*,#2518,.T.);
#2518 = EDGE_CURVE('',#2163,#2495,#2519,.T.);
#2519 = B_SPLINE_CURVE_WITH_KNOTS('',1,(#2520,#2521),.UNSPECIFIED.,.F.,
  .F.,(2,2),(-26.38573535395,-5.122315174074),.PIECEWISE_BEZIER_KNOTS.);
#2520 = CARTESIAN_POINT('',(-1.548643961742E-14,-1.935804952177E-14,0.)
  );
#2521 = CARTESIAN_POINT('',(-16.19122898735,16.576734439438,0.));
#2522 = ORIENTED_EDGE('',*,*,#2494,.T.);
#2523 = ORIENTED_EDGE('',*,*,#2445,.F.);
#2524 = ORIENTED_EDGE('',*,*,#2169,.F.);
#2525 = B_SPLINE_SURFACE_WITH_KNOTS('',1,1,(
    (#2526,#2527)
    ,(#2528,#2529
    )),.UNSPECIFIED.,.F.,.F.,.F.,(2,2),(2,2),(8.790697674419,
    30.054117854297),(-7.,0.),.PIECEWISE_BEZIER_KNOTS.);
#2526 = CARTESIAN_POINT('',(-16.19122898735,16.576734439438,
    -7.628329153627));
#2527 = CARTESIAN_POINT('',(-16.19122898735,16.576734439438,0.));
#2528 = CARTESIAN_POINT('',(3.871609904355E-15,0.,-7.628329153627));
#2529 = CARTESIAN_POINT('',(3.871609904355E-15,0.,0.));
#2530 = ADVANCED_FACE('',(#2531),#2542,.T.);
#2531 = FACE_BOUND('',#2532,.T.);
#2532 = EDGE_LOOP('',(#2533,#2539,#2540,#2541));
#2533 = ORIENTED_EDGE('',*,*,#2534,.T.);
#2534 = EDGE_CURVE('',#1856,#2416,#2535,.T.);
#2535 = ( BOUNDED_CURVE() B_SPLINE_CURVE(2,(#2536,#2537,#2538),
.UNSPECIFIED.,.F.,.F.) B_SPLINE_CURVE_WITH_KNOTS((3,3),(5.513721208225,
7.052649406134),.PIECEWISE_BEZIER_KNOTS.) CURVE() 
GEOMETRIC_REPRESENTATION_ITEM() RATIONAL_B_SPLINE_CURVE((1.,
0.718283626107,1.)) REPRESENTATION_ITEM('') );
#2536 = CARTESIAN_POINT('',(114.2839730024,30.316828261666,0.));
#2537 = CARTESIAN_POINT('',(120.92211758534,23.520632617225,0.));
#2538 = CARTESIAN_POINT('',(114.34088212318,16.669313143343,0.));
#2539 = ORIENTED_EDGE('',*,*,#2430,.T.);
#2540 = ORIENTED_EDGE('',*,*,#2468,.F.);
#2541 = ORIENTED_EDGE('',*,*,#1862,.F.);
#2542 = ( BOUNDED_SURFACE() B_SPLINE_SURFACE(2,1,(
    (#2543,#2544)
    ,(#2545,#2546)
    ,(#2547,#2548
)),.UNSPECIFIED.,.F.,.F.,.F.) B_SPLINE_SURFACE_WITH_KNOTS((3,3),(2,2),(
    -0.769464098955,0.769464098955),(-7.,0.),.PIECEWISE_BEZIER_KNOTS.) 
GEOMETRIC_REPRESENTATION_ITEM() RATIONAL_B_SPLINE_SURFACE((
    (1.,1.)
    ,(0.718283626107,0.718283626107)
,(1.,1.))) REPRESENTATION_ITEM('') SURFACE() );
#2543 = CARTESIAN_POINT('',(114.34088212318,16.669313143343,
    -7.628329153627));
#2544 = CARTESIAN_POINT('',(114.34088212318,16.669313143343,0.));
#2545 = CARTESIAN_POINT('',(120.92211758534,23.520632617225,
    -7.628329153627));
#2546 = CARTESIAN_POINT('',(120.92211758534,23.520632617225,0.));
#2547 = CARTESIAN_POINT('',(114.2839730024,30.316828261666,
    -7.628329153627));
#2548 = CARTESIAN_POINT('',(114.2839730024,30.316828261666,0.));
#2549 = ADVANCED_FACE('',(#2550),#2560,.T.);
#2550 = FACE_BOUND('',#2551,.T.);
#2551 = EDGE_LOOP('',(#2552,#2553,#2554,#2555,#2556,#2557,#2558,#2559));
#2552 = ORIENTED_EDGE('',*,*,#2132,.F.);
#2553 = ORIENTED_EDGE('',*,*,#2218,.F.);
#2554 = ORIENTED_EDGE('',*,*,#2387,.F.);
#2555 = ORIENTED_EDGE('',*,*,#2415,.F.);
#2556 = ORIENTED_EDGE('',*,*,#2534,.F.);
#2557 = ORIENTED_EDGE('',*,*,#1855,.F.);
#2558 = ORIENTED_EDGE('',*,*,#1819,.F.);
#2559 = ORIENTED_EDGE('',*,*,#1928,.F.);
#2560 = B_SPLINE_SURFACE_WITH_KNOTS('',1,1,(
    (#2561,#2562)
    ,(#2563,#2564
    )),.UNSPECIFIED.,.F.,.F.,.F.,(2,2),(2,2),(-10.5,6.970239572982),(
    -21.68090421842,21.680904218429),.PIECEWISE_BEZIER_KNOTS.);
#2561 = CARTESIAN_POINT('',(98.037130124462,-0.303520332761,0.));
#2562 = CARTESIAN_POINT('',(98.037130124462,46.950500731937,0.));
#2563 = CARTESIAN_POINT('',(117.07552124666,-0.303520332761,0.));
#2564 = CARTESIAN_POINT('',(117.07552124666,46.950500731937,0.));
#2565 = ADVANCED_FACE('',(#2566),#2576,.F.);
#2566 = FACE_BOUND('',#2567,.T.);
#2567 = EDGE_LOOP('',(#2568,#2569,#2570,#2575));
#2568 = ORIENTED_EDGE('',*,*,#2477,.F.);
#2569 = ORIENTED_EDGE('',*,*,#2197,.F.);
#2570 = ORIENTED_EDGE('',*,*,#2571,.T.);
#2571 = EDGE_CURVE('',#2191,#1942,#2572,.T.);
#2572 = B_SPLINE_CURVE_WITH_KNOTS('',1,(#2573,#2574),.UNSPECIFIED.,.F.,
  .F.,(2,2),(-43.,0.),.PIECEWISE_BEZIER_KNOTS.);
#2573 = CARTESIAN_POINT('',(89.905307882035,0.,-4.903925884475));
#2574 = CARTESIAN_POINT('',(89.905307882035,46.859736229424,
    -4.903925884475));
#2575 = ORIENTED_EDGE('',*,*,#1941,.T.);
#2576 = B_SPLINE_SURFACE_WITH_KNOTS('',1,1,(
    (#2577,#2578)
    ,(#2579,#2580
    )),.UNSPECIFIED.,.F.,.F.,.F.,(2,2),(2,2),(-7.,-4.5),(0.,43.),
  .PIECEWISE_BEZIER_KNOTS.);
#2577 = CARTESIAN_POINT('',(89.905307882035,46.859736229424,
    -7.628329153627));
#2578 = CARTESIAN_POINT('',(89.905307882035,0.,-7.628329153627));
#2579 = CARTESIAN_POINT('',(89.905307882035,46.859736229424,
    -4.903925884475));
#2580 = CARTESIAN_POINT('',(89.905307882035,0.,-4.903925884475));
#2581 = ADVANCED_FACE('',(#2582),#2588,.T.);
#2582 = FACE_BOUND('',#2583,.T.);
#2583 = EDGE_LOOP('',(#2584,#2585,#2586,#2587));
#2584 = ORIENTED_EDGE('',*,*,#2571,.F.);
#2585 = ORIENTED_EDGE('',*,*,#2190,.T.);
#2586 = ORIENTED_EDGE('',*,*,#2367,.F.);
#2587 = ORIENTED_EDGE('',*,*,#1948,.T.);
#2588 = B_SPLINE_SURFACE_WITH_KNOTS('',1,1,(
    (#2589,#2590)
    ,(#2591,#2592
    )),.UNSPECIFIED.,.F.,.F.,.F.,(2,2),(2,2),(0.,75.),(-43.,0.),
  .PIECEWISE_BEZIER_KNOTS.);
#2589 = CARTESIAN_POINT('',(89.905307882035,0.,-4.903925884475));
#2590 = CARTESIAN_POINT('',(89.905307882035,46.859736229424,
    -4.903925884475));
#2591 = CARTESIAN_POINT('',(8.173209807458,0.,-4.903925884475));
#2592 = CARTESIAN_POINT('',(8.173209807458,46.859736229424,
    -4.903925884475));
#2593 = ADVANCED_FACE('',(#2594),#2626,.F.);
#2594 = FACE_BOUND('',#2595,.T.);
#2595 = EDGE_LOOP('',(#2596,#2606,#2613,#2621));
#2596 = ORIENTED_EDGE('',*,*,#2597,.T.);
#2597 = EDGE_CURVE('',#2598,#2600,#2602,.T.);
#2598 = VERTEX_POINT('',#2599);
#2599 = CARTESIAN_POINT('',(92.629711151187,8.173209807458,
    40.321168383458));
#2600 = VERTEX_POINT('',#2601);
#2601 = CARTESIAN_POINT('',(89.905307882044,5.448813533185,
    40.321168383458));
#2602 = ( BOUNDED_CURVE() B_SPLINE_CURVE(2,(#2603,#2604,#2605),
.UNSPECIFIED.,.F.,.F.) B_SPLINE_CURVE_WITH_KNOTS((3,3),(4.712388980385,
6.283182739689),.PIECEWISE_BEZIER_KNOTS.) CURVE() 
GEOMETRIC_REPRESENTATION_ITEM() RATIONAL_B_SPLINE_CURVE((1.,
0.707107688931,1.)) REPRESENTATION_ITEM('') );
#2603 = CARTESIAN_POINT('',(92.629711151187,8.173209807458,
    40.321168383458));
#2604 = CARTESIAN_POINT('',(89.905314876905,8.173209807458,
    40.321168383458));
#2605 = CARTESIAN_POINT('',(89.905307882044,5.448813533185,
    40.321168383458));
#2606 = ORIENTED_EDGE('',*,*,#2607,.F.);
#2607 = EDGE_CURVE('',#2608,#2600,#2610,.T.);
#2608 = VERTEX_POINT('',#2609);
#2609 = CARTESIAN_POINT('',(87.1809046129,5.448820528065,40.321168383458
    ));
#2610 = B_SPLINE_CURVE_WITH_KNOTS('',1,(#2611,#2612),.UNSPECIFIED.,.F.,
  .F.,(2,2),(-3.749996790645,-1.249996790645),.PIECEWISE_BEZIER_KNOTS.);
#2611 = CARTESIAN_POINT('',(87.1809046129,5.448820528065,40.321168383458
    ));
#2612 = CARTESIAN_POINT('',(89.905307882044,5.448813533185,
    40.321168383458));
#2613 = ORIENTED_EDGE('',*,*,#2614,.T.);
#2614 = EDGE_CURVE('',#2608,#2615,#2617,.T.);
#2615 = VERTEX_POINT('',#2616);
#2616 = CARTESIAN_POINT('',(92.629711151187,10.89761307661,
    40.321168383458));
#2617 = ( BOUNDED_CURVE() B_SPLINE_CURVE(2,(#2618,#2619,#2620),
.UNSPECIFIED.,.F.,.F.) B_SPLINE_CURVE_WITH_KNOTS((3,3),(4.712391547875,
6.28318530718),.PIECEWISE_BEZIER_KNOTS.) CURVE() 
GEOMETRIC_REPRESENTATION_ITEM() RATIONAL_B_SPLINE_CURVE((1.,
0.707107688931,1.)) REPRESENTATION_ITEM('') );
#2618 = CARTESIAN_POINT('',(87.1809046129,5.448820528065,40.321168383458
    ));
#2619 = CARTESIAN_POINT('',(87.180918602624,10.89761307661,
    40.321168383458));
#2620 = CARTESIAN_POINT('',(92.629711151187,10.89761307661,
    40.321168383458));
#2621 = ORIENTED_EDGE('',*,*,#2622,.F.);
#2622 = EDGE_CURVE('',#2598,#2615,#2623,.T.);
#2623 = B_SPLINE_CURVE_WITH_KNOTS('',1,(#2624,#2625),.UNSPECIFIED.,.F.,
  .F.,(2,2),(-15.25010269962,-12.75010269962),.PIECEWISE_BEZIER_KNOTS.);
#2624 = CARTESIAN_POINT('',(92.629711151187,8.173209807458,
    40.321168383458));
#2625 = CARTESIAN_POINT('',(92.629711151187,10.89761307661,
    40.321168383458));
#2626 = B_SPLINE_SURFACE_WITH_KNOTS('',1,1,(
    (#2627,#2628)
    ,(#2629,#2630
    )),.UNSPECIFIED.,.F.,.F.,.F.,(2,2),(2,2),(-2.499999999992,
    2.499999999992),(-2.5,2.499993581274),.PIECEWISE_BEZIER_KNOTS.);
#2627 = CARTESIAN_POINT('',(92.629711151187,10.89761307661,
    40.321168383458));
#2628 = CARTESIAN_POINT('',(92.629711151187,5.448813533185,
    40.321168383458));
#2629 = CARTESIAN_POINT('',(87.1809046129,10.89761307661,40.321168383458
    ));
#2630 = CARTESIAN_POINT('',(87.1809046129,5.448813533185,40.321168383458
    ));
#2631 = ADVANCED_FACE('',(#2632),#2655,.T.);
#2632 = FACE_BOUND('',#2633,.T.);
#2633 = EDGE_LOOP('',(#2634,#2644,#2649,#2650));
#2634 = ORIENTED_EDGE('',*,*,#2635,.F.);
#2635 = EDGE_CURVE('',#2636,#2638,#2640,.T.);
#2636 = VERTEX_POINT('',#2637);
#2637 = CARTESIAN_POINT('',(92.629711151187,10.89761307661,
    47.949497537085));
#2638 = VERTEX_POINT('',#2639);
#2639 = CARTESIAN_POINT('',(87.1809046129,5.448820528065,47.949497537085
    ));
#2640 = ( BOUNDED_CURVE() B_SPLINE_CURVE(2,(#2641,#2642,#2643),
.UNSPECIFIED.,.F.,.F.) B_SPLINE_CURVE_WITH_KNOTS((3,3),(0.,
1.570793759304),.PIECEWISE_BEZIER_KNOTS.) CURVE() 
GEOMETRIC_REPRESENTATION_ITEM() RATIONAL_B_SPLINE_CURVE((1.,
0.707107688931,1.)) REPRESENTATION_ITEM('') );
#2641 = CARTESIAN_POINT('',(92.629711151187,10.89761307661,
    47.949497537085));
#2642 = CARTESIAN_POINT('',(87.180918602624,10.89761307661,
    47.949497537085));
#2643 = CARTESIAN_POINT('',(87.1809046129,5.448820528065,47.949497537085
    ));
#2644 = ORIENTED_EDGE('',*,*,#2645,.F.);
#2645 = EDGE_CURVE('',#2615,#2636,#2646,.T.);
#2646 = B_SPLINE_CURVE_WITH_KNOTS('',1,(#2647,#2648),.UNSPECIFIED.,.F.,
  .F.,(2,2),(-7.,0.),.PIECEWISE_BEZIER_KNOTS.);
#2647 = CARTESIAN_POINT('',(92.629711151187,10.89761307661,
    40.321168383458));
#2648 = CARTESIAN_POINT('',(92.629711151187,10.89761307661,
    47.949497537085));
#2649 = ORIENTED_EDGE('',*,*,#2614,.F.);
#2650 = ORIENTED_EDGE('',*,*,#2651,.F.);
#2651 = EDGE_CURVE('',#2638,#2608,#2652,.T.);
#2652 = B_SPLINE_CURVE_WITH_KNOTS('',1,(#2653,#2654),.UNSPECIFIED.,.F.,
  .F.,(2,2),(0.,7.),.PIECEWISE_BEZIER_KNOTS.);
#2653 = CARTESIAN_POINT('',(87.1809046129,5.448820528065,47.949497537085
    ));
#2654 = CARTESIAN_POINT('',(87.1809046129,5.448820528065,40.321168383458
    ));
#2655 = ( BOUNDED_SURFACE() B_SPLINE_SURFACE(2,1,(
    (#2656,#2657)
    ,(#2658,#2659)
    ,(#2660,#2661
)),.UNSPECIFIED.,.F.,.F.,.F.) B_SPLINE_SURFACE_WITH_KNOTS((3,3),(2,2),(
    4.712391547875,6.28318530718),(0.,7.),.PIECEWISE_BEZIER_KNOTS.) 
GEOMETRIC_REPRESENTATION_ITEM() RATIONAL_B_SPLINE_SURFACE((
    (1.,1.)
    ,(0.707107688931,0.707107688931)
,(1.,1.))) REPRESENTATION_ITEM('') SURFACE() );
#2656 = CARTESIAN_POINT('',(87.1809046129,5.448820528065,47.949497537085
    ));
#2657 = CARTESIAN_POINT('',(87.1809046129,5.448820528065,40.321168383458
    ));
#2658 = CARTESIAN_POINT('',(87.180918602624,10.89761307661,
    47.949497537085));
#2659 = CARTESIAN_POINT('',(87.180918602624,10.89761307661,
    40.321168383458));
#2660 = CARTESIAN_POINT('',(92.629711151187,10.89761307661,
    47.949497537085));
#2661 = CARTESIAN_POINT('',(92.629711151187,10.89761307661,
    40.321168383458));
#2662 = ADVANCED_FACE('',(#2663),#2695,.F.);
#2663 = FACE_BOUND('',#2664,.T.);
#2664 = EDGE_LOOP('',(#2665,#2675,#2682,#2690));
#2665 = ORIENTED_EDGE('',*,*,#2666,.T.);
#2666 = EDGE_CURVE('',#2667,#2669,#2671,.T.);
#2667 = VERTEX_POINT('',#2668);
#2668 = CARTESIAN_POINT('',(8.173209880028,5.449023379577,
    40.321168383458));
#2669 = VERTEX_POINT('',#2670);
#2670 = CARTESIAN_POINT('',(5.448806619499,8.173209888651,
    40.321168383458));
#2671 = ( BOUNDED_CURVE() B_SPLINE_CURVE(2,(#2672,#2673,#2674),
.UNSPECIFIED.,.F.,.F.) B_SPLINE_CURVE_WITH_KNOTS((3,3),(3.141672215995,
4.712388980385),.PIECEWISE_BEZIER_KNOTS.) CURVE() 
GEOMETRIC_REPRESENTATION_ITEM() RATIONAL_B_SPLINE_CURVE((1.,
0.707134910185,1.)) REPRESENTATION_ITEM('') );
#2672 = CARTESIAN_POINT('',(8.173209880028,5.449023379577,
    40.321168383458));
#2673 = CARTESIAN_POINT('',(8.172993137196,8.173209888651,
    40.321168383458));
#2674 = CARTESIAN_POINT('',(5.448806619499,8.173209888651,
    40.321168383458));
#2675 = ORIENTED_EDGE('',*,*,#2676,.F.);
#2676 = EDGE_CURVE('',#2677,#2669,#2679,.T.);
#2677 = VERTEX_POINT('',#2678);
#2678 = CARTESIAN_POINT('',(5.448806619499,10.897836912761,
    40.321168383458));
#2679 = B_SPLINE_CURVE_WITH_KNOTS('',1,(#2680,#2681),.UNSPECIFIED.,.F.,
  .F.,(2,2),(-3.750003209363,-1.249797884623),.PIECEWISE_BEZIER_KNOTS.);
#2680 = CARTESIAN_POINT('',(5.448806619499,10.897836912761,
    40.321168383458));
#2681 = CARTESIAN_POINT('',(5.448806619499,8.173209888651,
    40.321168383458));
#2682 = ORIENTED_EDGE('',*,*,#2683,.T.);
#2683 = EDGE_CURVE('',#2677,#2684,#2686,.T.);
#2684 = VERTEX_POINT('',#2685);
#2685 = CARTESIAN_POINT('',(10.897613157786,5.449016384697,
    40.321168383458));
#2686 = ( BOUNDED_CURVE() B_SPLINE_CURVE(2,(#2687,#2688,#2689),
.UNSPECIFIED.,.F.,.F.) B_SPLINE_CURVE_WITH_KNOTS((3,3),(4.712386412894,
6.28318530718),.PIECEWISE_BEZIER_KNOTS.) CURVE() 
GEOMETRIC_REPRESENTATION_ITEM() RATIONAL_B_SPLINE_CURVE((1.,
0.707105873441,1.)) REPRESENTATION_ITEM('') );
#2687 = CARTESIAN_POINT('',(5.448806619499,10.897836912761,
    40.321168383458));
#2688 = CARTESIAN_POINT('',(10.897627147581,10.897836912761,
    40.321168383458));
#2689 = CARTESIAN_POINT('',(10.897613157786,5.449016384697,
    40.321168383458));
#2690 = ORIENTED_EDGE('',*,*,#2691,.F.);
#2691 = EDGE_CURVE('',#2667,#2684,#2692,.T.);
#2692 = B_SPLINE_CURVE_WITH_KNOTS('',1,(#2693,#2694),.UNSPECIFIED.,.F.,
  .F.,(2,2),(-38.74999676142,-36.24999675352),.PIECEWISE_BEZIER_KNOTS.);
#2693 = CARTESIAN_POINT('',(8.173209880028,5.449023379577,
    40.321168383458));
#2694 = CARTESIAN_POINT('',(10.897613157786,5.449016384697,
    40.321168383458));
#2695 = B_SPLINE_SURFACE_WITH_KNOTS('',1,1,(
    (#2696,#2697)
    ,(#2698,#2699
    )),.UNSPECIFIED.,.F.,.F.,.F.,(2,2),(2,2),(-2.5,2.5),(-2.500006418726
    ,2.500006418726),.PIECEWISE_BEZIER_KNOTS.);
#2696 = CARTESIAN_POINT('',(10.897613157804,10.897836912761,
    40.321168383458));
#2697 = CARTESIAN_POINT('',(10.897613157804,5.449016384697,
    40.321168383458));
#2698 = CARTESIAN_POINT('',(5.448806619499,10.897836912761,
    40.321168383458));
#2699 = CARTESIAN_POINT('',(5.448806619499,5.449016384697,
    40.321168383458));
#2700 = ADVANCED_FACE('',(#2701),#2724,.T.);
#2701 = FACE_BOUND('',#2702,.T.);
#2702 = EDGE_LOOP('',(#2703,#2713,#2718,#2719));
#2703 = ORIENTED_EDGE('',*,*,#2704,.F.);
#2704 = EDGE_CURVE('',#2705,#2707,#2709,.T.);
#2705 = VERTEX_POINT('',#2706);
#2706 = CARTESIAN_POINT('',(10.897613157786,5.449016384697,
    47.949497537085));
#2707 = VERTEX_POINT('',#2708);
#2708 = CARTESIAN_POINT('',(5.448806619499,10.897836912761,
    47.949497537085));
#2709 = ( BOUNDED_CURVE() B_SPLINE_CURVE(2,(#2710,#2711,#2712),
.UNSPECIFIED.,.F.,.F.) B_SPLINE_CURVE_WITH_KNOTS((3,3),(0.,
1.570798894285),.PIECEWISE_BEZIER_KNOTS.) CURVE() 
GEOMETRIC_REPRESENTATION_ITEM() RATIONAL_B_SPLINE_CURVE((1.,
0.707105873441,1.)) REPRESENTATION_ITEM('') );
#2710 = CARTESIAN_POINT('',(10.897613157786,5.449016384697,
    47.949497537085));
#2711 = CARTESIAN_POINT('',(10.897627147581,10.897836912761,
    47.949497537085));
#2712 = CARTESIAN_POINT('',(5.448806619499,10.897836912761,
    47.949497537085));
#2713 = ORIENTED_EDGE('',*,*,#2714,.F.);
#2714 = EDGE_CURVE('',#2684,#2705,#2715,.T.);
#2715 = B_SPLINE_CURVE_WITH_KNOTS('',1,(#2716,#2717),.UNSPECIFIED.,.F.,
  .F.,(2,2),(-7.,0.),.PIECEWISE_BEZIER_KNOTS.);
#2716 = CARTESIAN_POINT('',(10.897613157786,5.449016384697,
    40.321168383458));
#2717 = CARTESIAN_POINT('',(10.897613157786,5.449016384697,
    47.949497537085));
#2718 = ORIENTED_EDGE('',*,*,#2683,.F.);
#2719 = ORIENTED_EDGE('',*,*,#2720,.F.);
#2720 = EDGE_CURVE('',#2707,#2677,#2721,.T.);
#2721 = B_SPLINE_CURVE_WITH_KNOTS('',1,(#2722,#2723),.UNSPECIFIED.,.F.,
  .F.,(2,2),(0.,7.),.PIECEWISE_BEZIER_KNOTS.);
#2722 = CARTESIAN_POINT('',(5.448806619499,10.897836912761,
    47.949497537085));
#2723 = CARTESIAN_POINT('',(5.448806619499,10.897836912761,
    40.321168383458));
#2724 = ( BOUNDED_SURFACE() B_SPLINE_SURFACE(2,1,(
    (#2725,#2726)
    ,(#2727,#2728)
    ,(#2729,#2730
)),.UNSPECIFIED.,.F.,.F.,.F.) B_SPLINE_SURFACE_WITH_KNOTS((3,3),(2,2),(
    4.712386412894,6.28318530718),(0.,7.),.PIECEWISE_BEZIER_KNOTS.) 
GEOMETRIC_REPRESENTATION_ITEM() RATIONAL_B_SPLINE_SURFACE((
    (1.,1.)
    ,(0.707105873441,0.707105873441)
,(1.,1.))) REPRESENTATION_ITEM('') SURFACE() );
#2725 = CARTESIAN_POINT('',(5.448806619499,10.897836912761,
    47.949497537085));
#2726 = CARTESIAN_POINT('',(5.448806619499,10.897836912761,
    40.321168383458));
#2727 = CARTESIAN_POINT('',(10.897627147581,10.897836912761,
    47.949497537085));
#2728 = CARTESIAN_POINT('',(10.897627147581,10.897836912761,
    40.321168383458));
#2729 = CARTESIAN_POINT('',(10.897613157786,5.449016384697,
    47.949497537085));
#2730 = CARTESIAN_POINT('',(10.897613157786,5.449016384697,
    40.321168383458));
#2731 = ADVANCED_FACE('',(#2732),#2769,.F.);
#2732 = FACE_BOUND('',#2733,.F.);
#2733 = EDGE_LOOP('',(#2734,#2743,#2749,#2750,#2758,#2759));
#2734 = ORIENTED_EDGE('',*,*,#2735,.T.);
#2735 = EDGE_CURVE('',#2736,#2738,#2740,.T.);
#2736 = VERTEX_POINT('',#2737);
#2737 = CARTESIAN_POINT('',(8.173209888651,5.448806619499,
    47.949497537085));
#2738 = VERTEX_POINT('',#2739);
#2739 = CARTESIAN_POINT('',(8.173209888651,5.448806619499,
    40.321168383458));
#2740 = B_SPLINE_CURVE_WITH_KNOTS('',1,(#2741,#2742),.UNSPECIFIED.,.F.,
  .F.,(2,2),(0.,7.),.PIECEWISE_BEZIER_KNOTS.);
#2741 = CARTESIAN_POINT('',(8.173209888651,5.448806619499,
    47.949497537085));
#2742 = CARTESIAN_POINT('',(8.173209888651,5.448806619499,
    40.321168383458));
#2743 = ORIENTED_EDGE('',*,*,#2744,.F.);
#2744 = EDGE_CURVE('',#2667,#2738,#2745,.T.);
#2745 = ( BOUNDED_CURVE() B_SPLINE_CURVE(2,(#2746,#2747,#2748),
.UNSPECIFIED.,.F.,.F.) B_SPLINE_CURVE_WITH_KNOTS((3,3),(3.141513091184,
3.14159265359),.PIECEWISE_BEZIER_KNOTS.) CURVE() 
GEOMETRIC_REPRESENTATION_ITEM() RATIONAL_B_SPLINE_CURVE((1.,
0.999999999209,1.)) REPRESENTATION_ITEM('') );
#2746 = CARTESIAN_POINT('',(8.173209880028,5.449023379577,
    40.321168383458));
#2747 = CARTESIAN_POINT('',(8.173209888651,5.448914999538,
    40.321168383458));
#2748 = CARTESIAN_POINT('',(8.173209888651,5.448806619499,
    40.321168383458));
#2749 = ORIENTED_EDGE('',*,*,#2666,.T.);
#2750 = ORIENTED_EDGE('',*,*,#2751,.F.);
#2751 = EDGE_CURVE('',#2738,#2669,#2752,.T.);
#2752 = ( BOUNDED_CURVE() B_SPLINE_CURVE(2,(#2753,#2754,#2755,#2756,
#2757),.UNSPECIFIED.,.F.,.F.) B_SPLINE_CURVE_WITH_KNOTS((3,2,3),(
    3.14159265359,5.497787143782,7.853981633974),
.PIECEWISE_BEZIER_KNOTS.) CURVE() GEOMETRIC_REPRESENTATION_ITEM() 
RATIONAL_B_SPLINE_CURVE((1.,0.382683432365,1.,0.382683432365,1.)) 
REPRESENTATION_ITEM('') );
#2753 = CARTESIAN_POINT('',(8.173209888651,5.448806619499,
    40.321168383458));
#2754 = CARTESIAN_POINT('',(8.173209888651,-1.128484702263,
    40.321168383458));
#2755 = CARTESIAN_POINT('',(3.522362593194,3.522362593194,
    40.321168383458));
#2756 = CARTESIAN_POINT('',(-1.128484702263,8.173209888651,
    40.321168383458));
#2757 = CARTESIAN_POINT('',(5.448806619499,8.173209888651,
    40.321168383458));
#2758 = ORIENTED_EDGE('',*,*,#2735,.F.);
#2759 = ORIENTED_EDGE('',*,*,#2760,.T.);
#2760 = EDGE_CURVE('',#2736,#2736,#2761,.T.);
#2761 = ( BOUNDED_CURVE() B_SPLINE_CURVE(2,(#2762,#2763,#2764,#2765,
#2766,#2767,#2768),.UNSPECIFIED.,.T.,.F.) B_SPLINE_CURVE_WITH_KNOTS((3,2
    ,2,3),(3.14159265359,5.235987755983,7.330382858376,9.424777960769),
.PIECEWISE_BEZIER_KNOTS.) CURVE() GEOMETRIC_REPRESENTATION_ITEM() 
RATIONAL_B_SPLINE_CURVE((1.,0.5,1.,0.5,1.,0.5,1.)) REPRESENTATION_ITEM(
  '') );
#2762 = CARTESIAN_POINT('',(8.173209888651,5.448806619499,
    47.949497537085));
#2763 = CARTESIAN_POINT('',(8.173209888651,0.73000173702,47.949497537085
    ));
#2764 = CARTESIAN_POINT('',(4.086604984922,3.089404178259,
    47.949497537085));
#2765 = CARTESIAN_POINT('',(8.119355034879E-08,5.448806619499,
    47.949497537085));
#2766 = CARTESIAN_POINT('',(4.086604984922,7.808209060738,
    47.949497537085));
#2767 = CARTESIAN_POINT('',(8.173209888651,10.167611501978,
    47.949497537085));
#2768 = CARTESIAN_POINT('',(8.173209888651,5.448806619499,
    47.949497537085));
#2769 = ( BOUNDED_SURFACE() B_SPLINE_SURFACE(2,1,(
    (#2770,#2771)
    ,(#2772,#2773)
    ,(#2774,#2775)
    ,(#2776,#2777)
    ,(#2778,#2779)
    ,(#2780,#2781)
    ,(#2782,#2783)
    ,(#2784,#2785)
    ,(#2786,#2787
)),.UNSPECIFIED.,.T.,.F.,.F.) B_SPLINE_SURFACE_WITH_KNOTS((3,2,2,2,3),(2
    ,2),(3.14159265359,4.188790204786,6.28318530718,8.377580409573,
9.424777960769),(0.,7.),.UNSPECIFIED.) GEOMETRIC_REPRESENTATION_ITEM() 
RATIONAL_B_SPLINE_SURFACE((
    (0.75,0.75)
    ,(0.75,0.75)
    ,(1.,1.)
    ,(0.5,0.5)
    ,(1.,1.)
    ,(0.5,0.5)
    ,(1.,1.)
    ,(0.75,0.75)
,(0.75,0.75))) REPRESENTATION_ITEM('') SURFACE() );
#2770 = CARTESIAN_POINT('',(8.173209888651,5.448806619499,
    47.949497537085));
#2771 = CARTESIAN_POINT('',(8.173209888651,5.448806619499,
    40.321168383458));
#2772 = CARTESIAN_POINT('',(8.173209888651,3.875871658672,
    47.949497537085));
#2773 = CARTESIAN_POINT('',(8.173209888651,3.875871658672,
    40.321168383458));
#2774 = CARTESIAN_POINT('',(6.811008254075,3.089404178259,
    47.949497537085));
#2775 = CARTESIAN_POINT('',(6.811008254075,3.089404178259,
    40.321168383458));
#2776 = CARTESIAN_POINT('',(2.724403350346,0.73000173702,47.949497537085
    ));
#2777 = CARTESIAN_POINT('',(2.724403350346,0.73000173702,40.321168383458
    ));
#2778 = CARTESIAN_POINT('',(2.724403350346,5.448806619499,
    47.949497537085));
#2779 = CARTESIAN_POINT('',(2.724403350346,5.448806619499,
    40.321168383458));
#2780 = CARTESIAN_POINT('',(2.724403350346,10.167611501978,
    47.949497537085));
#2781 = CARTESIAN_POINT('',(2.724403350346,10.167611501978,
    40.321168383458));
#2782 = CARTESIAN_POINT('',(6.811008254075,7.808209060738,
    47.949497537085));
#2783 = CARTESIAN_POINT('',(6.811008254075,7.808209060738,
    40.321168383458));
#2784 = CARTESIAN_POINT('',(8.173209888651,7.021741580325,
    47.949497537085));
#2785 = CARTESIAN_POINT('',(8.173209888651,7.021741580325,
    40.321168383458));
#2786 = CARTESIAN_POINT('',(8.173209888651,5.448806619499,
    47.949497537085));
#2787 = CARTESIAN_POINT('',(8.173209888651,5.448806619499,
    40.321168383458));
#2788 = ADVANCED_FACE('',(#2789),#2805,.T.);
#2789 = FACE_BOUND('',#2790,.T.);
#2790 = EDGE_LOOP('',(#2791,#2798,#2799,#2800));
#2791 = ORIENTED_EDGE('',*,*,#2792,.F.);
#2792 = EDGE_CURVE('',#2669,#2793,#2795,.T.);
#2793 = VERTEX_POINT('',#2794);
#2794 = CARTESIAN_POINT('',(5.448806619499,5.449030374456,
    40.321168383458));
#2795 = B_SPLINE_CURVE_WITH_KNOTS('',1,(#2796,#2797),.UNSPECIFIED.,.F.,
  .F.,(2,2),(-1.249797884623,1.249996790637),.PIECEWISE_BEZIER_KNOTS.);
#2796 = CARTESIAN_POINT('',(5.448806619499,8.173209888651,
    40.321168383458));
#2797 = CARTESIAN_POINT('',(5.448806619499,5.449030374456,
    40.321168383458));
#2798 = ORIENTED_EDGE('',*,*,#2751,.F.);
#2799 = ORIENTED_EDGE('',*,*,#2744,.F.);
#2800 = ORIENTED_EDGE('',*,*,#2801,.F.);
#2801 = EDGE_CURVE('',#2793,#2667,#2802,.T.);
#2802 = B_SPLINE_CURVE_WITH_KNOTS('',1,(#2803,#2804),.UNSPECIFIED.,.F.,
  .F.,(2,2),(-41.24999675352,-38.74999676142),.PIECEWISE_BEZIER_KNOTS.);
#2803 = CARTESIAN_POINT('',(5.448806619499,5.449030374456,
    40.321168383458));
#2804 = CARTESIAN_POINT('',(8.173209880028,5.449023379577,
    40.321168383458));
#2805 = B_SPLINE_SURFACE_WITH_KNOTS('',1,1,(
    (#2806,#2807)
    ,(#2808,#2809
    )),.UNSPECIFIED.,.F.,.F.,.F.,(2,2),(2,2),(-2.5,2.5),(-2.5,2.5),
  .PIECEWISE_BEZIER_KNOTS.);
#2806 = CARTESIAN_POINT('',(8.173209888651,8.173209888651,
    40.321168383458));
#2807 = CARTESIAN_POINT('',(8.173209888651,2.724403350346,
    40.321168383458));
#2808 = CARTESIAN_POINT('',(2.724403350346,8.173209888651,
    40.321168383458));
#2809 = CARTESIAN_POINT('',(2.724403350346,2.724403350346,
    40.321168383458));
#2810 = ADVANCED_FACE('',(#2811),#2848,.F.);
#2811 = FACE_BOUND('',#2812,.F.);
#2812 = EDGE_LOOP('',(#2813,#2822,#2828,#2829,#2837,#2838));
#2813 = ORIENTED_EDGE('',*,*,#2814,.T.);
#2814 = EDGE_CURVE('',#2815,#2817,#2819,.T.);
#2815 = VERTEX_POINT('',#2816);
#2816 = CARTESIAN_POINT('',(95.35411442034,5.448806538305,
    47.949497537085));
#2817 = VERTEX_POINT('',#2818);
#2818 = CARTESIAN_POINT('',(95.35411442034,5.448806538305,
    40.321168383458));
#2819 = B_SPLINE_CURVE_WITH_KNOTS('',1,(#2820,#2821),.UNSPECIFIED.,.F.,
  .F.,(2,2),(0.,7.),.PIECEWISE_BEZIER_KNOTS.);
#2820 = CARTESIAN_POINT('',(95.35411442034,5.448806538305,
    47.949497537085));
#2821 = CARTESIAN_POINT('',(95.35411442034,5.448806538305,
    40.321168383458));
#2822 = ORIENTED_EDGE('',*,*,#2823,.F.);
#2823 = EDGE_CURVE('',#2598,#2817,#2824,.T.);
#2824 = ( BOUNDED_CURVE() B_SPLINE_CURVE(2,(#2825,#2826,#2827),
.UNSPECIFIED.,.F.,.F.) B_SPLINE_CURVE_WITH_KNOTS((3,3),(1.570796326795,
3.14159265359),.PIECEWISE_BEZIER_KNOTS.) CURVE() 
GEOMETRIC_REPRESENTATION_ITEM() RATIONAL_B_SPLINE_CURVE((1.,
0.707106781187,1.)) REPRESENTATION_ITEM('') );
#2825 = CARTESIAN_POINT('',(92.629711151187,8.173209807458,
    40.321168383458));
#2826 = CARTESIAN_POINT('',(95.35411442034,8.173209807458,
    40.321168383458));
#2827 = CARTESIAN_POINT('',(95.35411442034,5.448806538305,
    40.321168383458));
#2828 = ORIENTED_EDGE('',*,*,#2597,.T.);
#2829 = ORIENTED_EDGE('',*,*,#2830,.F.);
#2830 = EDGE_CURVE('',#2817,#2600,#2831,.T.);
#2831 = ( BOUNDED_CURVE() B_SPLINE_CURVE(2,(#2832,#2833,#2834,#2835,
#2836),.UNSPECIFIED.,.F.,.F.) B_SPLINE_CURVE_WITH_KNOTS((3,2,3),(
    3.14159265359,4.71239026413,6.28318787467),
.PIECEWISE_BEZIER_KNOTS.) CURVE() GEOMETRIC_REPRESENTATION_ITEM() 
RATIONAL_B_SPLINE_CURVE((1.,0.707106327314,1.,0.707106327314,1.)) 
REPRESENTATION_ITEM('') );
#2832 = CARTESIAN_POINT('',(95.35411442034,5.448806538305,
    40.321168383458));
#2833 = CARTESIAN_POINT('',(95.35411442034,2.72439977171,40.321168383458
    ));
#2834 = CARTESIAN_POINT('',(92.629707653747,2.724403269155,
    40.321168383458));
#2835 = CARTESIAN_POINT('',(89.905300887155,2.724406766599,
    40.321168383458));
#2836 = CARTESIAN_POINT('',(89.905307882044,5.448813533185,
    40.321168383458));
#2837 = ORIENTED_EDGE('',*,*,#2814,.F.);
#2838 = ORIENTED_EDGE('',*,*,#2839,.T.);
#2839 = EDGE_CURVE('',#2815,#2815,#2840,.T.);
#2840 = ( BOUNDED_CURVE() B_SPLINE_CURVE(2,(#2841,#2842,#2843,#2844,
#2845,#2846,#2847),.UNSPECIFIED.,.T.,.F.) B_SPLINE_CURVE_WITH_KNOTS((3,2
    ,2,3),(3.14159265359,5.235987755983,7.330382858376,9.424777960769),
.PIECEWISE_BEZIER_KNOTS.) CURVE() GEOMETRIC_REPRESENTATION_ITEM() 
RATIONAL_B_SPLINE_CURVE((1.,0.5,1.,0.5,1.,0.5,1.)) REPRESENTATION_ITEM(
  '') );
#2841 = CARTESIAN_POINT('',(95.35411442034,5.448806538305,
    47.949497537085));
#2842 = CARTESIAN_POINT('',(95.35411442034,0.730001655826,
    47.949497537085));
#2843 = CARTESIAN_POINT('',(91.267509516611,3.089404097066,
    47.949497537085));
#2844 = CARTESIAN_POINT('',(87.180904612882,5.448806538305,
    47.949497537085));
#2845 = CARTESIAN_POINT('',(91.267509516611,7.808208979545,
    47.949497537085));
#2846 = CARTESIAN_POINT('',(95.35411442034,10.167611420784,
    47.949497537085));
#2847 = CARTESIAN_POINT('',(95.35411442034,5.448806538305,
    47.949497537085));
#2848 = ( BOUNDED_SURFACE() B_SPLINE_SURFACE(2,1,(
    (#2849,#2850)
    ,(#2851,#2852)
    ,(#2853,#2854)
    ,(#2855,#2856)
    ,(#2857,#2858)
    ,(#2859,#2860)
    ,(#2861,#2862)
    ,(#2863,#2864)
    ,(#2865,#2866
)),.UNSPECIFIED.,.T.,.F.,.F.) B_SPLINE_SURFACE_WITH_KNOTS((3,2,2,2,3),(2
    ,2),(3.14159265359,4.188790204786,6.28318530718,8.377580409573,
9.424777960769),(0.,7.),.UNSPECIFIED.) GEOMETRIC_REPRESENTATION_ITEM() 
RATIONAL_B_SPLINE_SURFACE((
    (0.75,0.75)
    ,(0.75,0.75)
    ,(1.,1.)
    ,(0.5,0.5)
    ,(1.,1.)
    ,(0.5,0.5)
    ,(1.,1.)
    ,(0.75,0.75)
,(0.75,0.75))) REPRESENTATION_ITEM('') SURFACE() );
#2849 = CARTESIAN_POINT('',(95.35411442034,5.448806538305,
    47.949497537085));
#2850 = CARTESIAN_POINT('',(95.35411442034,5.448806538305,
    40.321168383458));
#2851 = CARTESIAN_POINT('',(95.35411442034,3.875871577479,
    47.949497537085));
#2852 = CARTESIAN_POINT('',(95.35411442034,3.875871577479,
    40.321168383458));
#2853 = CARTESIAN_POINT('',(93.991912785763,3.089404097066,
    47.949497537085));
#2854 = CARTESIAN_POINT('',(93.991912785763,3.089404097066,
    40.321168383458));
#2855 = CARTESIAN_POINT('',(89.905307882035,0.730001655826,
    47.949497537085));
#2856 = CARTESIAN_POINT('',(89.905307882035,0.730001655826,
    40.321168383458));
#2857 = CARTESIAN_POINT('',(89.905307882035,5.448806538305,
    47.949497537085));
#2858 = CARTESIAN_POINT('',(89.905307882035,5.448806538305,
    40.321168383458));
#2859 = CARTESIAN_POINT('',(89.905307882035,10.167611420784,
    47.949497537085));
#2860 = CARTESIAN_POINT('',(89.905307882035,10.167611420784,
    40.321168383458));
#2861 = CARTESIAN_POINT('',(93.991912785763,7.808208979545,
    47.949497537085));
#2862 = CARTESIAN_POINT('',(93.991912785763,7.808208979545,
    40.321168383458));
#2863 = CARTESIAN_POINT('',(95.35411442034,7.021741499131,
    47.949497537085));
#2864 = CARTESIAN_POINT('',(95.35411442034,7.021741499131,
    40.321168383458));
#2865 = CARTESIAN_POINT('',(95.35411442034,5.448806538305,
    47.949497537085));
#2866 = CARTESIAN_POINT('',(95.35411442034,5.448806538305,
    40.321168383458));
#2867 = ADVANCED_FACE('',(#2868),#2884,.T.);
#2868 = FACE_BOUND('',#2869,.T.);
#2869 = EDGE_LOOP('',(#2870,#2877,#2878,#2879));
#2870 = ORIENTED_EDGE('',*,*,#2871,.F.);
#2871 = EDGE_CURVE('',#2600,#2872,#2874,.T.);
#2872 = VERTEX_POINT('',#2873);
#2873 = CARTESIAN_POINT('',(92.629711151187,5.448806538305,
    40.321168383458));
#2874 = B_SPLINE_CURVE_WITH_KNOTS('',1,(#2875,#2876),.UNSPECIFIED.,.F.,
  .F.,(2,2),(-1.249996790645,1.250003209355),.PIECEWISE_BEZIER_KNOTS.);
#2875 = CARTESIAN_POINT('',(89.905307882044,5.448813533185,
    40.321168383458));
#2876 = CARTESIAN_POINT('',(92.629711151187,5.448806538305,
    40.321168383458));
#2877 = ORIENTED_EDGE('',*,*,#2830,.F.);
#2878 = ORIENTED_EDGE('',*,*,#2823,.F.);
#2879 = ORIENTED_EDGE('',*,*,#2880,.F.);
#2880 = EDGE_CURVE('',#2872,#2598,#2881,.T.);
#2881 = B_SPLINE_CURVE_WITH_KNOTS('',1,(#2882,#2883),.UNSPECIFIED.,.F.,
  .F.,(2,2),(-17.75010269962,-15.25010269962),.PIECEWISE_BEZIER_KNOTS.);
#2882 = CARTESIAN_POINT('',(92.629711151187,5.448806538305,
    40.321168383458));
#2883 = CARTESIAN_POINT('',(92.629711151187,8.173209807458,
    40.321168383458));
#2884 = B_SPLINE_SURFACE_WITH_KNOTS('',1,1,(
    (#2885,#2886)
    ,(#2887,#2888
    )),.UNSPECIFIED.,.F.,.F.,.F.,(2,2),(2,2),(-2.5,2.5),(-2.5,2.5),
  .PIECEWISE_BEZIER_KNOTS.);
#2885 = CARTESIAN_POINT('',(95.35411442034,8.173209807458,
    40.321168383458));
#2886 = CARTESIAN_POINT('',(95.35411442034,2.724403269153,
    40.321168383458));
#2887 = CARTESIAN_POINT('',(89.905307882035,8.173209807458,
    40.321168383458));
#2888 = CARTESIAN_POINT('',(89.905307882035,2.724403269153,
    40.321168383458));
#2889 = ADVANCED_FACE('',(#2890,#2908),#2938,.T.);
#2890 = FACE_BOUND('',#2891,.T.);
#2891 = EDGE_LOOP('',(#2892,#2897,#2898,#2899,#2900,#2905,#2906,#2907));
#2892 = ORIENTED_EDGE('',*,*,#2893,.T.);
#2893 = EDGE_CURVE('',#2336,#2036,#2894,.T.);
#2894 = B_SPLINE_CURVE_WITH_KNOTS('',1,(#2895,#2896),.UNSPECIFIED.,.F.,
  .F.,(2,2),(0.,43.),.PIECEWISE_BEZIER_KNOTS.);
#2895 = CARTESIAN_POINT('',(-2.724403269153,0.,41.410929691119));
#2896 = CARTESIAN_POINT('',(-2.724403269153,46.859736229424,
    41.410929691119));
#2897 = ORIENTED_EDGE('',*,*,#2035,.F.);
#2898 = ORIENTED_EDGE('',*,*,#2073,.F.);
#2899 = ORIENTED_EDGE('',*,*,#2086,.F.);
#2900 = ORIENTED_EDGE('',*,*,#2901,.F.);
#2901 = EDGE_CURVE('',#2313,#2087,#2902,.T.);
#2902 = B_SPLINE_CURVE_WITH_KNOTS('',1,(#2903,#2904),.UNSPECIFIED.,.F.,
  .F.,(2,2),(0.,43.),.PIECEWISE_BEZIER_KNOTS.);
#2903 = CARTESIAN_POINT('',(100.80292095864,0.,41.410929691119));
#2904 = CARTESIAN_POINT('',(100.80292095864,46.859736229424,
    41.410929691119));
#2905 = ORIENTED_EDGE('',*,*,#2312,.F.);
#2906 = ORIENTED_EDGE('',*,*,#2276,.F.);
#2907 = ORIENTED_EDGE('',*,*,#2335,.F.);
#2908 = FACE_BOUND('',#2909,.T.);
#2909 = EDGE_LOOP('',(#2910,#2915,#2916,#2923,#2930,#2935,#2936,#2937));
#2910 = ORIENTED_EDGE('',*,*,#2911,.F.);
#2911 = EDGE_CURVE('',#2156,#1969,#2912,.T.);
#2912 = B_SPLINE_CURVE_WITH_KNOTS('',1,(#2913,#2914),.UNSPECIFIED.,.F.,
  .F.,(2,2),(0.,43.),.PIECEWISE_BEZIER_KNOTS.);
#2913 = CARTESIAN_POINT('',(0.,0.,41.410929691119));
#2914 = CARTESIAN_POINT('',(0.,46.859736229424,41.410929691119));
#2915 = ORIENTED_EDGE('',*,*,#2155,.F.);
#2916 = ORIENTED_EDGE('',*,*,#2917,.T.);
#2917 = EDGE_CURVE('',#2149,#2918,#2920,.T.);
#2918 = VERTEX_POINT('',#2919);
#2919 = CARTESIAN_POINT('',(9.807851915098,-1.634641961492,
    41.41093030819));
#2920 = B_SPLINE_CURVE_WITH_KNOTS('',1,(#2921,#2922),.UNSPECIFIED.,.F.,
  .F.,(2,2),(0.,1.5),.PIECEWISE_BEZIER_KNOTS.);
#2921 = CARTESIAN_POINT('',(9.807851915098,0.,41.410929691119));
#2922 = CARTESIAN_POINT('',(9.807851915098,-1.634641961492,
    41.410929691119));
#2923 = ORIENTED_EDGE('',*,*,#2924,.T.);
#2924 = EDGE_CURVE('',#2918,#2925,#2927,.T.);
#2925 = VERTEX_POINT('',#2926);
#2926 = CARTESIAN_POINT('',(88.229278355513,-1.634641961492,
    41.41093030819));
#2927 = B_SPLINE_CURVE_WITH_KNOTS('',1,(#2928,#2929),.UNSPECIFIED.,.F.,
  .F.,(2,2),(-59.74050525945,12.221516046595),.PIECEWISE_BEZIER_KNOTS.);
#2928 = CARTESIAN_POINT('',(9.807851915098,-1.634641961492,
    41.410929691119));
#2929 = CARTESIAN_POINT('',(88.229278355513,-1.634641961492,
    41.410929691119));
#2930 = ORIENTED_EDGE('',*,*,#2931,.T.);
#2931 = EDGE_CURVE('',#2925,#2225,#2932,.T.);
#2932 = B_SPLINE_CURVE_WITH_KNOTS('',1,(#2933,#2934),.UNSPECIFIED.,.F.,
  .F.,(2,2),(-1.5,0.),.PIECEWISE_BEZIER_KNOTS.);
#2933 = CARTESIAN_POINT('',(88.229278355513,-1.634641961492,
    41.410929691119));
#2934 = CARTESIAN_POINT('',(88.229278355513,0.,41.410929691119));
#2935 = ORIENTED_EDGE('',*,*,#2224,.F.);
#2936 = ORIENTED_EDGE('',*,*,#2118,.T.);
#2937 = ORIENTED_EDGE('',*,*,#1975,.F.);
#2938 = B_SPLINE_SURFACE_WITH_KNOTS('',1,1,(
    (#2939,#2940)
    ,(#2941,#2942
    )),.UNSPECIFIED.,.F.,.F.,.F.,(2,2),(2,2),(0.,95.),(-2.5,45.5),
  .PIECEWISE_BEZIER_KNOTS.);
#2939 = CARTESIAN_POINT('',(100.80292095864,-2.724403269153,
    41.410929691119));
#2940 = CARTESIAN_POINT('',(100.80292095864,49.584139498577,
    41.410929691119));
#2941 = CARTESIAN_POINT('',(-2.724403269153,-2.724403269153,
    41.410929691119));
#2942 = CARTESIAN_POINT('',(-2.724403269153,49.584139498577,
    41.410929691119));
#2943 = ADVANCED_FACE('',(#2944,#2982,#2996,#3010,#3024,#3038,#3052,
    #3066,#3080,#3094,#3116),#3138,.F.);
#2944 = FACE_BOUND('',#2945,.T.);
#2945 = EDGE_LOOP('',(#2946,#2956,#2963,#2971,#2976,#2977));
#2946 = ORIENTED_EDGE('',*,*,#2947,.T.);
#2947 = EDGE_CURVE('',#2948,#2950,#2952,.T.);
#2948 = VERTEX_POINT('',#2949);
#2949 = CARTESIAN_POINT('',(9.807851915098,-1.634641961492,
    28.878674653017));
#2950 = VERTEX_POINT('',#2951);
#2951 = CARTESIAN_POINT('',(37.051884606623,-1.634641961492,
    1.634641961492));
#2952 = ( BOUNDED_CURVE() B_SPLINE_CURVE(2,(#2953,#2954,#2955),
.UNSPECIFIED.,.F.,.F.) B_SPLINE_CURVE_WITH_KNOTS((3,3),(5.497787143782,
7.068583470577),.PIECEWISE_BEZIER_KNOTS.) CURVE() 
GEOMETRIC_REPRESENTATION_ITEM() RATIONAL_B_SPLINE_CURVE((1.,
0.707106781187,1.)) REPRESENTATION_ITEM('') );
#2953 = CARTESIAN_POINT('',(9.807851915098,-1.634641961492,
    28.878674653017));
#2954 = CARTESIAN_POINT('',(9.807851915098,-1.634641961492,
    1.634641961492));
#2955 = CARTESIAN_POINT('',(37.051884606623,-1.634641961492,
    1.634641961492));
#2956 = ORIENTED_EDGE('',*,*,#2957,.F.);
#2957 = EDGE_CURVE('',#2958,#2950,#2960,.T.);
#2958 = VERTEX_POINT('',#2959);
#2959 = CARTESIAN_POINT('',(60.985245663987,-1.634641961492,
    1.634641961492));
#2960 = B_SPLINE_CURVE_WITH_KNOTS('',1,(#2961,#2962),.UNSPECIFIED.,.F.,
  .F.,(2,2),(25.,46.962021306053),.PIECEWISE_BEZIER_KNOTS.);
#2961 = CARTESIAN_POINT('',(60.985245663987,-1.634641961492,
    1.634641961492));
#2962 = CARTESIAN_POINT('',(37.051884606623,-1.634641961492,
    1.634641961492));
#2963 = ORIENTED_EDGE('',*,*,#2964,.T.);
#2964 = EDGE_CURVE('',#2958,#2965,#2967,.T.);
#2965 = VERTEX_POINT('',#2966);
#2966 = CARTESIAN_POINT('',(88.229278355513,-1.634641961492,
    28.878674653017));
#2967 = ( BOUNDED_CURVE() B_SPLINE_CURVE(2,(#2968,#2969,#2970),
.UNSPECIFIED.,.F.,.F.) B_SPLINE_CURVE_WITH_KNOTS((3,3),(5.497787143782,
7.068583470577),.PIECEWISE_BEZIER_KNOTS.) CURVE() 
GEOMETRIC_REPRESENTATION_ITEM() RATIONAL_B_SPLINE_CURVE((1.,
0.707106781187,1.)) REPRESENTATION_ITEM('') );
#2968 = CARTESIAN_POINT('',(60.985245663987,-1.634641961492,
    1.634641961492));
#2969 = CARTESIAN_POINT('',(88.229278355513,-1.634641961492,
    1.634641961492));
#2970 = CARTESIAN_POINT('',(88.229278355513,-1.634641961492,
    28.878674653017));
#2971 = ORIENTED_EDGE('',*,*,#2972,.F.);
#2972 = EDGE_CURVE('',#2925,#2965,#2973,.T.);
#2973 = B_SPLINE_CURVE_WITH_KNOTS('',1,(#2974,#2975),.UNSPECIFIED.,.F.,
  .F.,(2,2),(0.,11.500000566244),.PIECEWISE_BEZIER_KNOTS.);
#2974 = CARTESIAN_POINT('',(88.229278355513,-1.634641961492,
    41.41093030819));
#2975 = CARTESIAN_POINT('',(88.229278355513,-1.634641961492,
    28.878674653017));
#2976 = ORIENTED_EDGE('',*,*,#2924,.F.);
#2977 = ORIENTED_EDGE('',*,*,#2978,.F.);
#2978 = EDGE_CURVE('',#2948,#2918,#2979,.T.);
#2979 = B_SPLINE_CURVE_WITH_KNOTS('',1,(#2980,#2981),.UNSPECIFIED.,.F.,
  .F.,(2,2),(25.,36.500000566244),.PIECEWISE_BEZIER_KNOTS.);
#2980 = CARTESIAN_POINT('',(9.807851915098,-1.634641961492,
    28.878674653017));
#2981 = CARTESIAN_POINT('',(9.807851915098,-1.634641961492,
    41.41093030819));
#2982 = FACE_BOUND('',#2983,.T.);
#2983 = EDGE_LOOP('',(#2984));
#2984 = ORIENTED_EDGE('',*,*,#2985,.T.);
#2985 = EDGE_CURVE('',#2986,#2986,#2988,.T.);
#2986 = VERTEX_POINT('',#2987);
#2987 = CARTESIAN_POINT('',(67.311648563509,-1.634641961492,
    35.96212332332));
#2988 = ( BOUNDED_CURVE() B_SPLINE_CURVE(2,(#2989,#2990,#2991,#2992,
#2993,#2994,#2995),.UNSPECIFIED.,.T.,.F.) B_SPLINE_CURVE_WITH_KNOTS((3,2
    ,2,3),(3.14159265359,5.235987755983,7.330382858376,9.424777960769),
.PIECEWISE_BEZIER_KNOTS.) CURVE() GEOMETRIC_REPRESENTATION_ITEM() 
RATIONAL_B_SPLINE_CURVE((1.,0.5,1.,0.5,1.,0.5,1.)) REPRESENTATION_ITEM(
  '') );
#2989 = CARTESIAN_POINT('',(67.311648563509,-1.634641961492,
    35.96212332332));
#2990 = CARTESIAN_POINT('',(67.311648563509,-1.634641961492,
    37.849645276312));
#2991 = CARTESIAN_POINT('',(68.946290525001,-1.634641961492,
    36.905884299816));
#2992 = CARTESIAN_POINT('',(70.580932486492,-1.634641961492,
    35.96212332332));
#2993 = CARTESIAN_POINT('',(68.946290525001,-1.634641961492,
    35.018362346824));
#2994 = CARTESIAN_POINT('',(67.311648563509,-1.634641961492,
    34.074601370329));
#2995 = CARTESIAN_POINT('',(67.311648563509,-1.634641961492,
    35.96212332332));
#2996 = FACE_BOUND('',#2997,.T.);
#2997 = EDGE_LOOP('',(#2998));
#2998 = ORIENTED_EDGE('',*,*,#2999,.T.);
#2999 = EDGE_CURVE('',#3000,#3000,#3002,.T.);
#3000 = VERTEX_POINT('',#3001);
#3001 = CARTESIAN_POINT('',(40.533297102101,-1.634641961492,
    23.974748939049));
#3002 = ( BOUNDED_CURVE() B_SPLINE_CURVE(2,(#3003,#3004,#3005,#3006,
#3007,#3008,#3009),.UNSPECIFIED.,.T.,.F.) B_SPLINE_CURVE_WITH_KNOTS((3,2
    ,2,3),(3.14159265359,5.235987755983,7.330382858376,9.424777960769),
.PIECEWISE_BEZIER_KNOTS.) CURVE() GEOMETRIC_REPRESENTATION_ITEM() 
RATIONAL_B_SPLINE_CURVE((1.,0.5,1.,0.5,1.,0.5,1.)) REPRESENTATION_ITEM(
  '') );
#3003 = CARTESIAN_POINT('',(40.533297102101,-1.634641961492,
    23.974748939049));
#3004 = CARTESIAN_POINT('',(40.533297102101,-1.634641961492,
    25.862270892041));
#3005 = CARTESIAN_POINT('',(42.167939063592,-1.634641961492,
    24.918509915545));
#3006 = CARTESIAN_POINT('',(43.802581025084,-1.634641961492,
    23.974748939049));
#3007 = CARTESIAN_POINT('',(42.167939063592,-1.634641961492,
    23.030987962553));
#3008 = CARTESIAN_POINT('',(40.533297102101,-1.634641961492,
    22.087226986057));
#3009 = CARTESIAN_POINT('',(40.533297102101,-1.634641961492,
    23.974748939049));
#3010 = FACE_BOUND('',#3011,.T.);
#3011 = EDGE_LOOP('',(#3012));
#3012 = ORIENTED_EDGE('',*,*,#3013,.T.);
#3013 = EDGE_CURVE('',#3014,#3014,#3016,.T.);
#3014 = VERTEX_POINT('',#3015);
#3015 = CARTESIAN_POINT('',(28.54592271783,-1.634641961492,
    11.987374554778));
#3016 = ( BOUNDED_CURVE() B_SPLINE_CURVE(2,(#3017,#3018,#3019,#3020,
#3021,#3022,#3023),.UNSPECIFIED.,.T.,.F.) B_SPLINE_CURVE_WITH_KNOTS((3,2
    ,2,3),(3.14159265359,5.235987755983,7.330382858376,9.424777960769),
.PIECEWISE_BEZIER_KNOTS.) CURVE() GEOMETRIC_REPRESENTATION_ITEM() 
RATIONAL_B_SPLINE_CURVE((1.,0.5,1.,0.5,1.,0.5,1.)) REPRESENTATION_ITEM(
  '') );
#3017 = CARTESIAN_POINT('',(28.54592271783,-1.634641961492,
    11.987374554778));
#3018 = CARTESIAN_POINT('',(28.54592271783,-1.634641961492,
    13.874896507769));
#3019 = CARTESIAN_POINT('',(30.180564679321,-1.634641961492,
    12.931135531274));
#3020 = CARTESIAN_POINT('',(31.815206640813,-1.634641961492,
    11.987374554778));
#3021 = CARTESIAN_POINT('',(30.180564679321,-1.634641961492,
    11.043613578282));
#3022 = CARTESIAN_POINT('',(28.54592271783,-1.634641961492,
    10.099852601786));
#3023 = CARTESIAN_POINT('',(28.54592271783,-1.634641961492,
    11.987374554778));
#3024 = FACE_BOUND('',#3025,.T.);
#3025 = EDGE_LOOP('',(#3026));
#3026 = ORIENTED_EDGE('',*,*,#3027,.T.);
#3027 = EDGE_CURVE('',#3028,#3028,#3030,.T.);
#3028 = VERTEX_POINT('',#3029);
#3029 = CARTESIAN_POINT('',(67.311648563509,-1.634641961492,
    11.987374554778));
#3030 = ( BOUNDED_CURVE() B_SPLINE_CURVE(2,(#3031,#3032,#3033,#3034,
#3035,#3036,#3037),.UNSPECIFIED.,.T.,.F.) B_SPLINE_CURVE_WITH_KNOTS((3,2
    ,2,3),(3.14159265359,5.235987755983,7.330382858376,9.424777960769),
.PIECEWISE_BEZIER_KNOTS.) CURVE() GEOMETRIC_REPRESENTATION_ITEM() 
RATIONAL_B_SPLINE_CURVE((1.,0.5,1.,0.5,1.,0.5,1.)) REPRESENTATION_ITEM(
  '') );
#3031 = CARTESIAN_POINT('',(67.311648563509,-1.634641961492,
    11.987374554778));
#3032 = CARTESIAN_POINT('',(67.311648563509,-1.634641961492,
    13.874896507769));
#3033 = CARTESIAN_POINT('',(68.946290525001,-1.634641961492,
    12.931135531274));
#3034 = CARTESIAN_POINT('',(70.580932486492,-1.634641961492,
    11.987374554778));
#3035 = CARTESIAN_POINT('',(68.946290525001,-1.634641961492,
    11.043613578282));
#3036 = CARTESIAN_POINT('',(67.311648563509,-1.634641961492,
    10.099852601786));
#3037 = CARTESIAN_POINT('',(67.311648563509,-1.634641961492,
    11.987374554778));
#3038 = FACE_BOUND('',#3039,.T.);
#3039 = EDGE_LOOP('',(#3040));
#3040 = ORIENTED_EDGE('',*,*,#3041,.T.);
#3041 = EDGE_CURVE('',#3042,#3042,#3044,.T.);
#3042 = VERTEX_POINT('',#3043);
#3043 = CARTESIAN_POINT('',(79.29902294778,-1.634641961492,
    23.974748939049));
#3044 = ( BOUNDED_CURVE() B_SPLINE_CURVE(2,(#3045,#3046,#3047,#3048,
#3049,#3050,#3051),.UNSPECIFIED.,.T.,.F.) B_SPLINE_CURVE_WITH_KNOTS((3,2
    ,2,3),(3.14159265359,5.235987755983,7.330382858376,9.424777960769),
.PIECEWISE_BEZIER_KNOTS.) CURVE() GEOMETRIC_REPRESENTATION_ITEM() 
RATIONAL_B_SPLINE_CURVE((1.,0.5,1.,0.5,1.,0.5,1.)) REPRESENTATION_ITEM(
  '') );
#3045 = CARTESIAN_POINT('',(79.29902294778,-1.634641961492,
    23.974748939049));
#3046 = CARTESIAN_POINT('',(79.29902294778,-1.634641961492,
    25.862270892041));
#3047 = CARTESIAN_POINT('',(80.933664909272,-1.634641961492,
    24.918509915545));
#3048 = CARTESIAN_POINT('',(82.568306870764,-1.634641961492,
    23.974748939049));
#3049 = CARTESIAN_POINT('',(80.933664909272,-1.634641961492,
    23.030987962553));
#3050 = CARTESIAN_POINT('',(79.29902294778,-1.634641961492,
    22.087226986057));
#3051 = CARTESIAN_POINT('',(79.29902294778,-1.634641961492,
    23.974748939049));
#3052 = FACE_BOUND('',#3053,.T.);
#3053 = EDGE_LOOP('',(#3054));
#3054 = ORIENTED_EDGE('',*,*,#3055,.T.);
#3055 = EDGE_CURVE('',#3056,#3056,#3058,.T.);
#3056 = VERTEX_POINT('',#3057);
#3057 = CARTESIAN_POINT('',(28.54592271783,-1.634641961492,
    35.96212332332));
#3058 = ( BOUNDED_CURVE() B_SPLINE_CURVE(2,(#3059,#3060,#3061,#3062,
#3063,#3064,#3065),.UNSPECIFIED.,.T.,.F.) B_SPLINE_CURVE_WITH_KNOTS((3,2
    ,2,3),(3.14159265359,5.235987755983,7.330382858376,9.424777960769),
.PIECEWISE_BEZIER_KNOTS.) CURVE() GEOMETRIC_REPRESENTATION_ITEM() 
RATIONAL_B_SPLINE_CURVE((1.,0.5,1.,0.5,1.,0.5,1.)) REPRESENTATION_ITEM(
  '') );
#3059 = CARTESIAN_POINT('',(28.54592271783,-1.634641961492,
    35.96212332332));
#3060 = CARTESIAN_POINT('',(28.54592271783,-1.634641961492,
    37.849645276312));
#3061 = CARTESIAN_POINT('',(30.180564679321,-1.634641961492,
    36.905884299816));
#3062 = CARTESIAN_POINT('',(31.815206640813,-1.634641961492,
    35.96212332332));
#3063 = CARTESIAN_POINT('',(30.180564679321,-1.634641961492,
    35.018362346824));
#3064 = CARTESIAN_POINT('',(28.54592271783,-1.634641961492,
    34.074601370329));
#3065 = CARTESIAN_POINT('',(28.54592271783,-1.634641961492,
    35.96212332332));
#3066 = FACE_BOUND('',#3067,.T.);
#3067 = EDGE_LOOP('',(#3068));
#3068 = ORIENTED_EDGE('',*,*,#3069,.T.);
#3069 = EDGE_CURVE('',#3070,#3070,#3072,.T.);
#3070 = VERTEX_POINT('',#3071);
#3071 = CARTESIAN_POINT('',(16.558548333558,-1.634641961492,
    23.974748939049));
#3072 = ( BOUNDED_CURVE() B_SPLINE_CURVE(2,(#3073,#3074,#3075,#3076,
#3077,#3078,#3079),.UNSPECIFIED.,.T.,.F.) B_SPLINE_CURVE_WITH_KNOTS((3,2
    ,2,3),(3.14159265359,5.235987755983,7.330382858376,9.424777960769),
.PIECEWISE_BEZIER_KNOTS.) CURVE() GEOMETRIC_REPRESENTATION_ITEM() 
RATIONAL_B_SPLINE_CURVE((1.,0.5,1.,0.5,1.,0.5,1.)) REPRESENTATION_ITEM(
  '') );
#3073 = CARTESIAN_POINT('',(16.558548333558,-1.634641961492,
    23.974748939049));
#3074 = CARTESIAN_POINT('',(16.558548333558,-1.634641961492,
    25.862270892041));
#3075 = CARTESIAN_POINT('',(18.19319029505,-1.634641961492,
    24.918509915545));
#3076 = CARTESIAN_POINT('',(19.827832256541,-1.634641961492,
    23.974748939049));
#3077 = CARTESIAN_POINT('',(18.19319029505,-1.634641961492,
    23.030987962553));
#3078 = CARTESIAN_POINT('',(16.558548333558,-1.634641961492,
    22.087226986057));
#3079 = CARTESIAN_POINT('',(16.558548333558,-1.634641961492,
    23.974748939049));
#3080 = FACE_BOUND('',#3081,.T.);
#3081 = EDGE_LOOP('',(#3082));
#3082 = ORIENTED_EDGE('',*,*,#3083,.T.);
#3083 = EDGE_CURVE('',#3084,#3084,#3086,.T.);
#3084 = VERTEX_POINT('',#3085);
#3085 = CARTESIAN_POINT('',(55.324274179238,-1.634641961492,
    23.974748939049));
#3086 = ( BOUNDED_CURVE() B_SPLINE_CURVE(2,(#3087,#3088,#3089,#3090,
#3091,#3092,#3093),.UNSPECIFIED.,.T.,.F.) B_SPLINE_CURVE_WITH_KNOTS((3,2
    ,2,3),(3.14159265359,5.235987755983,7.330382858376,9.424777960769),
.PIECEWISE_BEZIER_KNOTS.) CURVE() GEOMETRIC_REPRESENTATION_ITEM() 
RATIONAL_B_SPLINE_CURVE((1.,0.5,1.,0.5,1.,0.5,1.)) REPRESENTATION_ITEM(
  '') );
#3087 = CARTESIAN_POINT('',(55.324274179238,-1.634641961492,
    23.974748939049));
#3088 = CARTESIAN_POINT('',(55.324274179238,-1.634641961492,
    25.862270892041));
#3089 = CARTESIAN_POINT('',(56.958916140729,-1.634641961492,
    24.918509915545));
#3090 = CARTESIAN_POINT('',(58.593558102221,-1.634641961492,
    23.974748939049));
#3091 = CARTESIAN_POINT('',(56.958916140729,-1.634641961492,
    23.030987962553));
#3092 = CARTESIAN_POINT('',(55.324274179238,-1.634641961492,
    22.087226986057));
#3093 = CARTESIAN_POINT('',(55.324274179238,-1.634641961492,
    23.974748939049));
#3094 = FACE_BOUND('',#3095,.T.);
#3095 = EDGE_LOOP('',(#3096,#3108));
#3096 = ORIENTED_EDGE('',*,*,#3097,.T.);
#3097 = EDGE_CURVE('',#3098,#3100,#3102,.T.);
#3098 = VERTEX_POINT('',#3099);
#3099 = CARTESIAN_POINT('',(68.40140987117,-1.634641961492,
    16.346419785397));
#3100 = VERTEX_POINT('',#3101);
#3101 = CARTESIAN_POINT('',(68.40140987117,-1.634641961492,
    31.603078092701));
#3102 = ( BOUNDED_CURVE() B_SPLINE_CURVE(2,(#3103,#3104,#3105,#3106,
#3107),.UNSPECIFIED.,.F.,.F.) B_SPLINE_CURVE_WITH_KNOTS((3,2,3),(
    1.570796326795,3.14159265359,4.712388980385),
.PIECEWISE_BEZIER_KNOTS.) CURVE() GEOMETRIC_REPRESENTATION_ITEM() 
RATIONAL_B_SPLINE_CURVE((1.,0.707106781187,1.,0.707106781187,1.)) 
REPRESENTATION_ITEM('') );
#3103 = CARTESIAN_POINT('',(68.40140987117,-1.634641961492,
    16.346419785372));
#3104 = CARTESIAN_POINT('',(60.773080717493,-1.634641961492,
    16.346419785372));
#3105 = CARTESIAN_POINT('',(60.773080717493,-1.634641961492,
    23.974748939049));
#3106 = CARTESIAN_POINT('',(60.773080717493,-1.634641961492,
    31.603078092726));
#3107 = CARTESIAN_POINT('',(68.40140987117,-1.634641961492,
    31.603078092726));
#3108 = ORIENTED_EDGE('',*,*,#3109,.T.);
#3109 = EDGE_CURVE('',#3100,#3098,#3110,.T.);
#3110 = ( BOUNDED_CURVE() B_SPLINE_CURVE(2,(#3111,#3112,#3113,#3114,
#3115),.UNSPECIFIED.,.F.,.F.) B_SPLINE_CURVE_WITH_KNOTS((3,2,3),(
    4.712388980385,6.28318530718,7.853981633974),
.PIECEWISE_BEZIER_KNOTS.) CURVE() GEOMETRIC_REPRESENTATION_ITEM() 
RATIONAL_B_SPLINE_CURVE((1.,0.707106781187,1.,0.707106781187,1.)) 
REPRESENTATION_ITEM('') );
#3111 = CARTESIAN_POINT('',(68.40140987117,-1.634641961492,
    31.603078092726));
#3112 = CARTESIAN_POINT('',(76.029739024848,-1.634641961492,
    31.603078092726));
#3113 = CARTESIAN_POINT('',(76.029739024848,-1.634641961492,
    23.974748939049));
#3114 = CARTESIAN_POINT('',(76.029739024848,-1.634641961492,
    16.346419785372));
#3115 = CARTESIAN_POINT('',(68.40140987117,-1.634641961492,
    16.346419785372));
#3116 = FACE_BOUND('',#3117,.T.);
#3117 = EDGE_LOOP('',(#3118,#3130));
#3118 = ORIENTED_EDGE('',*,*,#3119,.T.);
#3119 = EDGE_CURVE('',#3120,#3122,#3124,.T.);
#3120 = VERTEX_POINT('',#3121);
#3121 = CARTESIAN_POINT('',(29.635684025491,-1.634641961492,
    16.346419785397));
#3122 = VERTEX_POINT('',#3123);
#3123 = CARTESIAN_POINT('',(29.635684025491,-1.634641961492,
    31.603078092701));
#3124 = ( BOUNDED_CURVE() B_SPLINE_CURVE(2,(#3125,#3126,#3127,#3128,
#3129),.UNSPECIFIED.,.F.,.F.) B_SPLINE_CURVE_WITH_KNOTS((3,2,3),(
    1.570796326795,3.14159265359,4.712388980385),
.PIECEWISE_BEZIER_KNOTS.) CURVE() GEOMETRIC_REPRESENTATION_ITEM() 
RATIONAL_B_SPLINE_CURVE((1.,0.707106781187,1.,0.707106781187,1.)) 
REPRESENTATION_ITEM('') );
#3125 = CARTESIAN_POINT('',(29.635684025491,-1.634641961492,
    16.346419785372));
#3126 = CARTESIAN_POINT('',(22.007354871813,-1.634641961492,
    16.346419785372));
#3127 = CARTESIAN_POINT('',(22.007354871813,-1.634641961492,
    23.974748939049));
#3128 = CARTESIAN_POINT('',(22.007354871813,-1.634641961492,
    31.603078092726));
#3129 = CARTESIAN_POINT('',(29.635684025491,-1.634641961492,
    31.603078092726));
#3130 = ORIENTED_EDGE('',*,*,#3131,.T.);
#3131 = EDGE_CURVE('',#3122,#3120,#3132,.T.);
#3132 = ( BOUNDED_CURVE() B_SPLINE_CURVE(2,(#3133,#3134,#3135,#3136,
#3137),.UNSPECIFIED.,.F.,.F.) B_SPLINE_CURVE_WITH_KNOTS((3,2,3),(
    4.712388980385,6.28318530718,7.853981633974),
.PIECEWISE_BEZIER_KNOTS.) CURVE() GEOMETRIC_REPRESENTATION_ITEM() 
RATIONAL_B_SPLINE_CURVE((1.,0.707106781187,1.,0.707106781187,1.)) 
REPRESENTATION_ITEM('') );
#3133 = CARTESIAN_POINT('',(29.635684025491,-1.634641961492,
    31.603078092726));
#3134 = CARTESIAN_POINT('',(37.264013179168,-1.634641961492,
    31.603078092726));
#3135 = CARTESIAN_POINT('',(37.264013179168,-1.634641961492,
    23.974748939049));
#3136 = CARTESIAN_POINT('',(37.264013179168,-1.634641961492,
    16.346419785372));
#3137 = CARTESIAN_POINT('',(29.635684025491,-1.634641961492,
    16.346419785372));
#3138 = B_SPLINE_SURFACE_WITH_KNOTS('',1,1,(
    (#3139,#3140)
    ,(#3141,#3142
    )),.UNSPECIFIED.,.F.,.F.,.F.,(2,2),(2,2),(-18.25000028312,
    18.250000283122),(-35.98101065302,35.981010653027),
  .PIECEWISE_BEZIER_KNOTS.);
#3139 = CARTESIAN_POINT('',(9.807851915098,-1.634641961492,
    1.634641961492));
#3140 = CARTESIAN_POINT('',(88.229278355513,-1.634641961492,
    1.634641961492));
#3141 = CARTESIAN_POINT('',(9.807851915098,-1.634641961492,
    41.41093030819));
#3142 = CARTESIAN_POINT('',(88.229278355513,-1.634641961492,
    41.41093030819));
#3143 = ADVANCED_FACE('',(#3144),#3158,.F.);
#3144 = FACE_BOUND('',#3145,.T.);
#3145 = EDGE_LOOP('',(#3146,#3151,#3152,#3157));
#3146 = ORIENTED_EDGE('',*,*,#3147,.T.);
#3147 = EDGE_CURVE('',#2950,#2247,#3148,.T.);
#3148 = B_SPLINE_CURVE_WITH_KNOTS('',1,(#3149,#3150),.UNSPECIFIED.,.F.,
  .F.,(2,2),(-1.5,0.),.PIECEWISE_BEZIER_KNOTS.);
#3149 = CARTESIAN_POINT('',(37.051884606623,-1.634641961492,
    1.634641961492));
#3150 = CARTESIAN_POINT('',(37.051884606623,0.,1.634641961492));
#3151 = ORIENTED_EDGE('',*,*,#2246,.F.);
#3152 = ORIENTED_EDGE('',*,*,#3153,.T.);
#3153 = EDGE_CURVE('',#2239,#2958,#3154,.T.);
#3154 = B_SPLINE_CURVE_WITH_KNOTS('',1,(#3155,#3156),.UNSPECIFIED.,.F.,
  .F.,(2,2),(0.,1.5),.PIECEWISE_BEZIER_KNOTS.);
#3155 = CARTESIAN_POINT('',(60.985245663987,0.,1.634641961492));
#3156 = CARTESIAN_POINT('',(60.985245663987,-1.634641961492,
    1.634641961492));
#3157 = ORIENTED_EDGE('',*,*,#2957,.T.);
#3158 = B_SPLINE_SURFACE_WITH_KNOTS('',1,1,(
    (#3159,#3160)
    ,(#3161,#3162
    )),.UNSPECIFIED.,.F.,.F.,.F.,(2,2),(2,2),(25.,46.962021306053),(0.,
    1.5),.PIECEWISE_BEZIER_KNOTS.);
#3159 = CARTESIAN_POINT('',(60.985245663987,0.,1.634641961492));
#3160 = CARTESIAN_POINT('',(60.985245663987,-1.634641961492,
    1.634641961492));
#3161 = CARTESIAN_POINT('',(37.051884606623,0.,1.634641961492));
#3162 = CARTESIAN_POINT('',(37.051884606623,-1.634641961492,
    1.634641961492));
#3163 = ADVANCED_FACE('',(#3164),#3174,.F.);
#3164 = FACE_BOUND('',#3165,.T.);
#3165 = EDGE_LOOP('',(#3166,#3171,#3172,#3173));
#3166 = ORIENTED_EDGE('',*,*,#3167,.T.);
#3167 = EDGE_CURVE('',#2965,#2232,#3168,.T.);
#3168 = B_SPLINE_CURVE_WITH_KNOTS('',1,(#3169,#3170),.UNSPECIFIED.,.F.,
  .F.,(2,2),(-1.5,0.),.PIECEWISE_BEZIER_KNOTS.);
#3169 = CARTESIAN_POINT('',(88.229278355513,-1.634641961492,
    28.878674653017));
#3170 = CARTESIAN_POINT('',(88.229278355513,0.,28.878674653017));
#3171 = ORIENTED_EDGE('',*,*,#2231,.F.);
#3172 = ORIENTED_EDGE('',*,*,#2931,.F.);
#3173 = ORIENTED_EDGE('',*,*,#2972,.T.);
#3174 = B_SPLINE_SURFACE_WITH_KNOTS('',1,1,(
    (#3175,#3176)
    ,(#3177,#3178
    )),.UNSPECIFIED.,.F.,.F.,.F.,(2,2),(2,2),(0.,11.500000566244),(0.,
    1.5),.PIECEWISE_BEZIER_KNOTS.);
#3175 = CARTESIAN_POINT('',(88.229278355513,0.,41.41093030819));
#3176 = CARTESIAN_POINT('',(88.229278355513,-1.634641961492,
    41.41093030819));
#3177 = CARTESIAN_POINT('',(88.229278355513,0.,28.878674653017));
#3178 = CARTESIAN_POINT('',(88.229278355513,-1.634641961492,
    28.878674653017));
#3179 = ADVANCED_FACE('',(#3180),#3186,.T.);
#3180 = FACE_BOUND('',#3181,.T.);
#3181 = EDGE_LOOP('',(#3182,#3183,#3184,#3185));
#3182 = ORIENTED_EDGE('',*,*,#2964,.F.);
#3183 = ORIENTED_EDGE('',*,*,#3153,.F.);
#3184 = ORIENTED_EDGE('',*,*,#2238,.F.);
#3185 = ORIENTED_EDGE('',*,*,#3167,.F.);
#3186 = ( BOUNDED_SURFACE() B_SPLINE_SURFACE(2,1,(
    (#3187,#3188)
    ,(#3189,#3190)
    ,(#3191,#3192
)),.UNSPECIFIED.,.F.,.F.,.F.) B_SPLINE_SURFACE_WITH_KNOTS((3,3),(2,2),(
    -0.785398163397,0.785398163397),(-1.5,0.),.PIECEWISE_BEZIER_KNOTS.) 
GEOMETRIC_REPRESENTATION_ITEM() RATIONAL_B_SPLINE_SURFACE((
    (1.,1.)
    ,(0.707106781187,0.707106781187)
,(1.,1.))) REPRESENTATION_ITEM('') SURFACE() );
#3187 = CARTESIAN_POINT('',(88.229278355513,-1.634641961492,
    28.878674653017));
#3188 = CARTESIAN_POINT('',(88.229278355513,0.,28.878674653017));
#3189 = CARTESIAN_POINT('',(88.229278355513,-1.634641961492,
    1.634641961492));
#3190 = CARTESIAN_POINT('',(88.229278355513,0.,1.634641961492));
#3191 = CARTESIAN_POINT('',(60.985245663987,-1.634641961492,
    1.634641961492));
#3192 = CARTESIAN_POINT('',(60.985245663987,0.,1.634641961492));
#3193 = ADVANCED_FACE('',(#3194),#3204,.F.);
#3194 = FACE_BOUND('',#3195,.T.);
#3195 = EDGE_LOOP('',(#3196,#3201,#3202,#3203));
#3196 = ORIENTED_EDGE('',*,*,#3197,.T.);
#3197 = EDGE_CURVE('',#2147,#2948,#3198,.T.);
#3198 = B_SPLINE_CURVE_WITH_KNOTS('',1,(#3199,#3200),.UNSPECIFIED.,.F.,
  .F.,(2,2),(0.,1.5),.PIECEWISE_BEZIER_KNOTS.);
#3199 = CARTESIAN_POINT('',(9.807851915098,0.,28.878674653017));
#3200 = CARTESIAN_POINT('',(9.807851915098,-1.634641961492,
    28.878674653017));
#3201 = ORIENTED_EDGE('',*,*,#2978,.T.);
#3202 = ORIENTED_EDGE('',*,*,#2917,.F.);
#3203 = ORIENTED_EDGE('',*,*,#2146,.F.);
#3204 = B_SPLINE_SURFACE_WITH_KNOTS('',1,1,(
    (#3205,#3206)
    ,(#3207,#3208
    )),.UNSPECIFIED.,.F.,.F.,.F.,(2,2),(2,2),(25.,36.500000566244),(0.,
    1.5),.PIECEWISE_BEZIER_KNOTS.);
#3205 = CARTESIAN_POINT('',(9.807851915098,0.,28.878674653017));
#3206 = CARTESIAN_POINT('',(9.807851915098,-1.634641961492,
    28.878674653017));
#3207 = CARTESIAN_POINT('',(9.807851915098,0.,41.41093030819));
#3208 = CARTESIAN_POINT('',(9.807851915098,-1.634641961492,
    41.41093030819));
#3209 = ADVANCED_FACE('',(#3210),#3216,.T.);
#3210 = FACE_BOUND('',#3211,.T.);
#3211 = EDGE_LOOP('',(#3212,#3213,#3214,#3215));
#3212 = ORIENTED_EDGE('',*,*,#2947,.F.);
#3213 = ORIENTED_EDGE('',*,*,#3197,.F.);
#3214 = ORIENTED_EDGE('',*,*,#2253,.F.);
#3215 = ORIENTED_EDGE('',*,*,#3147,.F.);
#3216 = ( BOUNDED_SURFACE() B_SPLINE_SURFACE(2,1,(
    (#3217,#3218)
    ,(#3219,#3220)
    ,(#3221,#3222
)),.UNSPECIFIED.,.F.,.F.,.F.) B_SPLINE_SURFACE_WITH_KNOTS((3,3),(2,2),(
    -0.785398163397,0.785398163397),(-1.5,0.),.PIECEWISE_BEZIER_KNOTS.) 
GEOMETRIC_REPRESENTATION_ITEM() RATIONAL_B_SPLINE_SURFACE((
    (1.,1.)
    ,(0.707106781187,0.707106781187)
,(1.,1.))) REPRESENTATION_ITEM('') SURFACE() );
#3217 = CARTESIAN_POINT('',(37.051884606623,-1.634641961492,
    1.634641961492));
#3218 = CARTESIAN_POINT('',(37.051884606623,0.,1.634641961492));
#3219 = CARTESIAN_POINT('',(9.807851915098,-1.634641961492,
    1.634641961492));
#3220 = CARTESIAN_POINT('',(9.807851915098,0.,1.634641961492));
#3221 = CARTESIAN_POINT('',(9.807851915098,-1.634641961492,
    28.878674653017));
#3222 = CARTESIAN_POINT('',(9.807851915098,0.,28.878674653017));
#3223 = ADVANCED_FACE('',(#3224),#3256,.T.);
#3224 = FACE_BOUND('',#3225,.T.);
#3225 = EDGE_LOOP('',(#3226,#3238,#3245,#3255));
#3226 = ORIENTED_EDGE('',*,*,#3227,.F.);
#3227 = EDGE_CURVE('',#3228,#3228,#3230,.T.);
#3228 = VERTEX_POINT('',#3229);
#3229 = CARTESIAN_POINT('',(52.055008443102,7.083448499797,
    23.974748939049));
#3230 = ( BOUNDED_CURVE() B_SPLINE_CURVE(2,(#3231,#3232,#3233,#3234,
#3235,#3236,#3237),.UNSPECIFIED.,.T.,.F.) B_SPLINE_CURVE_WITH_KNOTS((3,2
    ,2,3),(3.14159265359,5.235987755983,7.330382858376,9.424777960769),
.PIECEWISE_BEZIER_KNOTS.) CURVE() GEOMETRIC_REPRESENTATION_ITEM() 
RATIONAL_B_SPLINE_CURVE((1.,0.5,1.,0.5,1.,0.5,1.)) REPRESENTATION_ITEM(
  '') );
#3231 = CARTESIAN_POINT('',(52.055008443102,7.083448499797,
    23.974748939049));
#3232 = CARTESIAN_POINT('',(52.055008443102,7.083448499797,
    52.287578233923));
#3233 = CARTESIAN_POINT('',(76.574637865475,7.083448499797,
    38.131163586486));
#3234 = CARTESIAN_POINT('',(101.09426728784,7.083448499797,
    23.974748939049));
#3235 = CARTESIAN_POINT('',(76.574637865475,7.083448499797,
    9.818334291612));
#3236 = CARTESIAN_POINT('',(52.055008443102,7.083448499797,
    -4.338080355825));
#3237 = CARTESIAN_POINT('',(52.055008443102,7.083448499797,
    23.974748939049));
#3238 = ORIENTED_EDGE('',*,*,#3239,.T.);
#3239 = EDGE_CURVE('',#3228,#3240,#3242,.T.);
#3240 = VERTEX_POINT('',#3241);
#3241 = CARTESIAN_POINT('',(52.055008443102,5.448910713472,
    23.974748939049));
#3242 = B_SPLINE_CURVE_WITH_KNOTS('',1,(#3243,#3244),.UNSPECIFIED.,.F.,
  .F.,(2,2),(-8.,-6.500095594481),.PIECEWISE_BEZIER_KNOTS.);
#3243 = CARTESIAN_POINT('',(52.055008443102,7.083448499797,
    23.974748939049));
#3244 = CARTESIAN_POINT('',(52.055008443102,5.448910713472,
    23.974748939049));
#3245 = ORIENTED_EDGE('',*,*,#3246,.F.);
#3246 = EDGE_CURVE('',#3240,#3240,#3247,.T.);
#3247 = ( BOUNDED_CURVE() B_SPLINE_CURVE(2,(#3248,#3249,#3250,#3251,
#3252,#3253,#3254),.UNSPECIFIED.,.T.,.F.) B_SPLINE_CURVE_WITH_KNOTS((3,2
    ,2,3),(3.14159265359,5.235987755983,7.330382858376,9.424777960769),
.PIECEWISE_BEZIER_KNOTS.) CURVE() GEOMETRIC_REPRESENTATION_ITEM() 
RATIONAL_B_SPLINE_CURVE((1.,0.5,1.,0.5,1.,0.5,1.)) REPRESENTATION_ITEM(
  '') );
#3248 = CARTESIAN_POINT('',(52.055008443102,5.448910713472,
    23.974748939049));
#3249 = CARTESIAN_POINT('',(52.055008443102,5.448910713472,
    -4.338080355918));
#3250 = CARTESIAN_POINT('',(76.574637865475,5.448847759555,
    9.818334291565));
#3251 = CARTESIAN_POINT('',(101.09426728784,5.448784805637,
    23.974748939049));
#3252 = CARTESIAN_POINT('',(76.574637865475,5.448847759555,
    38.131163586533));
#3253 = CARTESIAN_POINT('',(52.055008443102,5.448910713472,
    52.287578234016));
#3254 = CARTESIAN_POINT('',(52.055008443102,5.448910713472,
    23.974748939049));
#3255 = ORIENTED_EDGE('',*,*,#3239,.F.);
#3256 = ( BOUNDED_SURFACE() B_SPLINE_SURFACE(2,1,(
    (#3257,#3258)
    ,(#3259,#3260)
    ,(#3261,#3262)
    ,(#3263,#3264)
    ,(#3265,#3266)
    ,(#3267,#3268)
    ,(#3269,#3270)
    ,(#3271,#3272)
    ,(#3273,#3274
)),.UNSPECIFIED.,.T.,.F.,.F.) B_SPLINE_SURFACE_WITH_KNOTS((3,2,2,2,3),(2
    ,2),(-3.14159265359,-2.094395102393,0.,2.094395102393,3.14159265359)
,(6.500095594481,8.),.UNSPECIFIED.) GEOMETRIC_REPRESENTATION_ITEM() 
RATIONAL_B_SPLINE_SURFACE((
    (0.75,0.75)
    ,(0.75,0.75)
    ,(1.,1.)
    ,(0.5,0.5)
    ,(1.,1.)
    ,(0.5,0.5)
    ,(1.,1.)
    ,(0.75,0.75)
,(0.75,0.75))) REPRESENTATION_ITEM('') SURFACE() );
#3257 = CARTESIAN_POINT('',(52.055008443102,5.448910713472,
    23.974748939049));
#3258 = CARTESIAN_POINT('',(52.055008443102,7.083448499797,
    23.974748939049));
#3259 = CARTESIAN_POINT('',(52.055008443102,5.448910713472,
    33.412358704007));
#3260 = CARTESIAN_POINT('',(52.055008443102,7.083448499797,
    33.412358704007));
#3261 = CARTESIAN_POINT('',(60.22821825056,5.448910713472,
    38.131163586486));
#3262 = CARTESIAN_POINT('',(60.22821825056,7.083448499797,
    38.131163586486));
#3263 = CARTESIAN_POINT('',(84.747847672933,5.448910713472,
    52.287578233923));
#3264 = CARTESIAN_POINT('',(84.747847672933,7.083448499797,
    52.287578233923));
#3265 = CARTESIAN_POINT('',(84.747847672933,5.448910713472,
    23.974748939049));
#3266 = CARTESIAN_POINT('',(84.747847672933,7.083448499797,
    23.974748939049));
#3267 = CARTESIAN_POINT('',(84.747847672933,5.448910713472,
    -4.338080355825));
#3268 = CARTESIAN_POINT('',(84.747847672933,7.083448499797,
    -4.338080355825));
#3269 = CARTESIAN_POINT('',(60.22821825056,5.448910713472,9.818334291612
    ));
#3270 = CARTESIAN_POINT('',(60.22821825056,7.083448499797,9.818334291612
    ));
#3271 = CARTESIAN_POINT('',(52.055008443102,5.448910713472,
    14.537139174091));
#3272 = CARTESIAN_POINT('',(52.055008443102,7.083448499797,
    14.537139174091));
#3273 = CARTESIAN_POINT('',(52.055008443102,5.448910713472,
    23.974748939049));
#3274 = CARTESIAN_POINT('',(52.055008443102,7.083448499797,
    23.974748939049));
#3275 = ADVANCED_FACE('',(#3276),#3312,.F.);
#3276 = FACE_BOUND('',#3277,.F.);
#3277 = EDGE_LOOP('',(#3278,#3290,#3297,#3307));
#3278 = ORIENTED_EDGE('',*,*,#3279,.T.);
#3279 = EDGE_CURVE('',#3280,#3282,#3284,.T.);
#3280 = VERTEX_POINT('',#3281);
#3281 = CARTESIAN_POINT('',(68.401428058017,5.448868744194,
    31.603078092676));
#3282 = VERTEX_POINT('',#3283);
#3283 = CARTESIAN_POINT('',(68.401428058017,5.448868744194,
    16.346419785422));
#3284 = ( BOUNDED_CURVE() B_SPLINE_CURVE(2,(#3285,#3286,#3287,#3288,
#3289),.UNSPECIFIED.,.F.,.F.) B_SPLINE_CURVE_WITH_KNOTS((3,2,3),(
    4.712388980385,6.28318530718,7.853981633974),
.PIECEWISE_BEZIER_KNOTS.) CURVE() GEOMETRIC_REPRESENTATION_ITEM() 
RATIONAL_B_SPLINE_CURVE((1.,0.707106781187,1.,0.707106781187,1.)) 
REPRESENTATION_ITEM('') );
#3285 = CARTESIAN_POINT('',(68.401428058017,5.448868744194,
    31.603078092701));
#3286 = CARTESIAN_POINT('',(76.029757211644,5.448849158531,
    31.603078092701));
#3287 = CARTESIAN_POINT('',(76.029757211644,5.448849158531,
    23.974748939049));
#3288 = CARTESIAN_POINT('',(76.029757211644,5.448849158531,
    16.346419785397));
#3289 = CARTESIAN_POINT('',(68.401428058017,5.448868744194,
    16.346419785397));
#3290 = ORIENTED_EDGE('',*,*,#3291,.F.);
#3291 = EDGE_CURVE('',#3292,#3282,#3294,.T.);
#3292 = VERTEX_POINT('',#3293);
#3293 = CARTESIAN_POINT('',(68.401440056655,7.083448499797,
    16.346419785431));
#3294 = B_SPLINE_CURVE_WITH_KNOTS('',1,(#3295,#3296),.UNSPECIFIED.,.F.,
  .F.,(2,2),(-8.,-6.500057082123),.PIECEWISE_BEZIER_KNOTS.);
#3295 = CARTESIAN_POINT('',(68.401440056655,7.083448499797,
    16.346419785431));
#3296 = CARTESIAN_POINT('',(68.401440056655,5.448868744194,
    16.346419785431));
#3297 = ORIENTED_EDGE('',*,*,#3298,.T.);
#3298 = EDGE_CURVE('',#3292,#3299,#3301,.T.);
#3299 = VERTEX_POINT('',#3300);
#3300 = CARTESIAN_POINT('',(68.401440056655,7.083448499797,
    31.603078092667));
#3301 = ( BOUNDED_CURVE() B_SPLINE_CURVE(2,(#3302,#3303,#3304,#3305,
#3306),.UNSPECIFIED.,.F.,.F.) B_SPLINE_CURVE_WITH_KNOTS((3,2,3),(
    4.71239055329,6.28318530718,7.853980061069),
.PIECEWISE_BEZIER_KNOTS.) CURVE() GEOMETRIC_REPRESENTATION_ITEM() 
RATIONAL_B_SPLINE_CURVE((1.,0.707107337292,1.,0.707107337292,1.)) 
REPRESENTATION_ITEM('') );
#3302 = CARTESIAN_POINT('',(68.401440056655,7.083448499797,
    16.346419785431));
#3303 = CARTESIAN_POINT('',(76.029757211644,7.083448499797,
    16.34643178405));
#3304 = CARTESIAN_POINT('',(76.029757211644,7.083448499797,
    23.974748939049));
#3305 = CARTESIAN_POINT('',(76.029757211644,7.083448499797,
    31.603066094048));
#3306 = CARTESIAN_POINT('',(68.401440056655,7.083448499797,
    31.603078092667));
#3307 = ORIENTED_EDGE('',*,*,#3308,.F.);
#3308 = EDGE_CURVE('',#3280,#3299,#3309,.T.);
#3309 = B_SPLINE_CURVE_WITH_KNOTS('',1,(#3310,#3311),.UNSPECIFIED.,.F.,
  .F.,(2,2),(6.500057082123,8.),.PIECEWISE_BEZIER_KNOTS.);
#3310 = CARTESIAN_POINT('',(68.401440056655,5.448868744194,
    31.603078092667));
#3311 = CARTESIAN_POINT('',(68.401440056655,7.083448499797,
    31.603078092667));
#3312 = ( BOUNDED_SURFACE() B_SPLINE_SURFACE(2,1,(
    (#3313,#3314)
    ,(#3315,#3316)
    ,(#3317,#3318)
    ,(#3319,#3320)
    ,(#3321,#3322
)),.UNSPECIFIED.,.F.,.F.,.F.) B_SPLINE_SURFACE_WITH_KNOTS((3,2,3),(2,2),
  (4.712388980385,6.28318530718,7.853981633974),(6.500057082123,8.),
.PIECEWISE_BEZIER_KNOTS.) GEOMETRIC_REPRESENTATION_ITEM() 
RATIONAL_B_SPLINE_SURFACE((
    (1.,1.)
    ,(0.707106781187,0.707106781187)
    ,(1.,1.)
    ,(0.707106781187,0.707106781187)
,(1.,1.))) REPRESENTATION_ITEM('') SURFACE() );
#3313 = CARTESIAN_POINT('',(68.401428058017,5.448868744194,
    31.603078092676));
#3314 = CARTESIAN_POINT('',(68.401428058017,7.083448499797,
    31.603078092676));
#3315 = CARTESIAN_POINT('',(76.029757211644,5.448868744194,
    31.603078092676));
#3316 = CARTESIAN_POINT('',(76.029757211644,7.083448499797,
    31.603078092676));
#3317 = CARTESIAN_POINT('',(76.029757211644,5.448868744194,
    23.974748939049));
#3318 = CARTESIAN_POINT('',(76.029757211644,7.083448499797,
    23.974748939049));
#3319 = CARTESIAN_POINT('',(76.029757211644,5.448868744194,
    16.346419785422));
#3320 = CARTESIAN_POINT('',(76.029757211644,7.083448499797,
    16.346419785422));
#3321 = CARTESIAN_POINT('',(68.401428058017,5.448868744194,
    16.346419785422));
#3322 = CARTESIAN_POINT('',(68.401428058017,7.083448499797,
    16.346419785422));
#3323 = ADVANCED_FACE('',(#3324,#3356,#3359),#3373,.F.);
#3324 = FACE_BOUND('',#3325,.T.);
#3325 = EDGE_LOOP('',(#3326,#3327,#3332,#3333,#3334,#3335,#3342,#3349,
    #3354,#3355));
#3326 = ORIENTED_EDGE('',*,*,#2714,.T.);
#3327 = ORIENTED_EDGE('',*,*,#3328,.F.);
#3328 = EDGE_CURVE('',#2638,#2705,#3329,.T.);
#3329 = B_SPLINE_CURVE_WITH_KNOTS('',1,(#3330,#3331),.UNSPECIFIED.,.F.,
  .F.,(2,2),(-38.74999358112,31.250006344629),.PIECEWISE_BEZIER_KNOTS.);
#3330 = CARTESIAN_POINT('',(87.1809046129,5.448820528065,47.949497537085
    ));
#3331 = CARTESIAN_POINT('',(10.897613157786,5.449016384697,
    47.949497537085));
#3332 = ORIENTED_EDGE('',*,*,#2651,.T.);
#3333 = ORIENTED_EDGE('',*,*,#2607,.T.);
#3334 = ORIENTED_EDGE('',*,*,#2871,.T.);
#3335 = ORIENTED_EDGE('',*,*,#3336,.T.);
#3336 = EDGE_CURVE('',#2872,#3337,#3339,.T.);
#3337 = VERTEX_POINT('',#3338);
#3338 = CARTESIAN_POINT('',(92.629711151187,5.448806538305,
    0.544880653831));
#3339 = B_SPLINE_CURVE_WITH_KNOTS('',1,(#3340,#3341),.UNSPECIFIED.,.F.,
  .F.,(2,2),(7.,43.5),.PIECEWISE_BEZIER_KNOTS.);
#3340 = CARTESIAN_POINT('',(92.629711151187,5.448806538305,
    40.321168383458));
#3341 = CARTESIAN_POINT('',(92.629711151187,5.448806538305,
    0.544880653831));
#3342 = ORIENTED_EDGE('',*,*,#3343,.T.);
#3343 = EDGE_CURVE('',#3337,#3344,#3346,.T.);
#3344 = VERTEX_POINT('',#3345);
#3345 = CARTESIAN_POINT('',(5.448806619499,5.449030374456,0.544880653831
    ));
#3346 = B_SPLINE_CURVE_WITH_KNOTS('',1,(#3347,#3348),.UNSPECIFIED.,.F.,
  .F.,(2,2),(-79.99999992575,0.),.PIECEWISE_BEZIER_KNOTS.);
#3347 = CARTESIAN_POINT('',(92.629711151187,5.448806538305,
    0.544880653831));
#3348 = CARTESIAN_POINT('',(5.448806619499,5.449030374456,0.544880653831
    ));
#3349 = ORIENTED_EDGE('',*,*,#3350,.F.);
#3350 = EDGE_CURVE('',#2793,#3344,#3351,.T.);
#3351 = B_SPLINE_CURVE_WITH_KNOTS('',1,(#3352,#3353),.UNSPECIFIED.,.F.,
  .F.,(2,2),(7.,43.5),.PIECEWISE_BEZIER_KNOTS.);
#3352 = CARTESIAN_POINT('',(5.448806619499,5.449030374456,
    40.321168383458));
#3353 = CARTESIAN_POINT('',(5.448806619499,5.449030374456,0.544880653831
    ));
#3354 = ORIENTED_EDGE('',*,*,#2801,.T.);
#3355 = ORIENTED_EDGE('',*,*,#2691,.T.);
#3356 = FACE_BOUND('',#3357,.T.);
#3357 = EDGE_LOOP('',(#3358));
#3358 = ORIENTED_EDGE('',*,*,#3246,.T.);
#3359 = FACE_BOUND('',#3360,.T.);
#3360 = EDGE_LOOP('',(#3361));
#3361 = ORIENTED_EDGE('',*,*,#3362,.T.);
#3362 = EDGE_CURVE('',#3363,#3363,#3365,.T.);
#3363 = VERTEX_POINT('',#3364);
#3364 = CARTESIAN_POINT('',(13.289282597678,5.449010244108,
    23.974748939049));
#3365 = ( BOUNDED_CURVE() B_SPLINE_CURVE(2,(#3366,#3367,#3368,#3369,
#3370,#3371,#3372),.UNSPECIFIED.,.T.,.F.) B_SPLINE_CURVE_WITH_KNOTS((3,2
    ,2,3),(3.14159265359,5.235987755983,7.330382858376,9.424777960769),
.PIECEWISE_BEZIER_KNOTS.) CURVE() GEOMETRIC_REPRESENTATION_ITEM() 
RATIONAL_B_SPLINE_CURVE((1.,0.5,1.,0.5,1.,0.5,1.)) REPRESENTATION_ITEM(
  '') );
#3366 = CARTESIAN_POINT('',(13.289282597678,5.449010244108,
    23.974748939049));
#3367 = CARTESIAN_POINT('',(13.289282597678,5.449010244108,
    -4.338080355918));
#3368 = CARTESIAN_POINT('',(37.808912020051,5.448947290191,
    9.818334291565));
#3369 = CARTESIAN_POINT('',(62.328541442424,5.448884336273,
    23.974748939049));
#3370 = CARTESIAN_POINT('',(37.808912020051,5.448947290191,
    38.131163586533));
#3371 = CARTESIAN_POINT('',(13.289282597678,5.449010244108,
    52.287578234016));
#3372 = CARTESIAN_POINT('',(13.289282597678,5.449010244108,
    23.974748939049));
#3373 = B_SPLINE_SURFACE_WITH_KNOTS('',1,1,(
    (#3374,#3375)
    ,(#3376,#3377
    )),.UNSPECIFIED.,.F.,.F.,.F.,(2,2),(2,2),(0.,79.999999925758),(0.,
    43.5),.PIECEWISE_BEZIER_KNOTS.);
#3374 = CARTESIAN_POINT('',(92.629711151187,5.448806538305,
    47.949497537085));
#3375 = CARTESIAN_POINT('',(92.629711151187,5.448806538305,
    0.544880653831));
#3376 = CARTESIAN_POINT('',(5.448806619499,5.449030374456,
    47.949497537085));
#3377 = CARTESIAN_POINT('',(5.448806619499,5.449030374456,0.544880653831
    ));
#3378 = ADVANCED_FACE('',(#3379),#3400,.T.);
#3379 = FACE_BOUND('',#3380,.T.);
#3380 = EDGE_LOOP('',(#3381,#3393,#3398,#3399));
#3381 = ORIENTED_EDGE('',*,*,#3382,.F.);
#3382 = EDGE_CURVE('',#3383,#3383,#3385,.T.);
#3383 = VERTEX_POINT('',#3384);
#3384 = CARTESIAN_POINT('',(13.289282597678,7.083448499797,
    23.974748939049));
#3385 = ( BOUNDED_CURVE() B_SPLINE_CURVE(2,(#3386,#3387,#3388,#3389,
#3390,#3391,#3392),.UNSPECIFIED.,.T.,.F.) B_SPLINE_CURVE_WITH_KNOTS((3,2
    ,2,3),(3.14159265359,5.235987755983,7.330382858376,9.424777960769),
.PIECEWISE_BEZIER_KNOTS.) CURVE() GEOMETRIC_REPRESENTATION_ITEM() 
RATIONAL_B_SPLINE_CURVE((1.,0.5,1.,0.5,1.,0.5,1.)) REPRESENTATION_ITEM(
  '') );
#3386 = CARTESIAN_POINT('',(13.289282597678,7.083448499797,
    23.974748939049));
#3387 = CARTESIAN_POINT('',(13.289282597678,7.083448499797,
    52.287578233923));
#3388 = CARTESIAN_POINT('',(37.808912020051,7.083448499797,
    38.131163586486));
#3389 = CARTESIAN_POINT('',(62.328541442424,7.083448499797,
    23.974748939049));
#3390 = CARTESIAN_POINT('',(37.808912020051,7.083448499797,
    9.818334291612));
#3391 = CARTESIAN_POINT('',(13.289282597678,7.083448499797,
    -4.338080355825));
#3392 = CARTESIAN_POINT('',(13.289282597678,7.083448499797,
    23.974748939049));
#3393 = ORIENTED_EDGE('',*,*,#3394,.T.);
#3394 = EDGE_CURVE('',#3383,#3363,#3395,.T.);
#3395 = B_SPLINE_CURVE_WITH_KNOTS('',1,(#3396,#3397),.UNSPECIFIED.,.F.,
  .F.,(2,2),(-8.,-6.500186926992),.PIECEWISE_BEZIER_KNOTS.);
#3396 = CARTESIAN_POINT('',(13.289282597678,7.083448499797,
    23.974748939049));
#3397 = CARTESIAN_POINT('',(13.289282597678,5.449010244108,
    23.974748939049));
#3398 = ORIENTED_EDGE('',*,*,#3362,.F.);
#3399 = ORIENTED_EDGE('',*,*,#3394,.F.);
#3400 = ( BOUNDED_SURFACE() B_SPLINE_SURFACE(2,1,(
    (#3401,#3402)
    ,(#3403,#3404)
    ,(#3405,#3406)
    ,(#3407,#3408)
    ,(#3409,#3410)
    ,(#3411,#3412)
    ,(#3413,#3414)
    ,(#3415,#3416)
    ,(#3417,#3418
)),.UNSPECIFIED.,.T.,.F.,.F.) B_SPLINE_SURFACE_WITH_KNOTS((3,2,2,2,3),(2
    ,2),(-3.14159265359,-2.094395102393,0.,2.094395102393,3.14159265359)
,(6.500186926992,8.),.UNSPECIFIED.) GEOMETRIC_REPRESENTATION_ITEM() 
RATIONAL_B_SPLINE_SURFACE((
    (0.75,0.75)
    ,(0.75,0.75)
    ,(1.,1.)
    ,(0.5,0.5)
    ,(1.,1.)
    ,(0.5,0.5)
    ,(1.,1.)
    ,(0.75,0.75)
,(0.75,0.75))) REPRESENTATION_ITEM('') SURFACE() );
#3401 = CARTESIAN_POINT('',(13.289282597678,5.449010244108,
    23.974748939049));
#3402 = CARTESIAN_POINT('',(13.289282597678,7.083448499797,
    23.974748939049));
#3403 = CARTESIAN_POINT('',(13.289282597678,5.449010244108,
    33.412358704007));
#3404 = CARTESIAN_POINT('',(13.289282597678,7.083448499797,
    33.412358704007));
#3405 = CARTESIAN_POINT('',(21.462492405135,5.449010244108,
    38.131163586486));
#3406 = CARTESIAN_POINT('',(21.462492405135,7.083448499797,
    38.131163586486));
#3407 = CARTESIAN_POINT('',(45.982121827508,5.449010244108,
    52.287578233923));
#3408 = CARTESIAN_POINT('',(45.982121827508,7.083448499797,
    52.287578233923));
#3409 = CARTESIAN_POINT('',(45.982121827509,5.449010244108,
    23.974748939049));
#3410 = CARTESIAN_POINT('',(45.982121827509,7.083448499797,
    23.974748939049));
#3411 = CARTESIAN_POINT('',(45.982121827509,5.449010244108,
    -4.338080355825));
#3412 = CARTESIAN_POINT('',(45.982121827509,7.083448499797,
    -4.338080355825));
#3413 = CARTESIAN_POINT('',(21.462492405135,5.449010244108,
    9.818334291612));
#3414 = CARTESIAN_POINT('',(21.462492405135,7.083448499797,
    9.818334291612));
#3415 = CARTESIAN_POINT('',(13.289282597678,5.449010244108,
    14.537139174091));
#3416 = CARTESIAN_POINT('',(13.289282597678,7.083448499797,
    14.537139174091));
#3417 = CARTESIAN_POINT('',(13.289282597678,5.449010244108,
    23.974748939049));
#3418 = CARTESIAN_POINT('',(13.289282597678,7.083448499797,
    23.974748939049));
#3419 = ADVANCED_FACE('',(#3420),#3456,.F.);
#3420 = FACE_BOUND('',#3421,.F.);
#3421 = EDGE_LOOP('',(#3422,#3434,#3441,#3451));
#3422 = ORIENTED_EDGE('',*,*,#3423,.T.);
#3423 = EDGE_CURVE('',#3424,#3426,#3428,.T.);
#3424 = VERTEX_POINT('',#3425);
#3425 = CARTESIAN_POINT('',(29.635702212593,5.44896827483,
    31.603078092676));
#3426 = VERTEX_POINT('',#3427);
#3427 = CARTESIAN_POINT('',(29.635702212593,5.44896827483,
    16.346419785422));
#3428 = ( BOUNDED_CURVE() B_SPLINE_CURVE(2,(#3429,#3430,#3431,#3432,
#3433),.UNSPECIFIED.,.F.,.F.) B_SPLINE_CURVE_WITH_KNOTS((3,2,3),(
    4.712388980385,6.28318530718,7.853981633974),
.PIECEWISE_BEZIER_KNOTS.) CURVE() GEOMETRIC_REPRESENTATION_ITEM() 
RATIONAL_B_SPLINE_CURVE((1.,0.707106781187,1.,0.707106781187,1.)) 
REPRESENTATION_ITEM('') );
#3429 = CARTESIAN_POINT('',(29.635702212593,5.44896827483,
    31.603078092701));
#3430 = CARTESIAN_POINT('',(37.26403136622,5.448948689166,
    31.603078092701));
#3431 = CARTESIAN_POINT('',(37.26403136622,5.448948689166,
    23.974748939049));
#3432 = CARTESIAN_POINT('',(37.26403136622,5.448948689166,
    16.346419785397));
#3433 = CARTESIAN_POINT('',(29.635702212593,5.44896827483,
    16.346419785397));
#3434 = ORIENTED_EDGE('',*,*,#3435,.F.);
#3435 = EDGE_CURVE('',#3436,#3426,#3438,.T.);
#3436 = VERTEX_POINT('',#3437);
#3437 = CARTESIAN_POINT('',(29.635714210988,7.083448499797,
    16.346419785431));
#3438 = B_SPLINE_CURVE_WITH_KNOTS('',1,(#3439,#3440),.UNSPECIFIED.,.F.,
  .F.,(2,2),(-8.,-6.500148414633),.PIECEWISE_BEZIER_KNOTS.);
#3439 = CARTESIAN_POINT('',(29.635714210988,7.083448499797,
    16.346419785431));
#3440 = CARTESIAN_POINT('',(29.635714210988,5.44896827483,
    16.346419785431));
#3441 = ORIENTED_EDGE('',*,*,#3442,.T.);
#3442 = EDGE_CURVE('',#3436,#3443,#3445,.T.);
#3443 = VERTEX_POINT('',#3444);
#3444 = CARTESIAN_POINT('',(29.635714210988,7.083448499797,
    31.603078092667));
#3445 = ( BOUNDED_CURVE() B_SPLINE_CURVE(2,(#3446,#3447,#3448,#3449,
#3450),.UNSPECIFIED.,.F.,.F.) B_SPLINE_CURVE_WITH_KNOTS((3,2,3),(
    4.712390553258,6.28318530718,7.853980061101),
.PIECEWISE_BEZIER_KNOTS.) CURVE() GEOMETRIC_REPRESENTATION_ITEM() 
RATIONAL_B_SPLINE_CURVE((1.,0.707107337281,1.,0.707107337281,1.)) 
REPRESENTATION_ITEM('') );
#3446 = CARTESIAN_POINT('',(29.635714210988,7.083448499797,
    16.346419785431));
#3447 = CARTESIAN_POINT('',(37.26403136622,7.083448499797,
    16.346431783807));
#3448 = CARTESIAN_POINT('',(37.26403136622,7.083448499797,
    23.974748939049));
#3449 = CARTESIAN_POINT('',(37.26403136622,7.083448499797,
    31.603066094291));
#3450 = CARTESIAN_POINT('',(29.635714210988,7.083448499797,
    31.603078092667));
#3451 = ORIENTED_EDGE('',*,*,#3452,.F.);
#3452 = EDGE_CURVE('',#3424,#3443,#3453,.T.);
#3453 = B_SPLINE_CURVE_WITH_KNOTS('',1,(#3454,#3455),.UNSPECIFIED.,.F.,
  .F.,(2,2),(6.500148414633,8.),.PIECEWISE_BEZIER_KNOTS.);
#3454 = CARTESIAN_POINT('',(29.635714210988,5.44896827483,
    31.603078092667));
#3455 = CARTESIAN_POINT('',(29.635714210988,7.083448499797,
    31.603078092667));
#3456 = ( BOUNDED_SURFACE() B_SPLINE_SURFACE(2,1,(
    (#3457,#3458)
    ,(#3459,#3460)
    ,(#3461,#3462)
    ,(#3463,#3464)
    ,(#3465,#3466
)),.UNSPECIFIED.,.F.,.F.,.F.) B_SPLINE_SURFACE_WITH_KNOTS((3,2,3),(2,2),
  (4.712388980385,6.28318530718,7.853981633974),(6.500148414633,8.),
.PIECEWISE_BEZIER_KNOTS.) GEOMETRIC_REPRESENTATION_ITEM() 
RATIONAL_B_SPLINE_SURFACE((
    (1.,1.)
    ,(0.707106781187,0.707106781187)
    ,(1.,1.)
    ,(0.707106781187,0.707106781187)
,(1.,1.))) REPRESENTATION_ITEM('') SURFACE() );
#3457 = CARTESIAN_POINT('',(29.635702212593,5.44896827483,
    31.603078092676));
#3458 = CARTESIAN_POINT('',(29.635702212593,7.083448499797,
    31.603078092676));
#3459 = CARTESIAN_POINT('',(37.26403136622,5.44896827483,31.603078092676
    ));
#3460 = CARTESIAN_POINT('',(37.26403136622,7.083448499797,
    31.603078092676));
#3461 = CARTESIAN_POINT('',(37.26403136622,5.44896827483,23.974748939049
    ));
#3462 = CARTESIAN_POINT('',(37.26403136622,7.083448499797,
    23.974748939049));
#3463 = CARTESIAN_POINT('',(37.26403136622,5.44896827483,16.346419785422
    ));
#3464 = CARTESIAN_POINT('',(37.26403136622,7.083448499797,
    16.346419785422));
#3465 = CARTESIAN_POINT('',(29.635702212593,5.44896827483,
    16.346419785422));
#3466 = CARTESIAN_POINT('',(29.635702212593,7.083448499797,
    16.346419785422));
#3467 = ADVANCED_FACE('',(#3468),#3482,.F.);
#3468 = FACE_BOUND('',#3469,.F.);
#3469 = EDGE_LOOP('',(#3470,#3471,#3476,#3477));
#3470 = ORIENTED_EDGE('',*,*,#3131,.T.);
#3471 = ORIENTED_EDGE('',*,*,#3472,.F.);
#3472 = EDGE_CURVE('',#3426,#3120,#3473,.T.);
#3473 = B_SPLINE_CURVE_WITH_KNOTS('',1,(#3474,#3475),.UNSPECIFIED.,.F.,
  .F.,(2,2),(-3.250065221113,3.250083193536),.PIECEWISE_BEZIER_KNOTS.);
#3474 = CARTESIAN_POINT('',(29.63569311897,5.448968274841,
    16.346419785377));
#3475 = CARTESIAN_POINT('',(29.635684025418,-1.634641961492,
    16.346419785372));
#3476 = ORIENTED_EDGE('',*,*,#3423,.F.);
#3477 = ORIENTED_EDGE('',*,*,#3478,.F.);
#3478 = EDGE_CURVE('',#3122,#3424,#3479,.T.);
#3479 = B_SPLINE_CURVE_WITH_KNOTS('',1,(#3480,#3481),.UNSPECIFIED.,.F.,
  .F.,(2,2),(-3.250083193536,3.250065221113),.PIECEWISE_BEZIER_KNOTS.);
#3480 = CARTESIAN_POINT('',(29.635684025418,-1.634641961492,
    31.603078092727));
#3481 = CARTESIAN_POINT('',(29.63569311897,5.448968274841,
    31.603078092721));
#3482 = ( BOUNDED_SURFACE() B_SPLINE_SURFACE(2,1,(
    (#3483,#3484)
    ,(#3485,#3486)
    ,(#3487,#3488)
    ,(#3489,#3490)
    ,(#3491,#3492
)),.UNSPECIFIED.,.F.,.F.,.F.) B_SPLINE_SURFACE_WITH_KNOTS((3,2,3),(2,2),
  (-1.570797518881,0.,1.570797518881),(0.,6.50014841466),
.PIECEWISE_BEZIER_KNOTS.) GEOMETRIC_REPRESENTATION_ITEM() 
RATIONAL_B_SPLINE_SURFACE((
    (1.,1.)
    ,(0.70710635972,0.70710635972)
    ,(1.,1.)
    ,(0.70710635972,0.70710635972)
,(1.,1.))) REPRESENTATION_ITEM('') SURFACE() );
#3483 = CARTESIAN_POINT('',(29.63569311897,5.448968274853,
    16.346419785402));
#3484 = CARTESIAN_POINT('',(29.635674931867,-1.634641961474,
    16.346419785402));
#3485 = CARTESIAN_POINT('',(37.26403136622,5.448948689166,
    16.346410691768));
#3486 = CARTESIAN_POINT('',(37.264013179118,-1.634661547161,
    16.346410691768));
#3487 = CARTESIAN_POINT('',(37.26403136622,5.448948689166,
    23.974748939049));
#3488 = CARTESIAN_POINT('',(37.264013179118,-1.634661547161,
    23.974748939049));
#3489 = CARTESIAN_POINT('',(37.26403136622,5.448948689166,31.60308718633
    ));
#3490 = CARTESIAN_POINT('',(37.264013179118,-1.634661547161,
    31.60308718633));
#3491 = CARTESIAN_POINT('',(29.63569311897,5.448968274853,
    31.603078092696));
#3492 = CARTESIAN_POINT('',(29.635674931867,-1.634641961474,
    31.603078092696));
#3493 = ADVANCED_FACE('',(#3494),#3508,.F.);
#3494 = FACE_BOUND('',#3495,.F.);
#3495 = EDGE_LOOP('',(#3496,#3497,#3502,#3503));
#3496 = ORIENTED_EDGE('',*,*,#3109,.T.);
#3497 = ORIENTED_EDGE('',*,*,#3498,.F.);
#3498 = EDGE_CURVE('',#3282,#3098,#3499,.T.);
#3499 = B_SPLINE_CURVE_WITH_KNOTS('',1,(#3500,#3501),.UNSPECIFIED.,.F.,
  .F.,(2,2),(-3.250019554858,3.250037527281),.PIECEWISE_BEZIER_KNOTS.);
#3500 = CARTESIAN_POINT('',(68.401418964522,5.448868744205,
    16.346419785377));
#3501 = CARTESIAN_POINT('',(68.401409871098,-1.634641961492,
    16.346419785372));
#3502 = ORIENTED_EDGE('',*,*,#3279,.F.);
#3503 = ORIENTED_EDGE('',*,*,#3504,.F.);
#3504 = EDGE_CURVE('',#3100,#3280,#3505,.T.);
#3505 = B_SPLINE_CURVE_WITH_KNOTS('',1,(#3506,#3507),.UNSPECIFIED.,.F.,
  .F.,(2,2),(-3.250037527281,3.250019554858),.PIECEWISE_BEZIER_KNOTS.);
#3506 = CARTESIAN_POINT('',(68.401409871098,-1.634641961492,
    31.603078092727));
#3507 = CARTESIAN_POINT('',(68.401418964522,5.448868744205,
    31.603078092721));
#3508 = ( BOUNDED_SURFACE() B_SPLINE_SURFACE(2,1,(
    (#3509,#3510)
    ,(#3511,#3512)
    ,(#3513,#3514)
    ,(#3515,#3516)
    ,(#3517,#3518
)),.UNSPECIFIED.,.F.,.F.,.F.) B_SPLINE_SURFACE_WITH_KNOTS((3,2,3),(2,2),
  (-1.570797518864,0.,1.570797518864),(0.,6.500057082149),
.PIECEWISE_BEZIER_KNOTS.) GEOMETRIC_REPRESENTATION_ITEM() 
RATIONAL_B_SPLINE_SURFACE((
    (1.,1.)
    ,(0.707106359726,0.707106359726)
    ,(1.,1.)
    ,(0.707106359726,0.707106359726)
,(1.,1.))) REPRESENTATION_ITEM('') SURFACE() );
#3509 = CARTESIAN_POINT('',(68.401418964522,5.448868744217,
    16.346419785402));
#3510 = CARTESIAN_POINT('',(68.401400777674,-1.634641961474,
    16.346419785402));
#3511 = CARTESIAN_POINT('',(76.029757211644,5.448849158531,
    16.346410691896));
#3512 = CARTESIAN_POINT('',(76.029739024797,-1.634661547161,
    16.346410691896));
#3513 = CARTESIAN_POINT('',(76.029757211644,5.448849158531,
    23.974748939049));
#3514 = CARTESIAN_POINT('',(76.029739024797,-1.634661547161,
    23.974748939049));
#3515 = CARTESIAN_POINT('',(76.029757211644,5.448849158531,
    31.603087186202));
#3516 = CARTESIAN_POINT('',(76.029739024797,-1.634661547161,
    31.603087186202));
#3517 = CARTESIAN_POINT('',(68.401418964522,5.448868744217,
    31.603078092696));
#3518 = CARTESIAN_POINT('',(68.401400777674,-1.634641961474,
    31.603078092696));
#3519 = ADVANCED_FACE('',(#3520),#3556,.F.);
#3520 = FACE_BOUND('',#3521,.F.);
#3521 = EDGE_LOOP('',(#3522,#3534,#3541,#3551));
#3522 = ORIENTED_EDGE('',*,*,#3523,.T.);
#3523 = EDGE_CURVE('',#3524,#3526,#3528,.T.);
#3524 = VERTEX_POINT('',#3525);
#3525 = CARTESIAN_POINT('',(56.414044580322,7.083448499797,
    22.884987631426));
#3526 = VERTEX_POINT('',#3527);
#3527 = CARTESIAN_POINT('',(56.414044580322,7.083448499797,
    25.064510246672));
#3528 = ( BOUNDED_CURVE() B_SPLINE_CURVE(2,(#3529,#3530,#3531,#3532,
#3533),.UNSPECIFIED.,.F.,.F.) B_SPLINE_CURVE_WITH_KNOTS((3,2,3),(
    4.712380635967,6.28318530718,7.853989978392),
.PIECEWISE_BEZIER_KNOTS.) CURVE() GEOMETRIC_REPRESENTATION_ITEM() 
RATIONAL_B_SPLINE_CURVE((1.,0.707103830983,1.,0.707103830983,1.)) 
REPRESENTATION_ITEM('') );
#3529 = CARTESIAN_POINT('',(56.414044580322,7.083448499797,
    22.884987631426));
#3530 = CARTESIAN_POINT('',(57.503814981407,7.083448499797,
    22.884978537927));
#3531 = CARTESIAN_POINT('',(57.503814981407,7.083448499797,
    23.974748939049));
#3532 = CARTESIAN_POINT('',(57.503814981407,7.083448499797,
    25.064519340172));
#3533 = CARTESIAN_POINT('',(56.414044580322,7.083448499797,
    25.064510246672));
#3534 = ORIENTED_EDGE('',*,*,#3535,.F.);
#3535 = EDGE_CURVE('',#3536,#3526,#3538,.T.);
#3536 = VERTEX_POINT('',#3537);
#3537 = CARTESIAN_POINT('',(56.414044580325,5.448899521688,
    25.064510246672));
#3538 = B_SPLINE_CURVE_WITH_KNOTS('',1,(#3539,#3540),.UNSPECIFIED.,.F.,
  .F.,(2,2),(6.50008532454,8.),.PIECEWISE_BEZIER_KNOTS.);
#3539 = CARTESIAN_POINT('',(56.414044580322,5.448899521688,
    25.064510246672));
#3540 = CARTESIAN_POINT('',(56.414044580322,7.083448499797,
    25.064510246672));
#3541 = ORIENTED_EDGE('',*,*,#3542,.T.);
#3542 = EDGE_CURVE('',#3536,#3543,#3545,.T.);
#3543 = VERTEX_POINT('',#3544);
#3544 = CARTESIAN_POINT('',(56.414044580325,5.448899521688,
    22.884987631426));
#3545 = ( BOUNDED_CURVE() B_SPLINE_CURVE(2,(#3546,#3547,#3548,#3549,
#3550),.UNSPECIFIED.,.F.,.F.) B_SPLINE_CURVE_WITH_KNOTS((3,2,3),(
    4.71238063597,6.28318530718,7.85398997839),
.PIECEWISE_BEZIER_KNOTS.) CURVE() GEOMETRIC_REPRESENTATION_ITEM() 
RATIONAL_B_SPLINE_CURVE((1.,0.707103830984,1.,0.707103830984,1.)) 
REPRESENTATION_ITEM('') );
#3546 = CARTESIAN_POINT('',(56.414044580325,5.448899521688,
    25.064510246676));
#3547 = CARTESIAN_POINT('',(57.503814981407,5.448896723713,
    25.064519340172));
#3548 = CARTESIAN_POINT('',(57.503814981407,5.448896723713,
    23.974748939049));
#3549 = CARTESIAN_POINT('',(57.503814981407,5.448896723713,
    22.884978537926));
#3550 = CARTESIAN_POINT('',(56.414044580325,5.448899521688,
    22.884987631422));
#3551 = ORIENTED_EDGE('',*,*,#3552,.F.);
#3552 = EDGE_CURVE('',#3524,#3543,#3553,.T.);
#3553 = B_SPLINE_CURVE_WITH_KNOTS('',1,(#3554,#3555),.UNSPECIFIED.,.F.,
  .F.,(2,2),(-8.,-6.50008532454),.PIECEWISE_BEZIER_KNOTS.);
#3554 = CARTESIAN_POINT('',(56.414044580322,7.083448499797,
    22.884987631426));
#3555 = CARTESIAN_POINT('',(56.414044580322,5.448899521688,
    22.884987631426));
#3556 = ( BOUNDED_SURFACE() B_SPLINE_SURFACE(2,1,(
    (#3557,#3558)
    ,(#3559,#3560)
    ,(#3561,#3562)
    ,(#3563,#3564)
    ,(#3565,#3566
)),.UNSPECIFIED.,.F.,.F.,.F.) B_SPLINE_SURFACE_WITH_KNOTS((3,2,3),(2,2),
  (-1.570804671213,0.,1.570804671213),(6.50008532454,8.),
.PIECEWISE_BEZIER_KNOTS.) GEOMETRIC_REPRESENTATION_ITEM() 
RATIONAL_B_SPLINE_SURFACE((
    (1.,1.)
    ,(0.707103830983,0.707103830983)
    ,(1.,1.)
    ,(0.707103830983,0.707103830983)
,(1.,1.))) REPRESENTATION_ITEM('') SURFACE() );
#3557 = CARTESIAN_POINT('',(56.414044580322,5.448899521688,
    25.064510246672));
#3558 = CARTESIAN_POINT('',(56.414044580322,7.083448499797,
    25.064510246672));
#3559 = CARTESIAN_POINT('',(57.503814981407,5.448899521688,
    25.064519340172));
#3560 = CARTESIAN_POINT('',(57.503814981407,7.083448499797,
    25.064519340172));
#3561 = CARTESIAN_POINT('',(57.503814981407,5.448899521688,
    23.974748939049));
#3562 = CARTESIAN_POINT('',(57.503814981407,7.083448499797,
    23.974748939049));
#3563 = CARTESIAN_POINT('',(57.503814981407,5.448899521688,
    22.884978537927));
#3564 = CARTESIAN_POINT('',(57.503814981407,7.083448499797,
    22.884978537927));
#3565 = CARTESIAN_POINT('',(56.414044580322,5.448899521688,
    22.884987631426));
#3566 = CARTESIAN_POINT('',(56.414044580322,7.083448499797,
    22.884987631426));
#3567 = ADVANCED_FACE('',(#3568),#3579,.F.);
#3568 = FACE_BOUND('',#3569,.T.);
#3569 = EDGE_LOOP('',(#3570,#3578));
#3570 = ORIENTED_EDGE('',*,*,#3571,.T.);
#3571 = EDGE_CURVE('',#3543,#3536,#3572,.T.);
#3572 = ( BOUNDED_CURVE() B_SPLINE_CURVE(2,(#3573,#3574,#3575,#3576,
#3577),.UNSPECIFIED.,.F.,.F.) B_SPLINE_CURVE_WITH_KNOTS((3,2,3),(
    4.712397324805,6.28318530718,7.853973289554),
.PIECEWISE_BEZIER_KNOTS.) CURVE() GEOMETRIC_REPRESENTATION_ITEM() 
RATIONAL_B_SPLINE_CURVE((1.,0.707109731378,1.,0.707109731378,1.)) 
REPRESENTATION_ITEM('') );
#3573 = CARTESIAN_POINT('',(56.414044580325,5.448899521688,
    22.884987631422));
#3574 = CARTESIAN_POINT('',(57.50379679456,5.448896723759,
    22.884996724773));
#3575 = CARTESIAN_POINT('',(57.50379679456,5.448896723759,
    23.974748939049));
#3576 = CARTESIAN_POINT('',(57.50379679456,5.448896723759,
    25.064501153325));
#3577 = CARTESIAN_POINT('',(56.414044580325,5.448899521688,
    25.064510246676));
#3578 = ORIENTED_EDGE('',*,*,#3542,.T.);
#3579 = B_SPLINE_SURFACE_WITH_KNOTS('',1,1,(
    (#3580,#3581)
    ,(#3582,#3583
    )),.UNSPECIFIED.,.F.,.F.,.F.,(2,2),(2,2),(32.232651244783,
    33.232659589201),(20.999999843535,22.999999843541),
  .PIECEWISE_BEZIER_KNOTS.);
#3580 = CARTESIAN_POINT('',(57.503814981407,5.448896723713,
    25.064510246714));
#3581 = CARTESIAN_POINT('',(57.503814981407,5.448896723713,
    22.884987631384));
#3582 = CARTESIAN_POINT('',(56.414044580325,5.448899521688,
    25.064510246714));
#3583 = CARTESIAN_POINT('',(56.414044580325,5.448899521688,
    22.884987631384));
#3584 = ADVANCED_FACE('',(#3585,#3588,#3599,#3616,#3644,#3672),#3700,.F.
  );
#3585 = FACE_BOUND('',#3586,.T.);
#3586 = EDGE_LOOP('',(#3587));
#3587 = ORIENTED_EDGE('',*,*,#3227,.T.);
#3588 = FACE_BOUND('',#3589,.T.);
#3589 = EDGE_LOOP('',(#3590,#3598));
#3590 = ORIENTED_EDGE('',*,*,#3591,.T.);
#3591 = EDGE_CURVE('',#3299,#3292,#3592,.T.);
#3592 = ( BOUNDED_CURVE() B_SPLINE_CURVE(2,(#3593,#3594,#3595,#3596,
#3597),.UNSPECIFIED.,.F.,.F.) B_SPLINE_CURVE_WITH_KNOTS((3,2,3),(
    1.570792369771,3.14159265359,4.712392937409),
.PIECEWISE_BEZIER_KNOTS.) CURVE() GEOMETRIC_REPRESENTATION_ITEM() 
RATIONAL_B_SPLINE_CURVE((1.,0.707105382166,1.,0.707105382166,1.)) 
REPRESENTATION_ITEM('') );
#3593 = CARTESIAN_POINT('',(68.401440056655,7.083448499797,
    31.603078092667));
#3594 = CARTESIAN_POINT('',(60.773080717493,7.083448499797,
    31.603108278271));
#3595 = CARTESIAN_POINT('',(60.773080717493,7.083448499797,
    23.974748939049));
#3596 = CARTESIAN_POINT('',(60.773080717493,7.083448499797,
    16.346389599827));
#3597 = CARTESIAN_POINT('',(68.401440056655,7.083448499797,
    16.346419785431));
#3598 = ORIENTED_EDGE('',*,*,#3298,.T.);
#3599 = FACE_BOUND('',#3600,.T.);
#3600 = EDGE_LOOP('',(#3601,#3609,#3615));
#3601 = ORIENTED_EDGE('',*,*,#3602,.T.);
#3602 = EDGE_CURVE('',#3526,#3603,#3605,.T.);
#3603 = VERTEX_POINT('',#3604);
#3604 = CARTESIAN_POINT('',(55.324274179238,7.083448499797,
    23.974748939049));
#3605 = ( BOUNDED_CURVE() B_SPLINE_CURVE(2,(#3606,#3607,#3608),
.UNSPECIFIED.,.F.,.F.) B_SPLINE_CURVE_WITH_KNOTS((3,3),(1.570787982377,
3.14159265359),.PIECEWISE_BEZIER_KNOTS.) CURVE() 
GEOMETRIC_REPRESENTATION_ITEM() RATIONAL_B_SPLINE_CURVE((1.,
0.707103830983,1.)) REPRESENTATION_ITEM('') );
#3606 = CARTESIAN_POINT('',(56.414044580322,7.083448499797,
    25.064510246672));
#3607 = CARTESIAN_POINT('',(55.324274179238,7.083448499797,
    25.064519340171));
#3608 = CARTESIAN_POINT('',(55.324274179238,7.083448499797,
    23.974748939049));
#3609 = ORIENTED_EDGE('',*,*,#3610,.T.);
#3610 = EDGE_CURVE('',#3603,#3524,#3611,.T.);
#3611 = ( BOUNDED_CURVE() B_SPLINE_CURVE(2,(#3612,#3613,#3614),
.UNSPECIFIED.,.F.,.F.) B_SPLINE_CURVE_WITH_KNOTS((3,3),(3.14159265359,
4.712397324802),.PIECEWISE_BEZIER_KNOTS.) CURVE() 
GEOMETRIC_REPRESENTATION_ITEM() RATIONAL_B_SPLINE_CURVE((1.,
0.707103830983,1.)) REPRESENTATION_ITEM('') );
#3612 = CARTESIAN_POINT('',(55.324274179238,7.083448499797,
    23.974748939049));
#3613 = CARTESIAN_POINT('',(55.324274179238,7.083448499797,
    22.884978537927));
#3614 = CARTESIAN_POINT('',(56.414044580322,7.083448499797,
    22.884987631426));
#3615 = ORIENTED_EDGE('',*,*,#3523,.T.);
#3616 = FACE_BOUND('',#3617,.T.);
#3617 = EDGE_LOOP('',(#3618,#3628,#3636));
#3618 = ORIENTED_EDGE('',*,*,#3619,.T.);
#3619 = EDGE_CURVE('',#3620,#3622,#3624,.T.);
#3620 = VERTEX_POINT('',#3621);
#3621 = CARTESIAN_POINT('',(80.388793349443,7.083448499797,
    25.064510246672));
#3622 = VERTEX_POINT('',#3623);
#3623 = CARTESIAN_POINT('',(79.29902294778,7.083448499797,
    23.974748939049));
#3624 = ( BOUNDED_CURVE() B_SPLINE_CURVE(2,(#3625,#3626,#3627),
.UNSPECIFIED.,.F.,.F.) B_SPLINE_CURVE_WITH_KNOTS((3,3),(1.570787981847,
3.14159265359),.PIECEWISE_BEZIER_KNOTS.) CURVE() 
GEOMETRIC_REPRESENTATION_ITEM() RATIONAL_B_SPLINE_CURVE((1.,
0.707103830796,1.)) REPRESENTATION_ITEM('') );
#3625 = CARTESIAN_POINT('',(80.388793349443,7.083448499797,
    25.064510246672));
#3626 = CARTESIAN_POINT('',(79.29902294778,7.083448499797,
    25.064519340749));
#3627 = CARTESIAN_POINT('',(79.29902294778,7.083448499797,
    23.974748939049));
#3628 = ORIENTED_EDGE('',*,*,#3629,.T.);
#3629 = EDGE_CURVE('',#3622,#3630,#3632,.T.);
#3630 = VERTEX_POINT('',#3631);
#3631 = CARTESIAN_POINT('',(80.388793349443,7.083448499797,
    22.884987631426));
#3632 = ( BOUNDED_CURVE() B_SPLINE_CURVE(2,(#3633,#3634,#3635),
.UNSPECIFIED.,.F.,.F.) B_SPLINE_CURVE_WITH_KNOTS((3,3),(3.14159265359,
4.712397325332),.PIECEWISE_BEZIER_KNOTS.) CURVE() 
GEOMETRIC_REPRESENTATION_ITEM() RATIONAL_B_SPLINE_CURVE((1.,
0.707103830796,1.)) REPRESENTATION_ITEM('') );
#3633 = CARTESIAN_POINT('',(79.29902294778,7.083448499797,
    23.974748939049));
#3634 = CARTESIAN_POINT('',(79.29902294778,7.083448499797,
    22.884978537349));
#3635 = CARTESIAN_POINT('',(80.388793349443,7.083448499797,
    22.884987631426));
#3636 = ORIENTED_EDGE('',*,*,#3637,.T.);
#3637 = EDGE_CURVE('',#3630,#3620,#3638,.T.);
#3638 = ( BOUNDED_CURVE() B_SPLINE_CURVE(2,(#3639,#3640,#3641,#3642,
#3643),.UNSPECIFIED.,.F.,.F.) B_SPLINE_CURVE_WITH_KNOTS((3,2,3),(
    4.712380636497,6.28318530718,7.853989977862),
.PIECEWISE_BEZIER_KNOTS.) CURVE() GEOMETRIC_REPRESENTATION_ITEM() 
RATIONAL_B_SPLINE_CURVE((1.,0.707103831171,1.,0.707103831171,1.)) 
REPRESENTATION_ITEM('') );
#3639 = CARTESIAN_POINT('',(80.388793349443,7.083448499797,
    22.884987631426));
#3640 = CARTESIAN_POINT('',(81.47856374995,7.083448499797,
    22.884978538504));
#3641 = CARTESIAN_POINT('',(81.47856374995,7.083448499797,
    23.974748939049));
#3642 = CARTESIAN_POINT('',(81.47856374995,7.083448499797,
    25.064519339594));
#3643 = CARTESIAN_POINT('',(80.388793349443,7.083448499797,
    25.064510246672));
#3644 = FACE_BOUND('',#3645,.T.);
#3645 = EDGE_LOOP('',(#3646,#3656,#3664));
#3646 = ORIENTED_EDGE('',*,*,#3647,.T.);
#3647 = EDGE_CURVE('',#3648,#3650,#3652,.T.);
#3648 = VERTEX_POINT('',#3649);
#3649 = CARTESIAN_POINT('',(68.400932451249,7.083448499797,
    13.077135757861));
#3650 = VERTEX_POINT('',#3651);
#3651 = CARTESIAN_POINT('',(67.311648563509,7.083448499797,
    11.987374554778));
#3652 = ( BOUNDED_CURVE() B_SPLINE_CURVE(2,(#3653,#3654,#3655),
.UNSPECIFIED.,.F.,.F.) B_SPLINE_CURVE_WITH_KNOTS((3,3),(1.571234422673,
3.14159265359),.PIECEWISE_BEZIER_KNOTS.) CURVE() 
GEOMETRIC_REPRESENTATION_ITEM() RATIONAL_B_SPLINE_CURVE((1.,
0.707261654504,1.)) REPRESENTATION_ITEM('') );
#3653 = CARTESIAN_POINT('',(68.400932451249,7.083448499797,
    13.077135757861));
#3654 = CARTESIAN_POINT('',(67.311648563509,7.083448499797,
    13.07665854705));
#3655 = CARTESIAN_POINT('',(67.311648563509,7.083448499797,
    11.987374554778));
#3656 = ORIENTED_EDGE('',*,*,#3657,.T.);
#3657 = EDGE_CURVE('',#3650,#3658,#3660,.T.);
#3658 = VERTEX_POINT('',#3659);
#3659 = CARTESIAN_POINT('',(68.401905479094,7.083448499797,
    10.897613359814));
#3660 = ( BOUNDED_CURVE() B_SPLINE_CURVE(2,(#3661,#3662,#3663),
.UNSPECIFIED.,.F.,.F.) B_SPLINE_CURVE_WITH_KNOTS((3,3),(3.14159265359,
4.71284376616),.PIECEWISE_BEZIER_KNOTS.) CURVE() 
GEOMETRIC_REPRESENTATION_ITEM() RATIONAL_B_SPLINE_CURVE((1.,
0.706945971854,1.)) REPRESENTATION_ITEM('') );
#3661 = CARTESIAN_POINT('',(67.311648563509,7.083448499797,
    11.987374554778));
#3662 = CARTESIAN_POINT('',(67.311648563509,7.083448499797,
    10.897117526444));
#3663 = CARTESIAN_POINT('',(68.401905479094,7.083448499797,
    10.897613359814));
#3664 = ORIENTED_EDGE('',*,*,#3665,.T.);
#3665 = EDGE_CURVE('',#3658,#3648,#3666,.T.);
#3666 = ( BOUNDED_CURVE() B_SPLINE_CURVE(2,(#3667,#3668,#3669,#3670,
#3671),.UNSPECIFIED.,.F.,.F.) B_SPLINE_CURVE_WITH_KNOTS((3,2,3),(
    4.712827077323,6.283631748006,7.854436418689),
.PIECEWISE_BEZIER_KNOTS.) CURVE() GEOMETRIC_REPRESENTATION_ITEM() 
RATIONAL_B_SPLINE_CURVE((1.,0.70710383117,1.,0.70710383117,1.)) 
REPRESENTATION_ITEM('') );
#3667 = CARTESIAN_POINT('',(68.401905479094,7.083448499797,
    10.897613359814));
#3668 = CARTESIAN_POINT('',(69.49167577506,7.083448499797,
    10.898090784875));
#3669 = CARTESIAN_POINT('',(69.491189257078,7.083448499797,
    11.98786107682));
#3670 = CARTESIAN_POINT('',(69.490702739096,7.083448499797,
    13.077631368765));
#3671 = CARTESIAN_POINT('',(68.400932451249,7.083448499797,
    13.077135757861));
#3672 = FACE_BOUND('',#3673,.T.);
#3673 = EDGE_LOOP('',(#3674,#3684,#3692));
#3674 = ORIENTED_EDGE('',*,*,#3675,.T.);
#3675 = EDGE_CURVE('',#3676,#3678,#3680,.T.);
#3676 = VERTEX_POINT('',#3677);
#3677 = CARTESIAN_POINT('',(68.379530245657,7.083448499797,
    37.051664965325));
#3678 = VERTEX_POINT('',#3679);
#3679 = CARTESIAN_POINT('',(67.311648563509,7.083448499797,
    35.96212332332));
#3680 = ( BOUNDED_CURVE() B_SPLINE_CURVE(2,(#3681,#3682,#3683),
.UNSPECIFIED.,.F.,.F.) B_SPLINE_CURVE_WITH_KNOTS((3,3),(1.590875123488,
3.14159265359),.PIECEWISE_BEZIER_KNOTS.) CURVE() 
GEOMETRIC_REPRESENTATION_ITEM() RATIONAL_B_SPLINE_CURVE((1.,
0.714169954411,1.)) REPRESENTATION_ITEM('') );
#3681 = CARTESIAN_POINT('',(68.379530245657,7.083448499797,
    37.051664965325));
#3682 = CARTESIAN_POINT('',(67.311648563509,7.083448499797,
    37.030220304196));
#3683 = CARTESIAN_POINT('',(67.311648563509,7.083448499797,
    35.96212332332));
#3684 = ORIENTED_EDGE('',*,*,#3685,.T.);
#3685 = EDGE_CURVE('',#3678,#3686,#3688,.T.);
#3686 = VERTEX_POINT('',#3687);
#3687 = CARTESIAN_POINT('',(68.423307684686,7.083448499797,
    34.87258204671));
#3688 = ( BOUNDED_CURVE() B_SPLINE_CURVE(2,(#3689,#3690,#3691),
.UNSPECIFIED.,.F.,.F.) B_SPLINE_CURVE_WITH_KNOTS((3,3),(3.14159265359,
4.732484470341),.PIECEWISE_BEZIER_KNOTS.) CURVE() 
GEOMETRIC_REPRESENTATION_ITEM() RATIONAL_B_SPLINE_CURVE((1.,
0.699966378671,1.)) REPRESENTATION_ITEM('') );
#3689 = CARTESIAN_POINT('',(67.311648563509,7.083448499797,
    35.96212332332));
#3690 = CARTESIAN_POINT('',(67.311648563509,7.083448499797,
    34.850239704431));
#3691 = CARTESIAN_POINT('',(68.423307684686,7.083448499797,
    34.87258204671));
#3692 = ORIENTED_EDGE('',*,*,#3693,.T.);
#3693 = EDGE_CURVE('',#3686,#3676,#3694,.T.);
#3694 = ( BOUNDED_CURVE() B_SPLINE_CURVE(2,(#3695,#3696,#3697,#3698,
#3699),.UNSPECIFIED.,.F.,.F.) B_SPLINE_CURVE_WITH_KNOTS((3,2,3),(
    4.732467778138,6.303272450504,7.874077122871),
.PIECEWISE_BEZIER_KNOTS.) CURVE() GEOMETRIC_REPRESENTATION_ITEM() 
RATIONAL_B_SPLINE_CURVE((1.,0.707103830575,1.,0.707103830575,1.)) 
REPRESENTATION_ITEM('') );
#3695 = CARTESIAN_POINT('',(68.423307684686,7.083448499797,
    34.87258204671));
#3696 = CARTESIAN_POINT('',(69.512858419553,7.083448499797,
    34.894461855977));
#3697 = CARTESIAN_POINT('',(69.490969517363,7.083448499797,
    35.984012408207));
#3698 = CARTESIAN_POINT('',(69.469080615173,7.083448499797,
    37.073562960436));
#3699 = CARTESIAN_POINT('',(68.379530245657,7.083448499797,
    37.051664965325));
#3700 = B_SPLINE_SURFACE_WITH_KNOTS('',1,1,(
    (#3701,#3702)
    ,(#3703,#3704
    )),.UNSPECIFIED.,.F.,.F.,.F.,(2,2),(2,2),(-15.,15.),(-15.,15.),
  .PIECEWISE_BEZIER_KNOTS.);
#3701 = CARTESIAN_POINT('',(52.055008443102,7.083448499797,
    7.628329324134));
#3702 = CARTESIAN_POINT('',(52.055008443102,7.083448499797,
    40.321168553964));
#3703 = CARTESIAN_POINT('',(84.747847672933,7.083448499797,
    7.628329324134));
#3704 = CARTESIAN_POINT('',(84.747847672933,7.083448499797,
    40.321168553964));
#3705 = ADVANCED_FACE('',(#3706),#3742,.F.);
#3706 = FACE_BOUND('',#3707,.F.);
#3707 = EDGE_LOOP('',(#3708,#3720,#3727,#3737));
#3708 = ORIENTED_EDGE('',*,*,#3709,.T.);
#3709 = EDGE_CURVE('',#3710,#3712,#3714,.T.);
#3710 = VERTEX_POINT('',#3711);
#3711 = CARTESIAN_POINT('',(17.648318734629,7.083448499797,
    22.884987631426));
#3712 = VERTEX_POINT('',#3713);
#3713 = CARTESIAN_POINT('',(17.648318734629,7.083448499797,
    25.064510246672));
#3714 = ( BOUNDED_CURVE() B_SPLINE_CURVE(2,(#3715,#3716,#3717,#3718,
#3719),.UNSPECIFIED.,.F.,.F.) B_SPLINE_CURVE_WITH_KNOTS((3,2,3),(
    4.71238063572,6.28318530718,7.853989978639),
.PIECEWISE_BEZIER_KNOTS.) CURVE() GEOMETRIC_REPRESENTATION_ITEM() 
RATIONAL_B_SPLINE_CURVE((1.,0.707103830896,1.,0.707103830896,1.)) 
REPRESENTATION_ITEM('') );
#3715 = CARTESIAN_POINT('',(17.648318734629,7.083448499797,
    22.884987631426));
#3716 = CARTESIAN_POINT('',(18.738089135983,7.083448499797,
    22.884978537657));
#3717 = CARTESIAN_POINT('',(18.738089135983,7.083448499797,
    23.974748939049));
#3718 = CARTESIAN_POINT('',(18.738089135983,7.083448499797,
    25.064519340441));
#3719 = CARTESIAN_POINT('',(17.648318734629,7.083448499797,
    25.064510246672));
#3720 = ORIENTED_EDGE('',*,*,#3721,.F.);
#3721 = EDGE_CURVE('',#3722,#3712,#3724,.T.);
#3722 = VERTEX_POINT('',#3723);
#3723 = CARTESIAN_POINT('',(17.648318734627,5.448999052324,
    25.064510246672));
#3724 = B_SPLINE_CURVE_WITH_KNOTS('',1,(#3725,#3726),.UNSPECIFIED.,.F.,
  .F.,(2,2),(6.500176657051,8.),.PIECEWISE_BEZIER_KNOTS.);
#3725 = CARTESIAN_POINT('',(17.648318734629,5.448999052324,
    25.064510246672));
#3726 = CARTESIAN_POINT('',(17.648318734629,7.083448499797,
    25.064510246672));
#3727 = ORIENTED_EDGE('',*,*,#3728,.T.);
#3728 = EDGE_CURVE('',#3722,#3729,#3731,.T.);
#3729 = VERTEX_POINT('',#3730);
#3730 = CARTESIAN_POINT('',(17.648318734627,5.448999052324,
    22.884987631426));
#3731 = ( BOUNDED_CURVE() B_SPLINE_CURVE(2,(#3732,#3733,#3734,#3735,
#3736),.UNSPECIFIED.,.F.,.F.) B_SPLINE_CURVE_WITH_KNOTS((3,2,3),(
    4.712380635718,6.28318530718,7.853989978641),
.PIECEWISE_BEZIER_KNOTS.) CURVE() GEOMETRIC_REPRESENTATION_ITEM() 
RATIONAL_B_SPLINE_CURVE((1.,0.707103830895,1.,0.707103830895,1.)) 
REPRESENTATION_ITEM('') );
#3732 = CARTESIAN_POINT('',(17.648318734627,5.448999052324,
    25.064510246676));
#3733 = CARTESIAN_POINT('',(18.738089135983,5.448996254349,
    25.064519340447));
#3734 = CARTESIAN_POINT('',(18.738089135983,5.448996254349,
    23.974748939049));
#3735 = CARTESIAN_POINT('',(18.738089135983,5.448996254349,
    22.884978537651));
#3736 = CARTESIAN_POINT('',(17.648318734627,5.448999052324,
    22.884987631422));
#3737 = ORIENTED_EDGE('',*,*,#3738,.F.);
#3738 = EDGE_CURVE('',#3710,#3729,#3739,.T.);
#3739 = B_SPLINE_CURVE_WITH_KNOTS('',1,(#3740,#3741),.UNSPECIFIED.,.F.,
  .F.,(2,2),(-8.,-6.500176657051),.PIECEWISE_BEZIER_KNOTS.);
#3740 = CARTESIAN_POINT('',(17.648318734629,7.083448499797,
    22.884987631426));
#3741 = CARTESIAN_POINT('',(17.648318734629,5.448999052324,
    22.884987631426));
#3742 = ( BOUNDED_SURFACE() B_SPLINE_SURFACE(2,1,(
    (#3743,#3744)
    ,(#3745,#3746)
    ,(#3747,#3748)
    ,(#3749,#3750)
    ,(#3751,#3752
)),.UNSPECIFIED.,.F.,.F.,.F.) B_SPLINE_SURFACE_WITH_KNOTS((3,2,3),(2,2),
  (-1.570804671462,0.,1.570804671462),(6.500176657051,8.),
.PIECEWISE_BEZIER_KNOTS.) GEOMETRIC_REPRESENTATION_ITEM() 
RATIONAL_B_SPLINE_SURFACE((
    (1.,1.)
    ,(0.707103830895,0.707103830895)
    ,(1.,1.)
    ,(0.707103830895,0.707103830895)
,(1.,1.))) REPRESENTATION_ITEM('') SURFACE() );
#3743 = CARTESIAN_POINT('',(17.648318734627,5.448999052324,
    25.064510246672));
#3744 = CARTESIAN_POINT('',(17.648318734627,7.083448499797,
    25.064510246672));
#3745 = CARTESIAN_POINT('',(18.738089135983,5.448999052324,
    25.064519340443));
#3746 = CARTESIAN_POINT('',(18.738089135983,7.083448499797,
    25.064519340443));
#3747 = CARTESIAN_POINT('',(18.738089135983,5.448999052324,
    23.974748939049));
#3748 = CARTESIAN_POINT('',(18.738089135983,7.083448499797,
    23.974748939049));
#3749 = CARTESIAN_POINT('',(18.738089135983,5.448999052324,
    22.884978537655));
#3750 = CARTESIAN_POINT('',(18.738089135983,7.083448499797,
    22.884978537655));
#3751 = CARTESIAN_POINT('',(17.648318734627,5.448999052324,
    22.884987631426));
#3752 = CARTESIAN_POINT('',(17.648318734627,7.083448499797,
    22.884987631426));
#3753 = ADVANCED_FACE('',(#3754),#3765,.F.);
#3754 = FACE_BOUND('',#3755,.T.);
#3755 = EDGE_LOOP('',(#3756,#3764));
#3756 = ORIENTED_EDGE('',*,*,#3757,.T.);
#3757 = EDGE_CURVE('',#3729,#3722,#3758,.T.);
#3758 = ( BOUNDED_CURVE() B_SPLINE_CURVE(2,(#3759,#3760,#3761,#3762,
#3763),.UNSPECIFIED.,.F.,.F.) B_SPLINE_CURVE_WITH_KNOTS((3,2,3),(
    4.712397324788,6.28318530718,7.853973289572),
.PIECEWISE_BEZIER_KNOTS.) CURVE() GEOMETRIC_REPRESENTATION_ITEM() 
RATIONAL_B_SPLINE_CURVE((1.,0.707109731372,1.,0.707109731372,1.)) 
REPRESENTATION_ITEM('') );
#3759 = CARTESIAN_POINT('',(17.648318734627,5.448999052324,
    22.884987631422));
#3760 = CARTESIAN_POINT('',(18.73807094888,5.448996254395,
    22.884996724754));
#3761 = CARTESIAN_POINT('',(18.73807094888,5.448996254395,
    23.974748939049));
#3762 = CARTESIAN_POINT('',(18.73807094888,5.448996254395,
    25.064501153344));
#3763 = CARTESIAN_POINT('',(17.648318734627,5.448999052324,
    25.064510246676));
#3764 = ORIENTED_EDGE('',*,*,#3728,.T.);
#3765 = B_SPLINE_SURFACE_WITH_KNOTS('',1,1,(
    (#3766,#3767)
    ,(#3768,#3769
    )),.UNSPECIFIED.,.F.,.F.,.F.,(2,2),(2,2),(67.805327181273,
    68.805335525943),(20.999999843534,22.999999843541),
  .PIECEWISE_BEZIER_KNOTS.);
#3766 = CARTESIAN_POINT('',(18.738089135983,5.448996254349,
    25.064510246714));
#3767 = CARTESIAN_POINT('',(18.738089135983,5.448996254349,
    22.884987631384));
#3768 = CARTESIAN_POINT('',(17.648318734627,5.448999052324,
    25.064510246714));
#3769 = CARTESIAN_POINT('',(17.648318734627,5.448999052324,
    22.884987631384));
#3770 = ADVANCED_FACE('',(#3771,#3774,#3785,#3802,#3830,#3858),#3886,.F.
  );
#3771 = FACE_BOUND('',#3772,.T.);
#3772 = EDGE_LOOP('',(#3773));
#3773 = ORIENTED_EDGE('',*,*,#3382,.T.);
#3774 = FACE_BOUND('',#3775,.T.);
#3775 = EDGE_LOOP('',(#3776,#3784));
#3776 = ORIENTED_EDGE('',*,*,#3777,.T.);
#3777 = EDGE_CURVE('',#3443,#3436,#3778,.T.);
#3778 = ( BOUNDED_CURVE() B_SPLINE_CURVE(2,(#3779,#3780,#3781,#3782,
#3783),.UNSPECIFIED.,.F.,.F.) B_SPLINE_CURVE_WITH_KNOTS((3,2,3),(
    1.570792369769,3.14159265359,4.712392937411),
.PIECEWISE_BEZIER_KNOTS.) CURVE() GEOMETRIC_REPRESENTATION_ITEM() 
RATIONAL_B_SPLINE_CURVE((1.,0.707105382165,1.,0.707105382165,1.)) 
REPRESENTATION_ITEM('') );
#3779 = CARTESIAN_POINT('',(29.635714210988,7.083448499797,
    31.603078092667));
#3780 = CARTESIAN_POINT('',(22.007354871813,7.083448499797,
    31.603108278283));
#3781 = CARTESIAN_POINT('',(22.007354871813,7.083448499797,
    23.974748939049));
#3782 = CARTESIAN_POINT('',(22.007354871813,7.083448499797,
    16.346389599815));
#3783 = CARTESIAN_POINT('',(29.635714210988,7.083448499797,
    16.346419785431));
#3784 = ORIENTED_EDGE('',*,*,#3442,.T.);
#3785 = FACE_BOUND('',#3786,.T.);
#3786 = EDGE_LOOP('',(#3787,#3795,#3801));
#3787 = ORIENTED_EDGE('',*,*,#3788,.T.);
#3788 = EDGE_CURVE('',#3712,#3789,#3791,.T.);
#3789 = VERTEX_POINT('',#3790);
#3790 = CARTESIAN_POINT('',(16.558548333558,7.083448499797,
    23.974748939049));
#3791 = ( BOUNDED_CURVE() B_SPLINE_CURVE(2,(#3792,#3793,#3794),
.UNSPECIFIED.,.F.,.F.) B_SPLINE_CURVE_WITH_KNOTS((3,3),(1.57078798239,
3.14159265359),.PIECEWISE_BEZIER_KNOTS.) CURVE() 
GEOMETRIC_REPRESENTATION_ITEM() RATIONAL_B_SPLINE_CURVE((1.,
0.707103830988,1.)) REPRESENTATION_ITEM('') );
#3792 = CARTESIAN_POINT('',(17.648318734629,7.083448499797,
    25.064510246672));
#3793 = CARTESIAN_POINT('',(16.558548333558,7.083448499797,
    25.064519340158));
#3794 = CARTESIAN_POINT('',(16.558548333558,7.083448499797,
    23.974748939049));
#3795 = ORIENTED_EDGE('',*,*,#3796,.T.);
#3796 = EDGE_CURVE('',#3789,#3710,#3797,.T.);
#3797 = ( BOUNDED_CURVE() B_SPLINE_CURVE(2,(#3798,#3799,#3800),
.UNSPECIFIED.,.F.,.F.) B_SPLINE_CURVE_WITH_KNOTS((3,3),(3.14159265359,
4.71239732479),.PIECEWISE_BEZIER_KNOTS.) CURVE() 
GEOMETRIC_REPRESENTATION_ITEM() RATIONAL_B_SPLINE_CURVE((1.,
0.707103830988,1.)) REPRESENTATION_ITEM('') );
#3798 = CARTESIAN_POINT('',(16.558548333558,7.083448499797,
    23.974748939049));
#3799 = CARTESIAN_POINT('',(16.558548333558,7.083448499797,
    22.88497853794));
#3800 = CARTESIAN_POINT('',(17.648318734629,7.083448499797,
    22.884987631426));
#3801 = ORIENTED_EDGE('',*,*,#3709,.T.);
#3802 = FACE_BOUND('',#3803,.T.);
#3803 = EDGE_LOOP('',(#3804,#3814,#3822));
#3804 = ORIENTED_EDGE('',*,*,#3805,.T.);
#3805 = EDGE_CURVE('',#3806,#3808,#3810,.T.);
#3806 = VERTEX_POINT('',#3807);
#3807 = CARTESIAN_POINT('',(29.613804706954,7.083448499797,
    37.05166497149));
#3808 = VERTEX_POINT('',#3809);
#3809 = CARTESIAN_POINT('',(28.54592271783,7.083448499797,35.96212332332
    ));
#3810 = ( BOUNDED_CURVE() B_SPLINE_CURVE(2,(#3811,#3812,#3813),
.UNSPECIFIED.,.F.,.F.) B_SPLINE_CURVE_WITH_KNOTS((3,3),(1.590874841739,
3.14159265359),.PIECEWISE_BEZIER_KNOTS.) CURVE() 
GEOMETRIC_REPRESENTATION_ITEM() RATIONAL_B_SPLINE_CURVE((1.,
0.714169855802,1.)) REPRESENTATION_ITEM('') );
#3811 = CARTESIAN_POINT('',(29.613804706954,7.083448499797,
    37.05166497149));
#3812 = CARTESIAN_POINT('',(28.54592271783,7.083448499797,
    37.030220605192));
#3813 = CARTESIAN_POINT('',(28.54592271783,7.083448499797,35.96212332332
    ));
#3814 = ORIENTED_EDGE('',*,*,#3815,.T.);
#3815 = EDGE_CURVE('',#3808,#3816,#3818,.T.);
#3816 = VERTEX_POINT('',#3817);
#3817 = CARTESIAN_POINT('',(29.65758153113,7.083448499797,
    34.872582040522));
#3818 = ( BOUNDED_CURVE() B_SPLINE_CURVE(2,(#3819,#3820,#3821),
.UNSPECIFIED.,.F.,.F.) B_SPLINE_CURVE_WITH_KNOTS((3,3),(3.14159265359,
4.732484187766),.PIECEWISE_BEZIER_KNOTS.) CURVE() 
GEOMETRIC_REPRESENTATION_ITEM() RATIONAL_B_SPLINE_CURVE((1.,
0.699966479575,1.)) REPRESENTATION_ITEM('') );
#3819 = CARTESIAN_POINT('',(28.54592271783,7.083448499797,35.96212332332
    ));
#3820 = CARTESIAN_POINT('',(28.54592271783,7.083448499797,
    34.850240018685));
#3821 = CARTESIAN_POINT('',(29.65758153113,7.083448499797,
    34.872582040522));
#3822 = ORIENTED_EDGE('',*,*,#3823,.T.);
#3823 = EDGE_CURVE('',#3816,#3806,#3824,.T.);
#3824 = ( BOUNDED_CURVE() B_SPLINE_CURVE(2,(#3825,#3826,#3827,#3828,
#3829),.UNSPECIFIED.,.F.,.F.) B_SPLINE_CURVE_WITH_KNOTS((3,2,3),(
    4.732467495329,6.303272168343,7.874076841356),
.PIECEWISE_BEZIER_KNOTS.) CURVE() GEOMETRIC_REPRESENTATION_ITEM() 
RATIONAL_B_SPLINE_CURVE((1.,0.707103830346,1.,0.707103830346,1.)) 
REPRESENTATION_ITEM('') );
#3825 = CARTESIAN_POINT('',(29.65758153113,7.083448499797,
    34.872582040522));
#3826 = CARTESIAN_POINT('',(30.74713227289,7.083448499797,
    34.894461541669));
#3827 = CARTESIAN_POINT('',(30.725243678115,7.083448499797,
    35.98401210078));
#3828 = CARTESIAN_POINT('',(30.70335508334,7.083448499797,
    37.073562659891));
#3829 = CARTESIAN_POINT('',(29.613804706954,7.083448499797,
    37.05166497149));
#3830 = FACE_BOUND('',#3831,.T.);
#3831 = EDGE_LOOP('',(#3832,#3842,#3850));
#3832 = ORIENTED_EDGE('',*,*,#3833,.T.);
#3833 = EDGE_CURVE('',#3834,#3836,#3838,.T.);
#3834 = VERTEX_POINT('',#3835);
#3835 = CARTESIAN_POINT('',(29.635206611955,7.083448499797,
    13.077135757864));
#3836 = VERTEX_POINT('',#3837);
#3837 = CARTESIAN_POINT('',(28.54592271783,7.083448499797,
    11.987374554778));
#3838 = ( BOUNDED_CURVE() B_SPLINE_CURVE(2,(#3839,#3840,#3841),
.UNSPECIFIED.,.F.,.F.) B_SPLINE_CURVE_WITH_KNOTS((3,3),(1.571234416813,
3.14159265359),.PIECEWISE_BEZIER_KNOTS.) CURVE() 
GEOMETRIC_REPRESENTATION_ITEM() RATIONAL_B_SPLINE_CURVE((1.,
0.707261652433,1.)) REPRESENTATION_ITEM('') );
#3839 = CARTESIAN_POINT('',(29.635206611955,7.083448499797,
    13.077135757864));
#3840 = CARTESIAN_POINT('',(28.54592271783,7.083448499797,
    13.076658553433));
#3841 = CARTESIAN_POINT('',(28.54592271783,7.083448499797,
    11.987374554778));
#3842 = ORIENTED_EDGE('',*,*,#3843,.T.);
#3843 = EDGE_CURVE('',#3836,#3844,#3846,.T.);
#3844 = VERTEX_POINT('',#3845);
#3845 = CARTESIAN_POINT('',(29.636179626128,7.083448499797,
    10.897613359811));
#3846 = ( BOUNDED_CURVE() B_SPLINE_CURVE(2,(#3847,#3848,#3849),
.UNSPECIFIED.,.F.,.F.) B_SPLINE_CURVE_WITH_KNOTS((3,3),(3.14159265359,
4.712843759474),.PIECEWISE_BEZIER_KNOTS.) CURVE() 
GEOMETRIC_REPRESENTATION_ITEM() RATIONAL_B_SPLINE_CURVE((1.,
0.706945974218,1.)) REPRESENTATION_ITEM('') );
#3847 = CARTESIAN_POINT('',(28.54592271783,7.083448499797,
    11.987374554778));
#3848 = CARTESIAN_POINT('',(28.54592271783,7.083448499797,
    10.897117533733));
#3849 = CARTESIAN_POINT('',(29.636179626128,7.083448499797,
    10.897613359811));
#3850 = ORIENTED_EDGE('',*,*,#3851,.T.);
#3851 = EDGE_CURVE('',#3844,#3834,#3852,.T.);
#3852 = ( BOUNDED_CURVE() B_SPLINE_CURVE(2,(#3853,#3854,#3855,#3856,
#3857),.UNSPECIFIED.,.F.,.F.) B_SPLINE_CURVE_WITH_KNOTS((3,2,3),(
    4.712827070402,6.283631741733,7.854436413064),
.PIECEWISE_BEZIER_KNOTS.) CURVE() GEOMETRIC_REPRESENTATION_ITEM() 
RATIONAL_B_SPLINE_CURVE((1.,0.707103830941,1.,0.707103830941,1.)) 
REPRESENTATION_ITEM('') );
#3853 = CARTESIAN_POINT('',(29.636179626128,7.083448499797,
    10.897613359811));
#3854 = CARTESIAN_POINT('',(30.725949922804,7.083448499797,
    10.89809077733));
#3855 = CARTESIAN_POINT('',(30.725463411657,7.083448499797,
    11.987861069984));
#3856 = CARTESIAN_POINT('',(30.724976900511,7.083448499797,
    13.077631362637));
#3857 = CARTESIAN_POINT('',(29.635206611955,7.083448499797,
    13.077135757864));
#3858 = FACE_BOUND('',#3859,.T.);
#3859 = EDGE_LOOP('',(#3860,#3870,#3878));
#3860 = ORIENTED_EDGE('',*,*,#3861,.T.);
#3861 = EDGE_CURVE('',#3862,#3864,#3866,.T.);
#3862 = VERTEX_POINT('',#3863);
#3863 = CARTESIAN_POINT('',(41.623067503024,7.083448499797,
    25.064510246672));
#3864 = VERTEX_POINT('',#3865);
#3865 = CARTESIAN_POINT('',(40.533297102101,7.083448499797,
    23.974748939049));
#3866 = ( BOUNDED_CURVE() B_SPLINE_CURVE(2,(#3867,#3868,#3869),
.UNSPECIFIED.,.F.,.F.) B_SPLINE_CURVE_WITH_KNOTS((3,3),(1.570787982525,
3.14159265359),.PIECEWISE_BEZIER_KNOTS.) CURVE() 
GEOMETRIC_REPRESENTATION_ITEM() RATIONAL_B_SPLINE_CURVE((1.,
0.707103831036,1.)) REPRESENTATION_ITEM('') );
#3867 = CARTESIAN_POINT('',(41.623067503024,7.083448499797,
    25.064510246672));
#3868 = CARTESIAN_POINT('',(40.533297102101,7.083448499797,
    25.06451934001));
#3869 = CARTESIAN_POINT('',(40.533297102101,7.083448499797,
    23.974748939049));
#3870 = ORIENTED_EDGE('',*,*,#3871,.T.);
#3871 = EDGE_CURVE('',#3864,#3872,#3874,.T.);
#3872 = VERTEX_POINT('',#3873);
#3873 = CARTESIAN_POINT('',(41.623067503024,7.083448499797,
    22.884987631426));
#3874 = ( BOUNDED_CURVE() B_SPLINE_CURVE(2,(#3875,#3876,#3877),
.UNSPECIFIED.,.F.,.F.) B_SPLINE_CURVE_WITH_KNOTS((3,3),(3.14159265359,
4.712397324654),.PIECEWISE_BEZIER_KNOTS.) CURVE() 
GEOMETRIC_REPRESENTATION_ITEM() RATIONAL_B_SPLINE_CURVE((1.,
0.707103831036,1.)) REPRESENTATION_ITEM('') );
#3875 = CARTESIAN_POINT('',(40.533297102101,7.083448499797,
    23.974748939049));
#3876 = CARTESIAN_POINT('',(40.533297102101,7.083448499797,
    22.884978538088));
#3877 = CARTESIAN_POINT('',(41.623067503024,7.083448499797,
    22.884987631426));
#3878 = ORIENTED_EDGE('',*,*,#3879,.T.);
#3879 = EDGE_CURVE('',#3872,#3862,#3880,.T.);
#3880 = ( BOUNDED_CURVE() B_SPLINE_CURVE(2,(#3881,#3882,#3883,#3884,
#3885),.UNSPECIFIED.,.F.,.F.) B_SPLINE_CURVE_WITH_KNOTS((3,2,3),(
    4.712380635585,6.28318530718,7.853989978774),
.PIECEWISE_BEZIER_KNOTS.) CURVE() GEOMETRIC_REPRESENTATION_ITEM() 
RATIONAL_B_SPLINE_CURVE((1.,0.707103830848,1.,0.707103830848,1.)) 
REPRESENTATION_ITEM('') );
#3881 = CARTESIAN_POINT('',(41.623067503024,7.083448499797,
    22.884987631426));
#3882 = CARTESIAN_POINT('',(42.712837904525,7.083448499797,
    22.88497853751));
#3883 = CARTESIAN_POINT('',(42.712837904525,7.083448499797,
    23.974748939049));
#3884 = CARTESIAN_POINT('',(42.712837904525,7.083448499797,
    25.064519340588));
#3885 = CARTESIAN_POINT('',(41.623067503024,7.083448499797,
    25.064510246672));
#3886 = B_SPLINE_SURFACE_WITH_KNOTS('',1,1,(
    (#3887,#3888)
    ,(#3889,#3890
    )),.UNSPECIFIED.,.F.,.F.,.F.,(2,2),(2,2),(-15.,15.),(-15.,15.),
  .PIECEWISE_BEZIER_KNOTS.);
#3887 = CARTESIAN_POINT('',(13.289282597678,7.083448499797,
    7.628329324134));
#3888 = CARTESIAN_POINT('',(13.289282597678,7.083448499797,
    40.321168553964));
#3889 = CARTESIAN_POINT('',(45.982121827509,7.083448499797,
    7.628329324134));
#3890 = CARTESIAN_POINT('',(45.982121827509,7.083448499797,
    40.321168553964));
#3891 = ADVANCED_FACE('',(#3892),#3917,.F.);
#3892 = FACE_BOUND('',#3893,.F.);
#3893 = EDGE_LOOP('',(#3894,#3895,#3902,#3912));
#3894 = ORIENTED_EDGE('',*,*,#3823,.T.);
#3895 = ORIENTED_EDGE('',*,*,#3896,.F.);
#3896 = EDGE_CURVE('',#3897,#3806,#3899,.T.);
#3897 = VERTEX_POINT('',#3898);
#3898 = CARTESIAN_POINT('',(29.613804706953,5.448968331051,
    37.05166497149));
#3899 = B_SPLINE_CURVE_WITH_KNOTS('',1,(#3900,#3901),.UNSPECIFIED.,.F.,
  .F.,(2,2),(6.500148466224,8.),.PIECEWISE_BEZIER_KNOTS.);
#3900 = CARTESIAN_POINT('',(29.613804706954,5.448968331051,
    37.05166497149));
#3901 = CARTESIAN_POINT('',(29.613804706954,7.083448499797,
    37.05166497149));
#3902 = ORIENTED_EDGE('',*,*,#3903,.T.);
#3903 = EDGE_CURVE('',#3897,#3904,#3906,.T.);
#3904 = VERTEX_POINT('',#3905);
#3905 = CARTESIAN_POINT('',(29.657581531126,5.448968218655,
    34.872582040522));
#3906 = ( BOUNDED_CURVE() B_SPLINE_CURVE(2,(#3907,#3908,#3909,#3910,
#3911),.UNSPECIFIED.,.F.,.F.) B_SPLINE_CURVE_WITH_KNOTS((3,2,3),(
    4.692293773002,6.263098446017,7.833903119033),
.PIECEWISE_BEZIER_KNOTS.) CURVE() GEOMETRIC_REPRESENTATION_ITEM() 
RATIONAL_B_SPLINE_CURVE((1.,0.707103830346,1.,0.707103830346,1.)) 
REPRESENTATION_ITEM('') );
#3907 = CARTESIAN_POINT('',(29.613804706953,5.448968331051,
    37.051664971493));
#3908 = CARTESIAN_POINT('',(30.703355083341,5.448965533641,
    37.073562659896));
#3909 = CARTESIAN_POINT('',(30.725243678115,5.448965477442,
    35.984012100779));
#3910 = CARTESIAN_POINT('',(30.747132272889,5.448965421244,
    34.894461541662));
#3911 = CARTESIAN_POINT('',(29.657581531126,5.448968218655,
    34.872582040518));
#3912 = ORIENTED_EDGE('',*,*,#3913,.F.);
#3913 = EDGE_CURVE('',#3816,#3904,#3914,.T.);
#3914 = B_SPLINE_CURVE_WITH_KNOTS('',1,(#3915,#3916),.UNSPECIFIED.,.F.,
  .F.,(2,2),(-8.,-6.500148363085),.PIECEWISE_BEZIER_KNOTS.);
#3915 = CARTESIAN_POINT('',(29.65758153113,7.083448499797,
    34.872582040522));
#3916 = CARTESIAN_POINT('',(29.65758153113,5.448968218655,
    34.872582040522));
#3917 = ( BOUNDED_SURFACE() B_SPLINE_SURFACE(2,1,(
    (#3918,#3919)
    ,(#3920,#3921)
    ,(#3922,#3923)
    ,(#3924,#3925)
    ,(#3926,#3927
)),.UNSPECIFIED.,.F.,.F.,.F.) B_SPLINE_SURFACE_WITH_KNOTS((3,2,3),(2,2),
  (4.692293773002,6.263098446018,7.833903119033),(6.500148363085,8.),
.PIECEWISE_BEZIER_KNOTS.) GEOMETRIC_REPRESENTATION_ITEM() 
RATIONAL_B_SPLINE_SURFACE((
    (1.,1.)
    ,(0.707103830346,0.707103830346)
    ,(1.,1.)
    ,(0.707103830346,0.707103830346)
,(1.,1.))) REPRESENTATION_ITEM('') SURFACE() );
#3918 = CARTESIAN_POINT('',(29.613804706953,5.448968218655,
    37.05166497149));
#3919 = CARTESIAN_POINT('',(29.613804706953,7.083448499797,
    37.05166497149));
#3920 = CARTESIAN_POINT('',(30.703355083341,5.448968218655,
    37.073562659892));
#3921 = CARTESIAN_POINT('',(30.703355083341,7.083448499797,
    37.073562659892));
#3922 = CARTESIAN_POINT('',(30.725243678115,5.448968218655,
    35.984012100779));
#3923 = CARTESIAN_POINT('',(30.725243678115,7.083448499797,
    35.984012100779));
#3924 = CARTESIAN_POINT('',(30.747132272889,5.448968218655,
    34.894461541665));
#3925 = CARTESIAN_POINT('',(30.747132272889,7.083448499797,
    34.894461541665));
#3926 = CARTESIAN_POINT('',(29.657581531126,5.448968218655,
    34.872582040522));
#3927 = CARTESIAN_POINT('',(29.657581531126,7.083448499797,
    34.872582040522));
#3928 = ADVANCED_FACE('',(#3929),#3940,.F.);
#3929 = FACE_BOUND('',#3930,.T.);
#3930 = EDGE_LOOP('',(#3931,#3939));
#3931 = ORIENTED_EDGE('',*,*,#3932,.T.);
#3932 = EDGE_CURVE('',#3904,#3897,#3933,.T.);
#3933 = ( BOUNDED_CURVE() B_SPLINE_CURVE(2,(#3934,#3935,#3936,#3937,
#3938),.UNSPECIFIED.,.F.,.F.) B_SPLINE_CURVE_WITH_KNOTS((3,2,3),(
    4.732484187763,6.303272168342,7.87406014892),
.PIECEWISE_BEZIER_KNOTS.) CURVE() GEOMETRIC_REPRESENTATION_ITEM() 
RATIONAL_B_SPLINE_CURVE((1.,0.707109732014,1.,0.707109732014,1.)) 
REPRESENTATION_ITEM('') );
#3934 = CARTESIAN_POINT('',(29.657581531126,5.448968218655,
    34.872582040518));
#3935 = CARTESIAN_POINT('',(30.747113720415,5.448965421291,
    34.894479363394));
#3936 = CARTESIAN_POINT('',(30.725225491012,5.448965477489,
    35.984011735408));
#3937 = CARTESIAN_POINT('',(30.70333726161,5.448965533687,
    37.073544107422));
#3938 = CARTESIAN_POINT('',(29.613804706953,5.448968331051,
    37.051664971493));
#3939 = ORIENTED_EDGE('',*,*,#3903,.T.);
#3940 = B_SPLINE_SURFACE_WITH_KNOTS('',1,1,(
    (#3941,#3942)
    ,(#3943,#3944
    )),.UNSPECIFIED.,.F.,.F.,.F.,(2,2),(2,2),(56.805327181237,
    57.825421036185),(9.999999508258,11.999797941656),
  .PIECEWISE_BEZIER_KNOTS.);
#3941 = CARTESIAN_POINT('',(30.725463520254,5.448965476878,
    37.051884996356));
#3942 = CARTESIAN_POINT('',(30.725463520254,5.448965476878,
    34.872582040518));
#3943 = CARTESIAN_POINT('',(29.613804706953,5.448968331051,
    37.051884996356));
#3944 = CARTESIAN_POINT('',(29.613804706953,5.448968331051,
    34.872582040518));
#3945 = ADVANCED_FACE('',(#3946),#3971,.F.);
#3946 = FACE_BOUND('',#3947,.F.);
#3947 = EDGE_LOOP('',(#3948,#3949,#3956,#3966));
#3948 = ORIENTED_EDGE('',*,*,#3637,.T.);
#3949 = ORIENTED_EDGE('',*,*,#3950,.F.);
#3950 = EDGE_CURVE('',#3951,#3620,#3953,.T.);
#3951 = VERTEX_POINT('',#3952);
#3952 = CARTESIAN_POINT('',(80.388793349445,5.448837966746,
    25.064510246672));
#3953 = B_SPLINE_CURVE_WITH_KNOTS('',1,(#3954,#3955),.UNSPECIFIED.,.F.,
  .F.,(2,2),(6.500028839748,8.),.PIECEWISE_BEZIER_KNOTS.);
#3954 = CARTESIAN_POINT('',(80.388793349443,5.448837966746,
    25.064510246672));
#3955 = CARTESIAN_POINT('',(80.388793349443,7.083448499797,
    25.064510246672));
#3956 = ORIENTED_EDGE('',*,*,#3957,.T.);
#3957 = EDGE_CURVE('',#3951,#3958,#3960,.T.);
#3958 = VERTEX_POINT('',#3959);
#3959 = CARTESIAN_POINT('',(80.388793349445,5.448837966746,
    22.884987631426));
#3960 = ( BOUNDED_CURVE() B_SPLINE_CURVE(2,(#3961,#3962,#3963,#3964,
#3965),.UNSPECIFIED.,.F.,.F.) B_SPLINE_CURVE_WITH_KNOTS((3,2,3),(
    4.7123806365,6.28318530718,7.853989977859),
.PIECEWISE_BEZIER_KNOTS.) CURVE() GEOMETRIC_REPRESENTATION_ITEM() 
RATIONAL_B_SPLINE_CURVE((1.,0.707103831172,1.,0.707103831172,1.)) 
REPRESENTATION_ITEM('') );
#3961 = CARTESIAN_POINT('',(80.388793349445,5.448837966746,
    25.064510246676));
#3962 = CARTESIAN_POINT('',(81.47856374995,5.448835168771,
    25.064519339595));
#3963 = CARTESIAN_POINT('',(81.47856374995,5.448835168771,
    23.974748939049));
#3964 = CARTESIAN_POINT('',(81.47856374995,5.448835168771,
    22.884978538503));
#3965 = CARTESIAN_POINT('',(80.388793349445,5.448837966746,
    22.884987631422));
#3966 = ORIENTED_EDGE('',*,*,#3967,.F.);
#3967 = EDGE_CURVE('',#3630,#3958,#3968,.T.);
#3968 = B_SPLINE_CURVE_WITH_KNOTS('',1,(#3969,#3970),.UNSPECIFIED.,.F.,
  .F.,(2,2),(-8.,-6.500028839748),.PIECEWISE_BEZIER_KNOTS.);
#3969 = CARTESIAN_POINT('',(80.388793349443,7.083448499797,
    22.884987631426));
#3970 = CARTESIAN_POINT('',(80.388793349443,5.448837966746,
    22.884987631426));
#3971 = ( BOUNDED_SURFACE() B_SPLINE_SURFACE(2,1,(
    (#3972,#3973)
    ,(#3974,#3975)
    ,(#3976,#3977)
    ,(#3978,#3979)
    ,(#3980,#3981
)),.UNSPECIFIED.,.F.,.F.,.F.) B_SPLINE_SURFACE_WITH_KNOTS((3,2,3),(2,2),
  (-1.570804670682,0.,1.570804670682),(6.500028839748,8.),
.PIECEWISE_BEZIER_KNOTS.) GEOMETRIC_REPRESENTATION_ITEM() 
RATIONAL_B_SPLINE_SURFACE((
    (1.,1.)
    ,(0.707103831171,0.707103831171)
    ,(1.,1.)
    ,(0.707103831171,0.707103831171)
,(1.,1.))) REPRESENTATION_ITEM('') SURFACE() );
#3972 = CARTESIAN_POINT('',(80.388793349443,5.448837966746,
    25.064510246672));
#3973 = CARTESIAN_POINT('',(80.388793349443,7.083448499797,
    25.064510246672));
#3974 = CARTESIAN_POINT('',(81.47856374995,5.448837966746,
    25.064519339594));
#3975 = CARTESIAN_POINT('',(81.47856374995,7.083448499797,
    25.064519339594));
#3976 = CARTESIAN_POINT('',(81.47856374995,5.448837966746,
    23.974748939049));
#3977 = CARTESIAN_POINT('',(81.47856374995,7.083448499797,
    23.974748939049));
#3978 = CARTESIAN_POINT('',(81.47856374995,5.448837966746,
    22.884978538504));
#3979 = CARTESIAN_POINT('',(81.47856374995,7.083448499797,
    22.884978538504));
#3980 = CARTESIAN_POINT('',(80.388793349443,5.448837966746,
    22.884987631426));
#3981 = CARTESIAN_POINT('',(80.388793349443,7.083448499797,
    22.884987631426));
#3982 = ADVANCED_FACE('',(#3983),#3994,.F.);
#3983 = FACE_BOUND('',#3984,.T.);
#3984 = EDGE_LOOP('',(#3985,#3993));
#3985 = ORIENTED_EDGE('',*,*,#3986,.T.);
#3986 = EDGE_CURVE('',#3958,#3951,#3987,.T.);
#3987 = ( BOUNDED_CURVE() B_SPLINE_CURVE(2,(#3988,#3989,#3990,#3991,
#3992),.UNSPECIFIED.,.F.,.F.) B_SPLINE_CURVE_WITH_KNOTS((3,2,3),(
    4.712397325335,6.28318530718,7.853973289024),
.PIECEWISE_BEZIER_KNOTS.) CURVE() GEOMETRIC_REPRESENTATION_ITEM() 
RATIONAL_B_SPLINE_CURVE((1.,0.707109731566,1.,0.707109731566,1.)) 
REPRESENTATION_ITEM('') );
#3988 = CARTESIAN_POINT('',(80.388793349445,5.448837966746,
    22.884987631422));
#3989 = CARTESIAN_POINT('',(81.478545563103,5.448835168818,
    22.88499672535));
#3990 = CARTESIAN_POINT('',(81.478545563103,5.448835168818,
    23.974748939049));
#3991 = CARTESIAN_POINT('',(81.478545563103,5.448835168818,
    25.064501152748));
#3992 = CARTESIAN_POINT('',(80.388793349445,5.448837966746,
    25.064510246676));
#3993 = ORIENTED_EDGE('',*,*,#3957,.T.);
#3994 = B_SPLINE_SURFACE_WITH_KNOTS('',1,1,(
    (#3995,#3996)
    ,(#3997,#3998
    )),.UNSPECIFIED.,.F.,.F.,.F.,(2,2),(2,2),(10.23265124471,
    11.232659588598),(20.999999843535,22.999999843541),
  .PIECEWISE_BEZIER_KNOTS.);
#3995 = CARTESIAN_POINT('',(81.47856374995,5.448835168771,
    25.064510246714));
#3996 = CARTESIAN_POINT('',(81.47856374995,5.448835168771,
    22.884987631384));
#3997 = CARTESIAN_POINT('',(80.388793349445,5.448837966746,
    25.064510246714));
#3998 = CARTESIAN_POINT('',(80.388793349445,5.448837966746,
    22.884987631384));
#3999 = ADVANCED_FACE('',(#4000),#4025,.F.);
#4000 = FACE_BOUND('',#4001,.F.);
#4001 = EDGE_LOOP('',(#4002,#4003,#4010,#4020));
#4002 = ORIENTED_EDGE('',*,*,#3665,.T.);
#4003 = ORIENTED_EDGE('',*,*,#4004,.F.);
#4004 = EDGE_CURVE('',#4005,#3648,#4007,.T.);
#4005 = VERTEX_POINT('',#4006);
#4006 = CARTESIAN_POINT('',(68.400932451255,5.448868745466,
    13.077135757861));
#4007 = B_SPLINE_CURVE_WITH_KNOTS('',1,(#4008,#4009),.UNSPECIFIED.,.F.,
  .F.,(2,2),(6.50005708329,8.),.PIECEWISE_BEZIER_KNOTS.);
#4008 = CARTESIAN_POINT('',(68.400932451249,5.448868745466,
    13.077135757861));
#4009 = CARTESIAN_POINT('',(68.400932451249,7.083448499797,
    13.077135757861));
#4010 = ORIENTED_EDGE('',*,*,#4011,.T.);
#4011 = EDGE_CURVE('',#4005,#4012,#4014,.T.);
#4012 = VERTEX_POINT('',#4013);
#4013 = CARTESIAN_POINT('',(68.401905479097,5.448868742968,
    10.897613359814));
#4014 = ( BOUNDED_CURVE() B_SPLINE_CURVE(2,(#4015,#4016,#4017,#4018,
#4019),.UNSPECIFIED.,.F.,.F.) B_SPLINE_CURVE_WITH_KNOTS((3,2,3),(
    4.711934195675,6.282738866354,7.853543537033),
.PIECEWISE_BEZIER_KNOTS.) CURVE() GEOMETRIC_REPRESENTATION_ITEM() 
RATIONAL_B_SPLINE_CURVE((1.,0.707103831172,1.,0.707103831172,1.)) 
REPRESENTATION_ITEM('') );
#4015 = CARTESIAN_POINT('',(68.400932451255,5.448868745466,
    13.077135757865));
#4016 = CARTESIAN_POINT('',(69.490702739098,5.448865947491,
    13.077631368762));
#4017 = CARTESIAN_POINT('',(69.491189257078,5.448865946242,
    11.987861076818));
#4018 = CARTESIAN_POINT('',(69.491675775059,5.448865944993,
    10.898090784875));
#4019 = CARTESIAN_POINT('',(68.401905479097,5.448868742968,
    10.897613359811));
#4020 = ORIENTED_EDGE('',*,*,#4021,.F.);
#4021 = EDGE_CURVE('',#3658,#4012,#4022,.T.);
#4022 = B_SPLINE_CURVE_WITH_KNOTS('',1,(#4023,#4024),.UNSPECIFIED.,.F.,
  .F.,(2,2),(-8.,-6.500057080998),.PIECEWISE_BEZIER_KNOTS.);
#4023 = CARTESIAN_POINT('',(68.401905479094,7.083448499797,
    10.897613359814));
#4024 = CARTESIAN_POINT('',(68.401905479094,5.448868742968,
    10.897613359814));
#4025 = ( BOUNDED_SURFACE() B_SPLINE_SURFACE(2,1,(
    (#4026,#4027)
    ,(#4028,#4029)
    ,(#4030,#4031)
    ,(#4032,#4033)
    ,(#4034,#4035
)),.UNSPECIFIED.,.F.,.F.,.F.) B_SPLINE_SURFACE_WITH_KNOTS((3,2,3),(2,2),
  (4.71193419567,6.282738866353,7.853543537037),(6.500057080998,8.),
.PIECEWISE_BEZIER_KNOTS.) GEOMETRIC_REPRESENTATION_ITEM() 
RATIONAL_B_SPLINE_SURFACE((
    (1.,1.)
    ,(0.70710383117,0.70710383117)
    ,(1.,1.)
    ,(0.70710383117,0.70710383117)
,(1.,1.))) REPRESENTATION_ITEM('') SURFACE() );
#4026 = CARTESIAN_POINT('',(68.400932451249,5.448868742968,
    13.077135757861));
#4027 = CARTESIAN_POINT('',(68.400932451249,7.083448499797,
    13.077135757861));
#4028 = CARTESIAN_POINT('',(69.490702739096,5.448868742968,
    13.077631368765));
#4029 = CARTESIAN_POINT('',(69.490702739096,7.083448499797,
    13.077631368765));
#4030 = CARTESIAN_POINT('',(69.491189257078,5.448868742968,
    11.98786107682));
#4031 = CARTESIAN_POINT('',(69.491189257078,7.083448499797,
    11.98786107682));
#4032 = CARTESIAN_POINT('',(69.49167577506,5.448868742968,
    10.898090784875));
#4033 = CARTESIAN_POINT('',(69.49167577506,7.083448499797,
    10.898090784875));
#4034 = CARTESIAN_POINT('',(68.401905479094,5.448868742968,
    10.897613359814));
#4035 = CARTESIAN_POINT('',(68.401905479094,7.083448499797,
    10.897613359814));
#4036 = ADVANCED_FACE('',(#4037),#4048,.F.);
#4037 = FACE_BOUND('',#4038,.T.);
#4038 = EDGE_LOOP('',(#4039,#4047));
#4039 = ORIENTED_EDGE('',*,*,#4040,.T.);
#4040 = EDGE_CURVE('',#4012,#4005,#4041,.T.);
#4041 = ( BOUNDED_CURVE() B_SPLINE_CURVE(2,(#4042,#4043,#4044,#4045,
#4046),.UNSPECIFIED.,.F.,.F.) B_SPLINE_CURVE_WITH_KNOTS((3,2,3),(
    4.712843766163,6.283631748005,7.854419729847),
.PIECEWISE_BEZIER_KNOTS.) CURVE() GEOMETRIC_REPRESENTATION_ITEM() 
RATIONAL_B_SPLINE_CURVE((1.,0.707109731567,1.,0.707109731567,1.)) 
REPRESENTATION_ITEM('') );
#4042 = CARTESIAN_POINT('',(68.401905479097,5.448868742968,
    10.897613359811));
#4043 = CARTESIAN_POINT('',(69.491657580093,5.44886594504,
    10.898108963602));
#4044 = CARTESIAN_POINT('',(69.491171070231,5.448865946289,
    11.987861068699));
#4045 = CARTESIAN_POINT('',(69.49068456037,5.448865947538,
    13.077613173796));
#4046 = CARTESIAN_POINT('',(68.400932451255,5.448868745466,
    13.077135757865));
#4047 = ORIENTED_EDGE('',*,*,#4011,.T.);
#4048 = B_SPLINE_SURFACE_WITH_KNOTS('',1,1,(
    (#4049,#4050)
    ,(#4051,#4052
    )),.UNSPECIFIED.,.F.,.F.,.F.,(2,2),(2,2),(21.232651244746,
    22.233106029443),(31.999999836084,33.999999740126),
  .PIECEWISE_BEZIER_KNOTS.);
#4049 = CARTESIAN_POINT('',(69.491189365678,5.448865946242,
    13.077135870562));
#4050 = CARTESIAN_POINT('',(69.491189365678,5.448865946242,
    10.897613359811));
#4051 = CARTESIAN_POINT('',(68.400932451255,5.448868745466,
    13.077135870562));
#4052 = CARTESIAN_POINT('',(68.400932451255,5.448868745466,
    10.897613359811));
#4053 = ADVANCED_FACE('',(#4054),#4079,.F.);
#4054 = FACE_BOUND('',#4055,.F.);
#4055 = EDGE_LOOP('',(#4056,#4057,#4064,#4074));
#4056 = ORIENTED_EDGE('',*,*,#3851,.T.);
#4057 = ORIENTED_EDGE('',*,*,#4058,.F.);
#4058 = EDGE_CURVE('',#4059,#3834,#4061,.T.);
#4059 = VERTEX_POINT('',#4060);
#4060 = CARTESIAN_POINT('',(29.63520661195,5.448968276102,
    13.077135757864));
#4061 = B_SPLINE_CURVE_WITH_KNOTS('',1,(#4062,#4063),.UNSPECIFIED.,.F.,
  .F.,(2,2),(6.500148415801,8.),.PIECEWISE_BEZIER_KNOTS.);
#4062 = CARTESIAN_POINT('',(29.635206611955,5.448968276102,
    13.077135757864));
#4063 = CARTESIAN_POINT('',(29.635206611955,7.083448499797,
    13.077135757864));
#4064 = ORIENTED_EDGE('',*,*,#4065,.T.);
#4065 = EDGE_CURVE('',#4059,#4066,#4068,.T.);
#4066 = VERTEX_POINT('',#4067);
#4067 = CARTESIAN_POINT('',(29.636179626127,5.448968273604,
    10.897613359811));
#4068 = ( BOUNDED_CURVE() B_SPLINE_CURVE(2,(#4069,#4070,#4071,#4072,
#4073),.UNSPECIFIED.,.F.,.F.) B_SPLINE_CURVE_WITH_KNOTS((3,2,3),(
    4.711934201291,6.282738872625,7.853543543958),
.PIECEWISE_BEZIER_KNOTS.) CURVE() GEOMETRIC_REPRESENTATION_ITEM() 
RATIONAL_B_SPLINE_CURVE((1.,0.70710383094,1.,0.70710383094,1.)) 
REPRESENTATION_ITEM('') );
#4069 = CARTESIAN_POINT('',(29.63520661195,5.448968276102,
    13.077135757867));
#4070 = CARTESIAN_POINT('',(30.724976900509,5.448965478127,
    13.077631362646));
#4071 = CARTESIAN_POINT('',(30.725463411657,5.448965476878,
    11.987861069985));
#4072 = CARTESIAN_POINT('',(30.725949922805,5.448965475629,
    10.898090777325));
#4073 = CARTESIAN_POINT('',(29.636179626127,5.448968273604,
    10.897613359808));
#4074 = ORIENTED_EDGE('',*,*,#4075,.F.);
#4075 = EDGE_CURVE('',#3844,#4066,#4076,.T.);
#4076 = B_SPLINE_CURVE_WITH_KNOTS('',1,(#4077,#4078),.UNSPECIFIED.,.F.,
  .F.,(2,2),(-8.,-6.500148413508),.PIECEWISE_BEZIER_KNOTS.);
#4077 = CARTESIAN_POINT('',(29.636179626128,7.083448499797,
    10.897613359811));
#4078 = CARTESIAN_POINT('',(29.636179626128,5.448968273604,
    10.897613359811));
#4079 = ( BOUNDED_SURFACE() B_SPLINE_SURFACE(2,1,(
    (#4080,#4081)
    ,(#4082,#4083)
    ,(#4084,#4085)
    ,(#4086,#4087)
    ,(#4088,#4089
)),.UNSPECIFIED.,.F.,.F.,.F.) B_SPLINE_SURFACE_WITH_KNOTS((3,2,3),(2,2),
  (4.711934201291,6.282738872625,7.853543543958),(6.500148413508,8.),
.PIECEWISE_BEZIER_KNOTS.) GEOMETRIC_REPRESENTATION_ITEM() 
RATIONAL_B_SPLINE_SURFACE((
    (1.,1.)
    ,(0.70710383094,0.70710383094)
    ,(1.,1.)
    ,(0.70710383094,0.70710383094)
,(1.,1.))) REPRESENTATION_ITEM('') SURFACE() );
#4080 = CARTESIAN_POINT('',(29.63520661195,5.448968273604,
    13.077135757864));
#4081 = CARTESIAN_POINT('',(29.63520661195,7.083448499797,
    13.077135757864));
#4082 = CARTESIAN_POINT('',(30.724976900509,5.448968273604,
    13.077631362642));
#4083 = CARTESIAN_POINT('',(30.724976900509,7.083448499797,
    13.077631362642));
#4084 = CARTESIAN_POINT('',(30.725463411657,5.448968273604,
    11.987861069985));
#4085 = CARTESIAN_POINT('',(30.725463411657,7.083448499797,
    11.987861069985));
#4086 = CARTESIAN_POINT('',(30.725949922805,5.448968273604,
    10.898090777329));
#4087 = CARTESIAN_POINT('',(30.725949922805,7.083448499797,
    10.898090777329));
#4088 = CARTESIAN_POINT('',(29.636179626127,5.448968273604,
    10.897613359811));
#4089 = CARTESIAN_POINT('',(29.636179626127,7.083448499797,
    10.897613359811));
#4090 = ADVANCED_FACE('',(#4091),#4102,.F.);
#4091 = FACE_BOUND('',#4092,.T.);
#4092 = EDGE_LOOP('',(#4093,#4101));
#4093 = ORIENTED_EDGE('',*,*,#4094,.T.);
#4094 = EDGE_CURVE('',#4066,#4059,#4095,.T.);
#4095 = ( BOUNDED_CURVE() B_SPLINE_CURVE(2,(#4096,#4097,#4098,#4099,
#4100),.UNSPECIFIED.,.F.,.F.) B_SPLINE_CURVE_WITH_KNOTS((3,2,3),(
    4.712843759472,6.283631741735,7.854419723997),
.PIECEWISE_BEZIER_KNOTS.) CURVE() GEOMETRIC_REPRESENTATION_ITEM() 
RATIONAL_B_SPLINE_CURVE((1.,0.707109731418,1.,0.707109731418,1.)) 
REPRESENTATION_ITEM('') );
#4096 = CARTESIAN_POINT('',(29.636179626127,5.448968273604,
    10.897613359808));
#4097 = CARTESIAN_POINT('',(30.725931727584,5.448965475676,
    10.898108956308));
#4098 = CARTESIAN_POINT('',(30.725445224555,5.448965476925,
    11.987861061866));
#4099 = CARTESIAN_POINT('',(30.724958721526,5.448965478174,
    13.077613167424));
#4100 = CARTESIAN_POINT('',(29.63520661195,5.448968276102,
    13.077135757867));
#4101 = ORIENTED_EDGE('',*,*,#4065,.T.);
#4102 = B_SPLINE_SURFACE_WITH_KNOTS('',1,1,(
    (#4103,#4104)
    ,(#4105,#4106
    )),.UNSPECIFIED.,.F.,.F.,.F.,(2,2),(2,2),(56.805327181237,
    57.805781960318),(31.999999836084,33.999999740129),
  .PIECEWISE_BEZIER_KNOTS.);
#4103 = CARTESIAN_POINT('',(30.725463520254,5.448965476878,
    13.077135870562));
#4104 = CARTESIAN_POINT('',(30.725463520254,5.448965476878,
    10.897613359808));
#4105 = CARTESIAN_POINT('',(29.63520661195,5.448968276102,
    13.077135870562));
#4106 = CARTESIAN_POINT('',(29.63520661195,5.448968276102,
    10.897613359808));
#4107 = ADVANCED_FACE('',(#4108),#4133,.F.);
#4108 = FACE_BOUND('',#4109,.F.);
#4109 = EDGE_LOOP('',(#4110,#4111,#4118,#4128));
#4110 = ORIENTED_EDGE('',*,*,#3879,.T.);
#4111 = ORIENTED_EDGE('',*,*,#4112,.F.);
#4112 = EDGE_CURVE('',#4113,#3862,#4115,.T.);
#4113 = VERTEX_POINT('',#4114);
#4114 = CARTESIAN_POINT('',(41.623067503022,5.448937497382,
    25.064510246672));
#4115 = B_SPLINE_CURVE_WITH_KNOTS('',1,(#4116,#4117),.UNSPECIFIED.,.F.,
  .F.,(2,2),(6.500120172258,8.),.PIECEWISE_BEZIER_KNOTS.);
#4116 = CARTESIAN_POINT('',(41.623067503024,5.448937497382,
    25.064510246672));
#4117 = CARTESIAN_POINT('',(41.623067503024,7.083448499797,
    25.064510246672));
#4118 = ORIENTED_EDGE('',*,*,#4119,.T.);
#4119 = EDGE_CURVE('',#4113,#4120,#4122,.T.);
#4120 = VERTEX_POINT('',#4121);
#4121 = CARTESIAN_POINT('',(41.623067503022,5.448937497382,
    22.884987631426));
#4122 = ( BOUNDED_CURVE() B_SPLINE_CURVE(2,(#4123,#4124,#4125,#4126,
#4127),.UNSPECIFIED.,.F.,.F.) B_SPLINE_CURVE_WITH_KNOTS((3,2,3),(
    4.712380635583,6.28318530718,7.853989978776),
.PIECEWISE_BEZIER_KNOTS.) CURVE() GEOMETRIC_REPRESENTATION_ITEM() 
RATIONAL_B_SPLINE_CURVE((1.,0.707103830847,1.,0.707103830847,1.)) 
REPRESENTATION_ITEM('') );
#4123 = CARTESIAN_POINT('',(41.623067503022,5.448937497382,
    25.064510246676));
#4124 = CARTESIAN_POINT('',(42.712837904525,5.448934699407,
    25.064519340594));
#4125 = CARTESIAN_POINT('',(42.712837904525,5.448934699407,
    23.974748939049));
#4126 = CARTESIAN_POINT('',(42.712837904525,5.448934699407,
    22.884978537504));
#4127 = CARTESIAN_POINT('',(41.623067503022,5.448937497382,
    22.884987631422));
#4128 = ORIENTED_EDGE('',*,*,#4129,.F.);
#4129 = EDGE_CURVE('',#3872,#4120,#4130,.T.);
#4130 = B_SPLINE_CURVE_WITH_KNOTS('',1,(#4131,#4132),.UNSPECIFIED.,.F.,
  .F.,(2,2),(-8.,-6.500120172258),.PIECEWISE_BEZIER_KNOTS.);
#4131 = CARTESIAN_POINT('',(41.623067503024,7.083448499797,
    22.884987631426));
#4132 = CARTESIAN_POINT('',(41.623067503024,5.448937497382,
    22.884987631426));
#4133 = ( BOUNDED_SURFACE() B_SPLINE_SURFACE(2,1,(
    (#4134,#4135)
    ,(#4136,#4137)
    ,(#4138,#4139)
    ,(#4140,#4141)
    ,(#4142,#4143
)),.UNSPECIFIED.,.F.,.F.,.F.) B_SPLINE_SURFACE_WITH_KNOTS((3,2,3),(2,2),
  (-1.570804671597,0.,1.570804671597),(6.500120172258,8.),
.PIECEWISE_BEZIER_KNOTS.) GEOMETRIC_REPRESENTATION_ITEM() 
RATIONAL_B_SPLINE_SURFACE((
    (1.,1.)
    ,(0.707103830847,0.707103830847)
    ,(1.,1.)
    ,(0.707103830847,0.707103830847)
,(1.,1.))) REPRESENTATION_ITEM('') SURFACE() );
#4134 = CARTESIAN_POINT('',(41.623067503022,5.448937497382,
    25.064510246672));
#4135 = CARTESIAN_POINT('',(41.623067503022,7.083448499797,
    25.064510246672));
#4136 = CARTESIAN_POINT('',(42.712837904525,5.448937497382,
    25.06451934059));
#4137 = CARTESIAN_POINT('',(42.712837904525,7.083448499797,
    25.06451934059));
#4138 = CARTESIAN_POINT('',(42.712837904525,5.448937497382,
    23.974748939049));
#4139 = CARTESIAN_POINT('',(42.712837904525,7.083448499797,
    23.974748939049));
#4140 = CARTESIAN_POINT('',(42.712837904525,5.448937497382,
    22.884978537508));
#4141 = CARTESIAN_POINT('',(42.712837904525,7.083448499797,
    22.884978537508));
#4142 = CARTESIAN_POINT('',(41.623067503022,5.448937497382,
    22.884987631426));
#4143 = CARTESIAN_POINT('',(41.623067503022,7.083448499797,
    22.884987631426));
#4144 = ADVANCED_FACE('',(#4145),#4156,.F.);
#4145 = FACE_BOUND('',#4146,.T.);
#4146 = EDGE_LOOP('',(#4147,#4155));
#4147 = ORIENTED_EDGE('',*,*,#4148,.T.);
#4148 = EDGE_CURVE('',#4120,#4113,#4149,.T.);
#4149 = ( BOUNDED_CURVE() B_SPLINE_CURVE(2,(#4150,#4151,#4152,#4153,
#4154),.UNSPECIFIED.,.F.,.F.) B_SPLINE_CURVE_WITH_KNOTS((3,2,3),(
    4.712397324652,6.28318530718,7.853973289707),
.PIECEWISE_BEZIER_KNOTS.) CURVE() GEOMETRIC_REPRESENTATION_ITEM() 
RATIONAL_B_SPLINE_CURVE((1.,0.707109731325,1.,0.707109731325,1.)) 
REPRESENTATION_ITEM('') );
#4150 = CARTESIAN_POINT('',(41.623067503022,5.448937497382,
    22.884987631422));
#4151 = CARTESIAN_POINT('',(42.712819717423,5.448934699454,
    22.884996724607));
#4152 = CARTESIAN_POINT('',(42.712819717423,5.448934699454,
    23.974748939049));
#4153 = CARTESIAN_POINT('',(42.712819717423,5.448934699454,
    25.064501153491));
#4154 = CARTESIAN_POINT('',(41.623067503022,5.448937497382,
    25.064510246676));
#4155 = ORIENTED_EDGE('',*,*,#4119,.T.);
#4156 = B_SPLINE_SURFACE_WITH_KNOTS('',1,1,(
    (#4157,#4158)
    ,(#4159,#4160
    )),.UNSPECIFIED.,.F.,.F.,.F.,(2,2),(2,2),(45.805327181201,
    46.805335526006),(20.999999843534,22.999999843541),
  .PIECEWISE_BEZIER_KNOTS.);
#4157 = CARTESIAN_POINT('',(42.712837904525,5.448934699407,
    25.064510246714));
#4158 = CARTESIAN_POINT('',(42.712837904525,5.448934699407,
    22.884987631384));
#4159 = CARTESIAN_POINT('',(41.623067503022,5.448937497382,
    25.064510246714));
#4160 = CARTESIAN_POINT('',(41.623067503022,5.448937497382,
    22.884987631384));
#4161 = ADVANCED_FACE('',(#4162),#4187,.F.);
#4162 = FACE_BOUND('',#4163,.F.);
#4163 = EDGE_LOOP('',(#4164,#4165,#4172,#4182));
#4164 = ORIENTED_EDGE('',*,*,#3693,.T.);
#4165 = ORIENTED_EDGE('',*,*,#4166,.F.);
#4166 = EDGE_CURVE('',#4167,#3676,#4169,.T.);
#4167 = VERTEX_POINT('',#4168);
#4168 = CARTESIAN_POINT('',(68.37953024566,5.448868800416,
    37.051664965325));
#4169 = B_SPLINE_CURVE_WITH_KNOTS('',1,(#4170,#4171),.UNSPECIFIED.,.F.,
  .F.,(2,2),(6.500057133714,8.),.PIECEWISE_BEZIER_KNOTS.);
#4170 = CARTESIAN_POINT('',(68.379530245657,5.448868800416,
    37.051664965325));
#4171 = CARTESIAN_POINT('',(68.379530245657,7.083448499797,
    37.051664965325));
#4172 = ORIENTED_EDGE('',*,*,#4173,.T.);
#4173 = EDGE_CURVE('',#4167,#4174,#4176,.T.);
#4174 = VERTEX_POINT('',#4175);
#4175 = CARTESIAN_POINT('',(68.423307684687,5.448868688018,
    34.87258204671));
#4176 = ( BOUNDED_CURVE() B_SPLINE_CURVE(2,(#4177,#4178,#4179,#4180,
#4181),.UNSPECIFIED.,.F.,.F.) B_SPLINE_CURVE_WITH_KNOTS((3,2,3),(
    4.692293491492,6.263098163856,7.83390283622),
.PIECEWISE_BEZIER_KNOTS.) CURVE() GEOMETRIC_REPRESENTATION_ITEM() 
RATIONAL_B_SPLINE_CURVE((1.,0.707103830576,1.,0.707103830576,1.)) 
REPRESENTATION_ITEM('') );
#4177 = CARTESIAN_POINT('',(68.37953024566,5.448868800416,
    37.051664965329));
#4178 = CARTESIAN_POINT('',(69.469080615174,5.448866003006,
    37.073562960436));
#4179 = CARTESIAN_POINT('',(69.490969517363,5.448865946806,
    35.984012408206));
#4180 = CARTESIAN_POINT('',(69.512858419552,5.448865890607,
    34.894461855975));
#4181 = CARTESIAN_POINT('',(68.423307684688,5.448868688018,
    34.872582046706));
#4182 = ORIENTED_EDGE('',*,*,#4183,.F.);
#4183 = EDGE_CURVE('',#3686,#4174,#4184,.T.);
#4184 = B_SPLINE_CURVE_WITH_KNOTS('',1,(#4185,#4186),.UNSPECIFIED.,.F.,
  .F.,(2,2),(-8.,-6.500057030574),.PIECEWISE_BEZIER_KNOTS.);
#4185 = CARTESIAN_POINT('',(68.423307684686,7.083448499797,
    34.87258204671));
#4186 = CARTESIAN_POINT('',(68.423307684686,5.448868688018,
    34.87258204671));
#4187 = ( BOUNDED_SURFACE() B_SPLINE_SURFACE(2,1,(
    (#4188,#4189)
    ,(#4190,#4191)
    ,(#4192,#4193)
    ,(#4194,#4195)
    ,(#4196,#4197
)),.UNSPECIFIED.,.F.,.F.,.F.) B_SPLINE_SURFACE_WITH_KNOTS((3,2,3),(2,2),
  (4.692293491489,6.263098163855,7.833902836221),(6.500057030574,8.),
.PIECEWISE_BEZIER_KNOTS.) GEOMETRIC_REPRESENTATION_ITEM() 
RATIONAL_B_SPLINE_SURFACE((
    (1.,1.)
    ,(0.707103830575,0.707103830575)
    ,(1.,1.)
    ,(0.707103830575,0.707103830575)
,(1.,1.))) REPRESENTATION_ITEM('') SURFACE() );
#4188 = CARTESIAN_POINT('',(68.379530245657,5.448868688018,
    37.051664965325));
#4189 = CARTESIAN_POINT('',(68.379530245657,7.083448499797,
    37.051664965325));
#4190 = CARTESIAN_POINT('',(69.469080615173,5.448868688018,
    37.073562960436));
#4191 = CARTESIAN_POINT('',(69.469080615173,7.083448499797,
    37.073562960436));
#4192 = CARTESIAN_POINT('',(69.490969517363,5.448868688018,
    35.984012408207));
#4193 = CARTESIAN_POINT('',(69.490969517363,7.083448499797,
    35.984012408207));
#4194 = CARTESIAN_POINT('',(69.512858419553,5.448868688018,
    34.894461855977));
#4195 = CARTESIAN_POINT('',(69.512858419553,7.083448499797,
    34.894461855977));
#4196 = CARTESIAN_POINT('',(68.423307684686,5.448868688018,
    34.87258204671));
#4197 = CARTESIAN_POINT('',(68.423307684686,7.083448499797,
    34.87258204671));
#4198 = ADVANCED_FACE('',(#4199),#4210,.F.);
#4199 = FACE_BOUND('',#4200,.T.);
#4200 = EDGE_LOOP('',(#4201,#4209));
#4201 = ORIENTED_EDGE('',*,*,#4202,.T.);
#4202 = EDGE_CURVE('',#4174,#4167,#4203,.T.);
#4203 = ( BOUNDED_CURVE() B_SPLINE_CURVE(2,(#4204,#4205,#4206,#4207,
#4208),.UNSPECIFIED.,.F.,.F.) B_SPLINE_CURVE_WITH_KNOTS((3,2,3),(
    4.732484470342,6.303272450503,7.874060430664),
.PIECEWISE_BEZIER_KNOTS.) CURVE() GEOMETRIC_REPRESENTATION_ITEM() 
RATIONAL_B_SPLINE_CURVE((1.,0.707109732161,1.,0.707109732161,1.)) 
REPRESENTATION_ITEM('') );
#4204 = CARTESIAN_POINT('',(68.423307684688,5.448868688018,
    34.872582046706));
#4205 = CARTESIAN_POINT('',(69.512839867334,5.448865890654,
    34.894479677451));
#4206 = CARTESIAN_POINT('',(69.490951330516,5.448865946853,
    35.984012042835));
#4207 = CARTESIAN_POINT('',(69.469062793698,5.448866003052,
    37.073544408218));
#4208 = CARTESIAN_POINT('',(68.37953024566,5.448868800416,
    37.051664965329));
#4209 = ORIENTED_EDGE('',*,*,#4173,.T.);
#4210 = B_SPLINE_SURFACE_WITH_KNOTS('',1,1,(
    (#4211,#4212)
    ,(#4213,#4214
    )),.UNSPECIFIED.,.F.,.F.,.F.,(2,2),(2,2),(21.232651244746,
    22.252745381147),(9.999999508258,11.999797935978),
  .PIECEWISE_BEZIER_KNOTS.);
#4211 = CARTESIAN_POINT('',(69.491189365678,5.448865946242,
    37.051884996356));
#4212 = CARTESIAN_POINT('',(69.491189365678,5.448865946242,
    34.872582046706));
#4213 = CARTESIAN_POINT('',(68.37953024566,5.448868800416,
    37.051884996356));
#4214 = CARTESIAN_POINT('',(68.37953024566,5.448868800416,
    34.872582046706));
#4215 = ADVANCED_FACE('',(#4216),#4230,.F.);
#4216 = FACE_BOUND('',#4217,.F.);
#4217 = EDGE_LOOP('',(#4218,#4223,#4224,#4225,#4226,#4227,#4228,#4229));
#4218 = ORIENTED_EDGE('',*,*,#4219,.T.);
#4219 = EDGE_CURVE('',#3084,#3603,#4220,.T.);
#4220 = B_SPLINE_CURVE_WITH_KNOTS('',1,(#4221,#4222),.UNSPECIFIED.,.F.,
  .F.,(2,2),(0.,8.),.PIECEWISE_BEZIER_KNOTS.);
#4221 = CARTESIAN_POINT('',(55.324274179238,-1.634641961492,
    23.974748939049));
#4222 = CARTESIAN_POINT('',(55.324274179238,7.083448499797,
    23.974748939049));
#4223 = ORIENTED_EDGE('',*,*,#3610,.T.);
#4224 = ORIENTED_EDGE('',*,*,#3552,.T.);
#4225 = ORIENTED_EDGE('',*,*,#3571,.T.);
#4226 = ORIENTED_EDGE('',*,*,#3535,.T.);
#4227 = ORIENTED_EDGE('',*,*,#3602,.T.);
#4228 = ORIENTED_EDGE('',*,*,#4219,.F.);
#4229 = ORIENTED_EDGE('',*,*,#3083,.T.);
#4230 = ( BOUNDED_SURFACE() B_SPLINE_SURFACE(2,1,(
    (#4231,#4232)
    ,(#4233,#4234)
    ,(#4235,#4236)
    ,(#4237,#4238)
    ,(#4239,#4240)
    ,(#4241,#4242)
    ,(#4243,#4244)
    ,(#4245,#4246)
    ,(#4247,#4248
)),.UNSPECIFIED.,.T.,.F.,.F.) B_SPLINE_SURFACE_WITH_KNOTS((3,2,2,2,3),(2
    ,2),(3.14159265359,4.188790204786,6.28318530718,8.377580409573,
9.424777960769),(0.,8.),.UNSPECIFIED.) GEOMETRIC_REPRESENTATION_ITEM() 
RATIONAL_B_SPLINE_SURFACE((
    (0.75,0.75)
    ,(0.75,0.75)
    ,(1.,1.)
    ,(0.5,0.5)
    ,(1.,1.)
    ,(0.5,0.5)
    ,(1.,1.)
    ,(0.75,0.75)
,(0.75,0.75))) REPRESENTATION_ITEM('') SURFACE() );
#4231 = CARTESIAN_POINT('',(55.324274179238,-1.634641961492,
    23.974748939049));
#4232 = CARTESIAN_POINT('',(55.324274179238,7.083448499797,
    23.974748939049));
#4233 = CARTESIAN_POINT('',(55.324274179238,-1.634641961492,
    24.60392292338));
#4234 = CARTESIAN_POINT('',(55.324274179238,7.083448499797,
    24.60392292338));
#4235 = CARTESIAN_POINT('',(55.869154833068,-1.634641961492,
    24.918509915545));
#4236 = CARTESIAN_POINT('',(55.869154833068,7.083448499797,
    24.918509915545));
#4237 = CARTESIAN_POINT('',(57.50379679456,-1.634641961492,
    25.862270892041));
#4238 = CARTESIAN_POINT('',(57.50379679456,7.083448499797,
    25.862270892041));
#4239 = CARTESIAN_POINT('',(57.50379679456,-1.634641961492,
    23.974748939049));
#4240 = CARTESIAN_POINT('',(57.50379679456,7.083448499797,
    23.974748939049));
#4241 = CARTESIAN_POINT('',(57.50379679456,-1.634641961492,
    22.087226986057));
#4242 = CARTESIAN_POINT('',(57.50379679456,7.083448499797,
    22.087226986057));
#4243 = CARTESIAN_POINT('',(55.869154833068,-1.634641961492,
    23.030987962553));
#4244 = CARTESIAN_POINT('',(55.869154833068,7.083448499797,
    23.030987962553));
#4245 = CARTESIAN_POINT('',(55.324274179238,-1.634641961492,
    23.345574954718));
#4246 = CARTESIAN_POINT('',(55.324274179238,7.083448499797,
    23.345574954718));
#4247 = CARTESIAN_POINT('',(55.324274179238,-1.634641961492,
    23.974748939049));
#4248 = CARTESIAN_POINT('',(55.324274179238,7.083448499797,
    23.974748939049));
#4249 = ADVANCED_FACE('',(#4250),#4264,.F.);
#4250 = FACE_BOUND('',#4251,.F.);
#4251 = EDGE_LOOP('',(#4252,#4257,#4258,#4259,#4260,#4261,#4262,#4263));
#4252 = ORIENTED_EDGE('',*,*,#4253,.T.);
#4253 = EDGE_CURVE('',#3070,#3789,#4254,.T.);
#4254 = B_SPLINE_CURVE_WITH_KNOTS('',1,(#4255,#4256),.UNSPECIFIED.,.F.,
  .F.,(2,2),(0.,8.),.PIECEWISE_BEZIER_KNOTS.);
#4255 = CARTESIAN_POINT('',(16.558548333558,-1.634641961492,
    23.974748939049));
#4256 = CARTESIAN_POINT('',(16.558548333558,7.083448499797,
    23.974748939049));
#4257 = ORIENTED_EDGE('',*,*,#3796,.T.);
#4258 = ORIENTED_EDGE('',*,*,#3738,.T.);
#4259 = ORIENTED_EDGE('',*,*,#3757,.T.);
#4260 = ORIENTED_EDGE('',*,*,#3721,.T.);
#4261 = ORIENTED_EDGE('',*,*,#3788,.T.);
#4262 = ORIENTED_EDGE('',*,*,#4253,.F.);
#4263 = ORIENTED_EDGE('',*,*,#3069,.T.);
#4264 = ( BOUNDED_SURFACE() B_SPLINE_SURFACE(2,1,(
    (#4265,#4266)
    ,(#4267,#4268)
    ,(#4269,#4270)
    ,(#4271,#4272)
    ,(#4273,#4274)
    ,(#4275,#4276)
    ,(#4277,#4278)
    ,(#4279,#4280)
    ,(#4281,#4282
)),.UNSPECIFIED.,.T.,.F.,.F.) B_SPLINE_SURFACE_WITH_KNOTS((3,2,2,2,3),(2
    ,2),(3.14159265359,4.188790204786,6.28318530718,8.377580409573,
9.424777960769),(0.,8.),.UNSPECIFIED.) GEOMETRIC_REPRESENTATION_ITEM() 
RATIONAL_B_SPLINE_SURFACE((
    (0.75,0.75)
    ,(0.75,0.75)
    ,(1.,1.)
    ,(0.5,0.5)
    ,(1.,1.)
    ,(0.5,0.5)
    ,(1.,1.)
    ,(0.75,0.75)
,(0.75,0.75))) REPRESENTATION_ITEM('') SURFACE() );
#4265 = CARTESIAN_POINT('',(16.558548333558,-1.634641961492,
    23.974748939049));
#4266 = CARTESIAN_POINT('',(16.558548333558,7.083448499797,
    23.974748939049));
#4267 = CARTESIAN_POINT('',(16.558548333558,-1.634641961492,
    24.60392292338));
#4268 = CARTESIAN_POINT('',(16.558548333558,7.083448499797,
    24.60392292338));
#4269 = CARTESIAN_POINT('',(17.103428987389,-1.634641961492,
    24.918509915545));
#4270 = CARTESIAN_POINT('',(17.103428987389,7.083448499797,
    24.918509915545));
#4271 = CARTESIAN_POINT('',(18.73807094888,-1.634641961492,
    25.862270892041));
#4272 = CARTESIAN_POINT('',(18.73807094888,7.083448499797,
    25.862270892041));
#4273 = CARTESIAN_POINT('',(18.73807094888,-1.634641961492,
    23.974748939049));
#4274 = CARTESIAN_POINT('',(18.73807094888,7.083448499797,
    23.974748939049));
#4275 = CARTESIAN_POINT('',(18.73807094888,-1.634641961492,
    22.087226986057));
#4276 = CARTESIAN_POINT('',(18.73807094888,7.083448499797,
    22.087226986057));
#4277 = CARTESIAN_POINT('',(17.103428987389,-1.634641961492,
    23.030987962553));
#4278 = CARTESIAN_POINT('',(17.103428987389,7.083448499797,
    23.030987962553));
#4279 = CARTESIAN_POINT('',(16.558548333558,-1.634641961492,
    23.345574954718));
#4280 = CARTESIAN_POINT('',(16.558548333558,7.083448499797,
    23.345574954718));
#4281 = CARTESIAN_POINT('',(16.558548333558,-1.634641961492,
    23.974748939049));
#4282 = CARTESIAN_POINT('',(16.558548333558,7.083448499797,
    23.974748939049));
#4283 = ADVANCED_FACE('',(#4284),#4292,.F.);
#4284 = FACE_BOUND('',#4285,.F.);
#4285 = EDGE_LOOP('',(#4286,#4287,#4288,#4289,#4290,#4291));
#4286 = ORIENTED_EDGE('',*,*,#3119,.T.);
#4287 = ORIENTED_EDGE('',*,*,#3478,.T.);
#4288 = ORIENTED_EDGE('',*,*,#3452,.T.);
#4289 = ORIENTED_EDGE('',*,*,#3777,.T.);
#4290 = ORIENTED_EDGE('',*,*,#3435,.T.);
#4291 = ORIENTED_EDGE('',*,*,#3472,.T.);
#4292 = ( BOUNDED_SURFACE() B_SPLINE_SURFACE(2,1,(
    (#4293,#4294)
    ,(#4295,#4296)
    ,(#4297,#4298)
    ,(#4299,#4300)
    ,(#4301,#4302
)),.UNSPECIFIED.,.F.,.F.,.F.) B_SPLINE_SURFACE_WITH_KNOTS((3,2,3),(2,2),
  (4.712385023359,6.28318530718,7.853985591001),(-5.246025835959E-12,8.)
,.PIECEWISE_BEZIER_KNOTS.) GEOMETRIC_REPRESENTATION_ITEM() 
RATIONAL_B_SPLINE_SURFACE((
    (1.,1.)
    ,(0.707105382165,0.707105382165)
    ,(1.,1.)
    ,(0.707105382165,0.707105382165)
,(1.,1.))) REPRESENTATION_ITEM('') SURFACE() );
#4293 = CARTESIAN_POINT('',(29.635714210988,-1.634641961497,
    16.346419785431));
#4294 = CARTESIAN_POINT('',(29.635714210988,7.083448499797,
    16.346419785431));
#4295 = CARTESIAN_POINT('',(22.007354871813,-1.634641961497,
    16.346389599815));
#4296 = CARTESIAN_POINT('',(22.007354871813,7.083448499797,
    16.346389599815));
#4297 = CARTESIAN_POINT('',(22.007354871813,-1.634641961497,
    23.974748939049));
#4298 = CARTESIAN_POINT('',(22.007354871813,7.083448499797,
    23.974748939049));
#4299 = CARTESIAN_POINT('',(22.007354871813,-1.634641961497,
    31.603108278283));
#4300 = CARTESIAN_POINT('',(22.007354871813,7.083448499797,
    31.603108278283));
#4301 = CARTESIAN_POINT('',(29.635714210988,-1.634641961497,
    31.603078092667));
#4302 = CARTESIAN_POINT('',(29.635714210988,7.083448499797,
    31.603078092667));
#4303 = ADVANCED_FACE('',(#4304),#4318,.F.);
#4304 = FACE_BOUND('',#4305,.F.);
#4305 = EDGE_LOOP('',(#4306,#4311,#4312,#4313,#4314,#4315,#4316,#4317));
#4306 = ORIENTED_EDGE('',*,*,#4307,.T.);
#4307 = EDGE_CURVE('',#3056,#3808,#4308,.T.);
#4308 = B_SPLINE_CURVE_WITH_KNOTS('',1,(#4309,#4310),.UNSPECIFIED.,.F.,
  .F.,(2,2),(0.,8.),.PIECEWISE_BEZIER_KNOTS.);
#4309 = CARTESIAN_POINT('',(28.54592271783,-1.634641961492,
    35.96212332332));
#4310 = CARTESIAN_POINT('',(28.54592271783,7.083448499797,35.96212332332
    ));
#4311 = ORIENTED_EDGE('',*,*,#3815,.T.);
#4312 = ORIENTED_EDGE('',*,*,#3913,.T.);
#4313 = ORIENTED_EDGE('',*,*,#3932,.T.);
#4314 = ORIENTED_EDGE('',*,*,#3896,.T.);
#4315 = ORIENTED_EDGE('',*,*,#3805,.T.);
#4316 = ORIENTED_EDGE('',*,*,#4307,.F.);
#4317 = ORIENTED_EDGE('',*,*,#3055,.T.);
#4318 = ( BOUNDED_SURFACE() B_SPLINE_SURFACE(2,1,(
    (#4319,#4320)
    ,(#4321,#4322)
    ,(#4323,#4324)
    ,(#4325,#4326)
    ,(#4327,#4328)
    ,(#4329,#4330)
    ,(#4331,#4332)
    ,(#4333,#4334)
    ,(#4335,#4336
)),.UNSPECIFIED.,.T.,.F.,.F.) B_SPLINE_SURFACE_WITH_KNOTS((3,2,2,2,3),(2
    ,2),(3.14159265359,4.188790204786,6.28318530718,8.377580409573,
9.424777960769),(0.,8.),.UNSPECIFIED.) GEOMETRIC_REPRESENTATION_ITEM() 
RATIONAL_B_SPLINE_SURFACE((
    (0.75,0.75)
    ,(0.75,0.75)
    ,(1.,1.)
    ,(0.5,0.5)
    ,(1.,1.)
    ,(0.5,0.5)
    ,(1.,1.)
    ,(0.75,0.75)
,(0.75,0.75))) REPRESENTATION_ITEM('') SURFACE() );
#4319 = CARTESIAN_POINT('',(28.54592271783,-1.634641961492,
    35.96212332332));
#4320 = CARTESIAN_POINT('',(28.54592271783,7.083448499797,35.96212332332
    ));
#4321 = CARTESIAN_POINT('',(28.54592271783,-1.634641961492,
    36.591297307651));
#4322 = CARTESIAN_POINT('',(28.54592271783,7.083448499797,
    36.591297307651));
#4323 = CARTESIAN_POINT('',(29.09080337166,-1.634641961492,
    36.905884299816));
#4324 = CARTESIAN_POINT('',(29.09080337166,7.083448499797,
    36.905884299816));
#4325 = CARTESIAN_POINT('',(30.725445333152,-1.634641961492,
    37.849645276312));
#4326 = CARTESIAN_POINT('',(30.725445333152,7.083448499797,
    37.849645276312));
#4327 = CARTESIAN_POINT('',(30.725445333152,-1.634641961492,
    35.96212332332));
#4328 = CARTESIAN_POINT('',(30.725445333152,7.083448499797,
    35.96212332332));
#4329 = CARTESIAN_POINT('',(30.725445333152,-1.634641961492,
    34.074601370329));
#4330 = CARTESIAN_POINT('',(30.725445333152,7.083448499797,
    34.074601370329));
#4331 = CARTESIAN_POINT('',(29.09080337166,-1.634641961492,
    35.018362346824));
#4332 = CARTESIAN_POINT('',(29.09080337166,7.083448499797,
    35.018362346824));
#4333 = CARTESIAN_POINT('',(28.54592271783,-1.634641961492,
    35.33294933899));
#4334 = CARTESIAN_POINT('',(28.54592271783,7.083448499797,35.33294933899
    ));
#4335 = CARTESIAN_POINT('',(28.54592271783,-1.634641961492,
    35.96212332332));
#4336 = CARTESIAN_POINT('',(28.54592271783,7.083448499797,35.96212332332
    ));
#4337 = ADVANCED_FACE('',(#4338),#4352,.F.);
#4338 = FACE_BOUND('',#4339,.F.);
#4339 = EDGE_LOOP('',(#4340,#4345,#4346,#4347,#4348,#4349,#4350,#4351));
#4340 = ORIENTED_EDGE('',*,*,#4341,.T.);
#4341 = EDGE_CURVE('',#3042,#3622,#4342,.T.);
#4342 = B_SPLINE_CURVE_WITH_KNOTS('',1,(#4343,#4344),.UNSPECIFIED.,.F.,
  .F.,(2,2),(0.,8.),.PIECEWISE_BEZIER_KNOTS.);
#4343 = CARTESIAN_POINT('',(79.29902294778,-1.634641961492,
    23.974748939049));
#4344 = CARTESIAN_POINT('',(79.29902294778,7.083448499797,
    23.974748939049));
#4345 = ORIENTED_EDGE('',*,*,#3629,.T.);
#4346 = ORIENTED_EDGE('',*,*,#3967,.T.);
#4347 = ORIENTED_EDGE('',*,*,#3986,.T.);
#4348 = ORIENTED_EDGE('',*,*,#3950,.T.);
#4349 = ORIENTED_EDGE('',*,*,#3619,.T.);
#4350 = ORIENTED_EDGE('',*,*,#4341,.F.);
#4351 = ORIENTED_EDGE('',*,*,#3041,.T.);
#4352 = ( BOUNDED_SURFACE() B_SPLINE_SURFACE(2,1,(
    (#4353,#4354)
    ,(#4355,#4356)
    ,(#4357,#4358)
    ,(#4359,#4360)
    ,(#4361,#4362)
    ,(#4363,#4364)
    ,(#4365,#4366)
    ,(#4367,#4368)
    ,(#4369,#4370
)),.UNSPECIFIED.,.T.,.F.,.F.) B_SPLINE_SURFACE_WITH_KNOTS((3,2,2,2,3),(2
    ,2),(3.14159265359,4.188790204786,6.28318530718,8.377580409573,
9.424777960769),(0.,8.),.UNSPECIFIED.) GEOMETRIC_REPRESENTATION_ITEM() 
RATIONAL_B_SPLINE_SURFACE((
    (0.75,0.75)
    ,(0.75,0.75)
    ,(1.,1.)
    ,(0.5,0.5)
    ,(1.,1.)
    ,(0.5,0.5)
    ,(1.,1.)
    ,(0.75,0.75)
,(0.75,0.75))) REPRESENTATION_ITEM('') SURFACE() );
#4353 = CARTESIAN_POINT('',(79.29902294778,-1.634641961492,
    23.974748939049));
#4354 = CARTESIAN_POINT('',(79.29902294778,7.083448499797,
    23.974748939049));
#4355 = CARTESIAN_POINT('',(79.29902294778,-1.634641961492,
    24.60392292338));
#4356 = CARTESIAN_POINT('',(79.29902294778,7.083448499797,24.60392292338
    ));
#4357 = CARTESIAN_POINT('',(79.843903601611,-1.634641961492,
    24.918509915545));
#4358 = CARTESIAN_POINT('',(79.843903601611,7.083448499797,
    24.918509915545));
#4359 = CARTESIAN_POINT('',(81.478545563103,-1.634641961492,
    25.862270892041));
#4360 = CARTESIAN_POINT('',(81.478545563103,7.083448499797,
    25.862270892041));
#4361 = CARTESIAN_POINT('',(81.478545563103,-1.634641961492,
    23.974748939049));
#4362 = CARTESIAN_POINT('',(81.478545563103,7.083448499797,
    23.974748939049));
#4363 = CARTESIAN_POINT('',(81.478545563103,-1.634641961492,
    22.087226986057));
#4364 = CARTESIAN_POINT('',(81.478545563103,7.083448499797,
    22.087226986057));
#4365 = CARTESIAN_POINT('',(79.843903601611,-1.634641961492,
    23.030987962553));
#4366 = CARTESIAN_POINT('',(79.843903601611,7.083448499797,
    23.030987962553));
#4367 = CARTESIAN_POINT('',(79.29902294778,-1.634641961492,
    23.345574954718));
#4368 = CARTESIAN_POINT('',(79.29902294778,7.083448499797,
    23.345574954718));
#4369 = CARTESIAN_POINT('',(79.29902294778,-1.634641961492,
    23.974748939049));
#4370 = CARTESIAN_POINT('',(79.29902294778,7.083448499797,
    23.974748939049));
#4371 = ADVANCED_FACE('',(#4372),#4386,.F.);
#4372 = FACE_BOUND('',#4373,.F.);
#4373 = EDGE_LOOP('',(#4374,#4379,#4380,#4381,#4382,#4383,#4384,#4385));
#4374 = ORIENTED_EDGE('',*,*,#4375,.T.);
#4375 = EDGE_CURVE('',#3028,#3650,#4376,.T.);
#4376 = B_SPLINE_CURVE_WITH_KNOTS('',1,(#4377,#4378),.UNSPECIFIED.,.F.,
  .F.,(2,2),(0.,8.),.PIECEWISE_BEZIER_KNOTS.);
#4377 = CARTESIAN_POINT('',(67.311648563509,-1.634641961492,
    11.987374554778));
#4378 = CARTESIAN_POINT('',(67.311648563509,7.083448499797,
    11.987374554778));
#4379 = ORIENTED_EDGE('',*,*,#3657,.T.);
#4380 = ORIENTED_EDGE('',*,*,#4021,.T.);
#4381 = ORIENTED_EDGE('',*,*,#4040,.T.);
#4382 = ORIENTED_EDGE('',*,*,#4004,.T.);
#4383 = ORIENTED_EDGE('',*,*,#3647,.T.);
#4384 = ORIENTED_EDGE('',*,*,#4375,.F.);
#4385 = ORIENTED_EDGE('',*,*,#3027,.T.);
#4386 = ( BOUNDED_SURFACE() B_SPLINE_SURFACE(2,1,(
    (#4387,#4388)
    ,(#4389,#4390)
    ,(#4391,#4392)
    ,(#4393,#4394)
    ,(#4395,#4396)
    ,(#4397,#4398)
    ,(#4399,#4400)
    ,(#4401,#4402)
    ,(#4403,#4404
)),.UNSPECIFIED.,.T.,.F.,.F.) B_SPLINE_SURFACE_WITH_KNOTS((3,2,2,2,3),(2
    ,2),(3.14159265359,4.188790204786,6.28318530718,8.377580409573,
9.424777960769),(0.,8.),.UNSPECIFIED.) GEOMETRIC_REPRESENTATION_ITEM() 
RATIONAL_B_SPLINE_SURFACE((
    (0.75,0.75)
    ,(0.75,0.75)
    ,(1.,1.)
    ,(0.5,0.5)
    ,(1.,1.)
    ,(0.5,0.5)
    ,(1.,1.)
    ,(0.75,0.75)
,(0.75,0.75))) REPRESENTATION_ITEM('') SURFACE() );
#4387 = CARTESIAN_POINT('',(67.311648563509,-1.634641961492,
    11.987374554778));
#4388 = CARTESIAN_POINT('',(67.311648563509,7.083448499797,
    11.987374554778));
#4389 = CARTESIAN_POINT('',(67.311648563509,-1.634641961492,
    12.616548539108));
#4390 = CARTESIAN_POINT('',(67.311648563509,7.083448499797,
    12.616548539108));
#4391 = CARTESIAN_POINT('',(67.85652921734,-1.634641961492,
    12.931135531274));
#4392 = CARTESIAN_POINT('',(67.85652921734,7.083448499797,
    12.931135531274));
#4393 = CARTESIAN_POINT('',(69.491171178831,-1.634641961492,
    13.874896507769));
#4394 = CARTESIAN_POINT('',(69.491171178831,7.083448499797,
    13.874896507769));
#4395 = CARTESIAN_POINT('',(69.491171178831,-1.634641961492,
    11.987374554778));
#4396 = CARTESIAN_POINT('',(69.491171178831,7.083448499797,
    11.987374554778));
#4397 = CARTESIAN_POINT('',(69.491171178831,-1.634641961492,
    10.099852601786));
#4398 = CARTESIAN_POINT('',(69.491171178831,7.083448499797,
    10.099852601786));
#4399 = CARTESIAN_POINT('',(67.85652921734,-1.634641961492,
    11.043613578282));
#4400 = CARTESIAN_POINT('',(67.85652921734,7.083448499797,
    11.043613578282));
#4401 = CARTESIAN_POINT('',(67.311648563509,-1.634641961492,
    11.358200570447));
#4402 = CARTESIAN_POINT('',(67.311648563509,7.083448499797,
    11.358200570447));
#4403 = CARTESIAN_POINT('',(67.311648563509,-1.634641961492,
    11.987374554778));
#4404 = CARTESIAN_POINT('',(67.311648563509,7.083448499797,
    11.987374554778));
#4405 = ADVANCED_FACE('',(#4406),#4420,.F.);
#4406 = FACE_BOUND('',#4407,.F.);
#4407 = EDGE_LOOP('',(#4408,#4413,#4414,#4415,#4416,#4417,#4418,#4419));
#4408 = ORIENTED_EDGE('',*,*,#4409,.T.);
#4409 = EDGE_CURVE('',#3014,#3836,#4410,.T.);
#4410 = B_SPLINE_CURVE_WITH_KNOTS('',1,(#4411,#4412),.UNSPECIFIED.,.F.,
  .F.,(2,2),(0.,8.),.PIECEWISE_BEZIER_KNOTS.);
#4411 = CARTESIAN_POINT('',(28.54592271783,-1.634641961492,
    11.987374554778));
#4412 = CARTESIAN_POINT('',(28.54592271783,7.083448499797,
    11.987374554778));
#4413 = ORIENTED_EDGE('',*,*,#3843,.T.);
#4414 = ORIENTED_EDGE('',*,*,#4075,.T.);
#4415 = ORIENTED_EDGE('',*,*,#4094,.T.);
#4416 = ORIENTED_EDGE('',*,*,#4058,.T.);
#4417 = ORIENTED_EDGE('',*,*,#3833,.T.);
#4418 = ORIENTED_EDGE('',*,*,#4409,.F.);
#4419 = ORIENTED_EDGE('',*,*,#3013,.T.);
#4420 = ( BOUNDED_SURFACE() B_SPLINE_SURFACE(2,1,(
    (#4421,#4422)
    ,(#4423,#4424)
    ,(#4425,#4426)
    ,(#4427,#4428)
    ,(#4429,#4430)
    ,(#4431,#4432)
    ,(#4433,#4434)
    ,(#4435,#4436)
    ,(#4437,#4438
)),.UNSPECIFIED.,.T.,.F.,.F.) B_SPLINE_SURFACE_WITH_KNOTS((3,2,2,2,3),(2
    ,2),(3.14159265359,4.188790204786,6.28318530718,8.377580409573,
9.424777960769),(0.,8.),.UNSPECIFIED.) GEOMETRIC_REPRESENTATION_ITEM() 
RATIONAL_B_SPLINE_SURFACE((
    (0.75,0.75)
    ,(0.75,0.75)
    ,(1.,1.)
    ,(0.5,0.5)
    ,(1.,1.)
    ,(0.5,0.5)
    ,(1.,1.)
    ,(0.75,0.75)
,(0.75,0.75))) REPRESENTATION_ITEM('') SURFACE() );
#4421 = CARTESIAN_POINT('',(28.54592271783,-1.634641961492,
    11.987374554778));
#4422 = CARTESIAN_POINT('',(28.54592271783,7.083448499797,
    11.987374554778));
#4423 = CARTESIAN_POINT('',(28.54592271783,-1.634641961492,
    12.616548539108));
#4424 = CARTESIAN_POINT('',(28.54592271783,7.083448499797,
    12.616548539108));
#4425 = CARTESIAN_POINT('',(29.09080337166,-1.634641961492,
    12.931135531274));
#4426 = CARTESIAN_POINT('',(29.09080337166,7.083448499797,
    12.931135531274));
#4427 = CARTESIAN_POINT('',(30.725445333152,-1.634641961492,
    13.874896507769));
#4428 = CARTESIAN_POINT('',(30.725445333152,7.083448499797,
    13.874896507769));
#4429 = CARTESIAN_POINT('',(30.725445333152,-1.634641961492,
    11.987374554778));
#4430 = CARTESIAN_POINT('',(30.725445333152,7.083448499797,
    11.987374554778));
#4431 = CARTESIAN_POINT('',(30.725445333152,-1.634641961492,
    10.099852601786));
#4432 = CARTESIAN_POINT('',(30.725445333152,7.083448499797,
    10.099852601786));
#4433 = CARTESIAN_POINT('',(29.09080337166,-1.634641961492,
    11.043613578282));
#4434 = CARTESIAN_POINT('',(29.09080337166,7.083448499797,
    11.043613578282));
#4435 = CARTESIAN_POINT('',(28.54592271783,-1.634641961492,
    11.358200570447));
#4436 = CARTESIAN_POINT('',(28.54592271783,7.083448499797,
    11.358200570447));
#4437 = CARTESIAN_POINT('',(28.54592271783,-1.634641961492,
    11.987374554778));
#4438 = CARTESIAN_POINT('',(28.54592271783,7.083448499797,
    11.987374554778));
#4439 = ADVANCED_FACE('',(#4440),#4448,.F.);
#4440 = FACE_BOUND('',#4441,.F.);
#4441 = EDGE_LOOP('',(#4442,#4443,#4444,#4445,#4446,#4447));
#4442 = ORIENTED_EDGE('',*,*,#3097,.T.);
#4443 = ORIENTED_EDGE('',*,*,#3504,.T.);
#4444 = ORIENTED_EDGE('',*,*,#3308,.T.);
#4445 = ORIENTED_EDGE('',*,*,#3591,.T.);
#4446 = ORIENTED_EDGE('',*,*,#3291,.T.);
#4447 = ORIENTED_EDGE('',*,*,#3498,.T.);
#4448 = ( BOUNDED_SURFACE() B_SPLINE_SURFACE(2,1,(
    (#4449,#4450)
    ,(#4451,#4452)
    ,(#4453,#4454)
    ,(#4455,#4456)
    ,(#4457,#4458
)),.UNSPECIFIED.,.F.,.F.,.F.) B_SPLINE_SURFACE_WITH_KNOTS((3,2,3),(2,2),
  (4.71238502336,6.28318530718,7.853985590999),(-5.246914014378E-12,8.),
.PIECEWISE_BEZIER_KNOTS.) GEOMETRIC_REPRESENTATION_ITEM() 
RATIONAL_B_SPLINE_SURFACE((
    (1.,1.)
    ,(0.707105382166,0.707105382166)
    ,(1.,1.)
    ,(0.707105382166,0.707105382166)
,(1.,1.))) REPRESENTATION_ITEM('') SURFACE() );
#4449 = CARTESIAN_POINT('',(68.401440056655,-1.634641961497,
    16.346419785431));
#4450 = CARTESIAN_POINT('',(68.401440056655,7.083448499797,
    16.346419785431));
#4451 = CARTESIAN_POINT('',(60.773080717493,-1.634641961497,
    16.346389599827));
#4452 = CARTESIAN_POINT('',(60.773080717493,7.083448499797,
    16.346389599827));
#4453 = CARTESIAN_POINT('',(60.773080717493,-1.634641961497,
    23.974748939049));
#4454 = CARTESIAN_POINT('',(60.773080717493,7.083448499797,
    23.974748939049));
#4455 = CARTESIAN_POINT('',(60.773080717493,-1.634641961497,
    31.603108278271));
#4456 = CARTESIAN_POINT('',(60.773080717493,7.083448499797,
    31.603108278271));
#4457 = CARTESIAN_POINT('',(68.401440056655,-1.634641961497,
    31.603078092667));
#4458 = CARTESIAN_POINT('',(68.401440056655,7.083448499797,
    31.603078092667));
#4459 = ADVANCED_FACE('',(#4460),#4474,.F.);
#4460 = FACE_BOUND('',#4461,.F.);
#4461 = EDGE_LOOP('',(#4462,#4467,#4468,#4469,#4470,#4471,#4472,#4473));
#4462 = ORIENTED_EDGE('',*,*,#4463,.T.);
#4463 = EDGE_CURVE('',#3000,#3864,#4464,.T.);
#4464 = B_SPLINE_CURVE_WITH_KNOTS('',1,(#4465,#4466),.UNSPECIFIED.,.F.,
  .F.,(2,2),(0.,8.),.PIECEWISE_BEZIER_KNOTS.);
#4465 = CARTESIAN_POINT('',(40.533297102101,-1.634641961492,
    23.974748939049));
#4466 = CARTESIAN_POINT('',(40.533297102101,7.083448499797,
    23.974748939049));
#4467 = ORIENTED_EDGE('',*,*,#3871,.T.);
#4468 = ORIENTED_EDGE('',*,*,#4129,.T.);
#4469 = ORIENTED_EDGE('',*,*,#4148,.T.);
#4470 = ORIENTED_EDGE('',*,*,#4112,.T.);
#4471 = ORIENTED_EDGE('',*,*,#3861,.T.);
#4472 = ORIENTED_EDGE('',*,*,#4463,.F.);
#4473 = ORIENTED_EDGE('',*,*,#2999,.T.);
#4474 = ( BOUNDED_SURFACE() B_SPLINE_SURFACE(2,1,(
    (#4475,#4476)
    ,(#4477,#4478)
    ,(#4479,#4480)
    ,(#4481,#4482)
    ,(#4483,#4484)
    ,(#4485,#4486)
    ,(#4487,#4488)
    ,(#4489,#4490)
    ,(#4491,#4492
)),.UNSPECIFIED.,.T.,.F.,.F.) B_SPLINE_SURFACE_WITH_KNOTS((3,2,2,2,3),(2
    ,2),(3.14159265359,4.188790204786,6.28318530718,8.377580409573,
9.424777960769),(0.,8.),.UNSPECIFIED.) GEOMETRIC_REPRESENTATION_ITEM() 
RATIONAL_B_SPLINE_SURFACE((
    (0.75,0.75)
    ,(0.75,0.75)
    ,(1.,1.)
    ,(0.5,0.5)
    ,(1.,1.)
    ,(0.5,0.5)
    ,(1.,1.)
    ,(0.75,0.75)
,(0.75,0.75))) REPRESENTATION_ITEM('') SURFACE() );
#4475 = CARTESIAN_POINT('',(40.533297102101,-1.634641961492,
    23.974748939049));
#4476 = CARTESIAN_POINT('',(40.533297102101,7.083448499797,
    23.974748939049));
#4477 = CARTESIAN_POINT('',(40.533297102101,-1.634641961492,
    24.60392292338));
#4478 = CARTESIAN_POINT('',(40.533297102101,7.083448499797,
    24.60392292338));
#4479 = CARTESIAN_POINT('',(41.078177755931,-1.634641961492,
    24.918509915545));
#4480 = CARTESIAN_POINT('',(41.078177755931,7.083448499797,
    24.918509915545));
#4481 = CARTESIAN_POINT('',(42.712819717423,-1.634641961492,
    25.862270892041));
#4482 = CARTESIAN_POINT('',(42.712819717423,7.083448499797,
    25.862270892041));
#4483 = CARTESIAN_POINT('',(42.712819717423,-1.634641961492,
    23.974748939049));
#4484 = CARTESIAN_POINT('',(42.712819717423,7.083448499797,
    23.974748939049));
#4485 = CARTESIAN_POINT('',(42.712819717423,-1.634641961492,
    22.087226986057));
#4486 = CARTESIAN_POINT('',(42.712819717423,7.083448499797,
    22.087226986057));
#4487 = CARTESIAN_POINT('',(41.078177755931,-1.634641961492,
    23.030987962553));
#4488 = CARTESIAN_POINT('',(41.078177755931,7.083448499797,
    23.030987962553));
#4489 = CARTESIAN_POINT('',(40.533297102101,-1.634641961492,
    23.345574954718));
#4490 = CARTESIAN_POINT('',(40.533297102101,7.083448499797,
    23.345574954718));
#4491 = CARTESIAN_POINT('',(40.533297102101,-1.634641961492,
    23.974748939049));
#4492 = CARTESIAN_POINT('',(40.533297102101,7.083448499797,
    23.974748939049));
#4493 = ADVANCED_FACE('',(#4494),#4508,.F.);
#4494 = FACE_BOUND('',#4495,.F.);
#4495 = EDGE_LOOP('',(#4496,#4501,#4502,#4503,#4504,#4505,#4506,#4507));
#4496 = ORIENTED_EDGE('',*,*,#4497,.T.);
#4497 = EDGE_CURVE('',#2986,#3678,#4498,.T.);
#4498 = B_SPLINE_CURVE_WITH_KNOTS('',1,(#4499,#4500),.UNSPECIFIED.,.F.,
  .F.,(2,2),(0.,8.),.PIECEWISE_BEZIER_KNOTS.);
#4499 = CARTESIAN_POINT('',(67.311648563509,-1.634641961492,
    35.96212332332));
#4500 = CARTESIAN_POINT('',(67.311648563509,7.083448499797,
    35.96212332332));
#4501 = ORIENTED_EDGE('',*,*,#3685,.T.);
#4502 = ORIENTED_EDGE('',*,*,#4183,.T.);
#4503 = ORIENTED_EDGE('',*,*,#4202,.T.);
#4504 = ORIENTED_EDGE('',*,*,#4166,.T.);
#4505 = ORIENTED_EDGE('',*,*,#3675,.T.);
#4506 = ORIENTED_EDGE('',*,*,#4497,.F.);
#4507 = ORIENTED_EDGE('',*,*,#2985,.T.);
#4508 = ( BOUNDED_SURFACE() B_SPLINE_SURFACE(2,1,(
    (#4509,#4510)
    ,(#4511,#4512)
    ,(#4513,#4514)
    ,(#4515,#4516)
    ,(#4517,#4518)
    ,(#4519,#4520)
    ,(#4521,#4522)
    ,(#4523,#4524)
    ,(#4525,#4526
)),.UNSPECIFIED.,.T.,.F.,.F.) B_SPLINE_SURFACE_WITH_KNOTS((3,2,2,2,3),(2
    ,2),(3.14159265359,4.188790204786,6.28318530718,8.377580409573,
9.424777960769),(0.,8.),.UNSPECIFIED.) GEOMETRIC_REPRESENTATION_ITEM() 
RATIONAL_B_SPLINE_SURFACE((
    (0.75,0.75)
    ,(0.75,0.75)
    ,(1.,1.)
    ,(0.5,0.5)
    ,(1.,1.)
    ,(0.5,0.5)
    ,(1.,1.)
    ,(0.75,0.75)
,(0.75,0.75))) REPRESENTATION_ITEM('') SURFACE() );
#4509 = CARTESIAN_POINT('',(67.311648563509,-1.634641961492,
    35.96212332332));
#4510 = CARTESIAN_POINT('',(67.311648563509,7.083448499797,
    35.96212332332));
#4511 = CARTESIAN_POINT('',(67.311648563509,-1.634641961492,
    36.591297307651));
#4512 = CARTESIAN_POINT('',(67.311648563509,7.083448499797,
    36.591297307651));
#4513 = CARTESIAN_POINT('',(67.85652921734,-1.634641961492,
    36.905884299816));
#4514 = CARTESIAN_POINT('',(67.85652921734,7.083448499797,
    36.905884299816));
#4515 = CARTESIAN_POINT('',(69.491171178831,-1.634641961492,
    37.849645276312));
#4516 = CARTESIAN_POINT('',(69.491171178831,7.083448499797,
    37.849645276312));
#4517 = CARTESIAN_POINT('',(69.491171178831,-1.634641961492,
    35.96212332332));
#4518 = CARTESIAN_POINT('',(69.491171178831,7.083448499797,
    35.96212332332));
#4519 = CARTESIAN_POINT('',(69.491171178831,-1.634641961492,
    34.074601370329));
#4520 = CARTESIAN_POINT('',(69.491171178831,7.083448499797,
    34.074601370329));
#4521 = CARTESIAN_POINT('',(67.85652921734,-1.634641961492,
    35.018362346824));
#4522 = CARTESIAN_POINT('',(67.85652921734,7.083448499797,
    35.018362346824));
#4523 = CARTESIAN_POINT('',(67.311648563509,-1.634641961492,
    35.33294933899));
#4524 = CARTESIAN_POINT('',(67.311648563509,7.083448499797,
    35.33294933899));
#4525 = CARTESIAN_POINT('',(67.311648563509,-1.634641961492,
    35.96212332332));
#4526 = CARTESIAN_POINT('',(67.311648563509,7.083448499797,
    35.96212332332));
#4527 = ADVANCED_FACE('',(#4528),#4538,.T.);
#4528 = FACE_BOUND('',#4529,.T.);
#4529 = EDGE_LOOP('',(#4530,#4531,#4532,#4537));
#4530 = ORIENTED_EDGE('',*,*,#2501,.F.);
#4531 = ORIENTED_EDGE('',*,*,#2518,.F.);
#4532 = ORIENTED_EDGE('',*,*,#4533,.F.);
#4533 = EDGE_CURVE('',#1886,#2163,#4534,.T.);
#4534 = B_SPLINE_CURVE_WITH_KNOTS('',1,(#4535,#4536),.UNSPECIFIED.,.F.,
  .F.,(2,2),(-32.25,10.75),.PIECEWISE_BEZIER_KNOTS.);
#4535 = CARTESIAN_POINT('',(0.,46.859736229424,0.));
#4536 = CARTESIAN_POINT('',(0.,0.,0.));
#4537 = ORIENTED_EDGE('',*,*,#1883,.F.);
#4538 = B_SPLINE_SURFACE_WITH_KNOTS('',1,1,(
    (#4539,#4540)
    ,(#4541,#4542
    )),.UNSPECIFIED.,.F.,.F.,.F.,(2,2),(2,2),(-6.919206479596,10.5),(
    -21.5,21.5),.PIECEWISE_BEZIER_KNOTS.);
#4539 = CARTESIAN_POINT('',(-18.98277723162,-1.935804952177E-14,0.));
#4540 = CARTESIAN_POINT('',(-18.98277723162,46.859736229424,0.));
#4541 = CARTESIAN_POINT('',(0.,-1.935804952177E-14,0.));
#4542 = CARTESIAN_POINT('',(0.,46.859736229424,0.));
#4543 = ADVANCED_FACE('',(#4544),#4550,.T.);
#4544 = FACE_BOUND('',#4545,.T.);
#4545 = EDGE_LOOP('',(#4546,#4547,#4548,#4549));
#4546 = ORIENTED_EDGE('',*,*,#4533,.T.);
#4547 = ORIENTED_EDGE('',*,*,#2162,.T.);
#4548 = ORIENTED_EDGE('',*,*,#2911,.T.);
#4549 = ORIENTED_EDGE('',*,*,#1968,.F.);
#4550 = B_SPLINE_SURFACE_WITH_KNOTS('',1,1,(
    (#4551,#4552)
    ,(#4553,#4554
    )),.UNSPECIFIED.,.F.,.F.,.F.,(2,2),(2,2),(0.,38.),(0.,43.),
  .PIECEWISE_BEZIER_KNOTS.);
#4551 = CARTESIAN_POINT('',(0.,0.,0.));
#4552 = CARTESIAN_POINT('',(0.,46.859736229424,0.));
#4553 = CARTESIAN_POINT('',(0.,0.,41.410929691119));
#4554 = CARTESIAN_POINT('',(0.,46.859736229424,41.410929691119));
#4555 = ADVANCED_FACE('',(#4556),#4566,.T.);
#4556 = FACE_BOUND('',#4557,.T.);
#4557 = EDGE_LOOP('',(#4558,#4559,#4560,#4565));
#4558 = ORIENTED_EDGE('',*,*,#2893,.F.);
#4559 = ORIENTED_EDGE('',*,*,#2352,.F.);
#4560 = ORIENTED_EDGE('',*,*,#4561,.T.);
#4561 = EDGE_CURVE('',#2345,#2019,#4562,.T.);
#4562 = B_SPLINE_CURVE_WITH_KNOTS('',1,(#4563,#4564),.UNSPECIFIED.,.F.,
  .F.,(2,2),(0.,43.),.PIECEWISE_BEZIER_KNOTS.);
#4563 = CARTESIAN_POINT('',(-2.724403269153,0.,47.949497537085));
#4564 = CARTESIAN_POINT('',(-2.724403269153,46.859736229424,
    47.949497537085));
#4565 = ORIENTED_EDGE('',*,*,#2043,.F.);
#4566 = B_SPLINE_SURFACE_WITH_KNOTS('',1,1,(
    (#4567,#4568)
    ,(#4569,#4570
    )),.UNSPECIFIED.,.F.,.F.,.F.,(2,2),(2,2),(0.,6.),(0.,43.),
  .PIECEWISE_BEZIER_KNOTS.);
#4567 = CARTESIAN_POINT('',(-2.724403269153,0.,41.410929691119));
#4568 = CARTESIAN_POINT('',(-2.724403269153,46.859736229424,
    41.410929691119));
#4569 = CARTESIAN_POINT('',(-2.724403269153,0.,47.949497537085));
#4570 = CARTESIAN_POINT('',(-2.724403269153,46.859736229424,
    47.949497537085));
#4571 = ADVANCED_FACE('',(#4572,#4586,#4589,#4592,#4610,#4613),#4616,.T.
  );
#4572 = FACE_BOUND('',#4573,.T.);
#4573 = EDGE_LOOP('',(#4574,#4575,#4576,#4577,#4578,#4583,#4584,#4585));
#4574 = ORIENTED_EDGE('',*,*,#4561,.F.);
#4575 = ORIENTED_EDGE('',*,*,#2344,.F.);
#4576 = ORIENTED_EDGE('',*,*,#2290,.F.);
#4577 = ORIENTED_EDGE('',*,*,#2303,.F.);
#4578 = ORIENTED_EDGE('',*,*,#4579,.T.);
#4579 = EDGE_CURVE('',#2304,#2096,#4580,.T.);
#4580 = B_SPLINE_CURVE_WITH_KNOTS('',1,(#4581,#4582),.UNSPECIFIED.,.F.,
  .F.,(2,2),(0.,43.),.PIECEWISE_BEZIER_KNOTS.);
#4581 = CARTESIAN_POINT('',(100.80292095864,0.,47.949497537085));
#4582 = CARTESIAN_POINT('',(100.80292095864,46.859736229424,
    47.949497537085));
#4583 = ORIENTED_EDGE('',*,*,#2095,.F.);
#4584 = ORIENTED_EDGE('',*,*,#2059,.F.);
#4585 = ORIENTED_EDGE('',*,*,#2018,.F.);
#4586 = FACE_BOUND('',#4587,.T.);
#4587 = EDGE_LOOP('',(#4588));
#4588 = ORIENTED_EDGE('',*,*,#1622,.T.);
#4589 = FACE_BOUND('',#4590,.T.);
#4590 = EDGE_LOOP('',(#4591));
#4591 = ORIENTED_EDGE('',*,*,#1535,.T.);
#4592 = FACE_BOUND('',#4593,.T.);
#4593 = EDGE_LOOP('',(#4594,#4599,#4600,#4601,#4602,#4607,#4608,#4609));
#4594 = ORIENTED_EDGE('',*,*,#4595,.T.);
#4595 = EDGE_CURVE('',#2707,#1715,#4596,.T.);
#4596 = B_SPLINE_CURVE_WITH_KNOTS('',1,(#4597,#4598),.UNSPECIFIED.,.F.,
  .F.,(2,2),(7.500102699623,30.500102699623),.PIECEWISE_BEZIER_KNOTS.);
#4597 = CARTESIAN_POINT('',(5.448806619499,10.897836912761,
    47.949497537085));
#4598 = CARTESIAN_POINT('',(5.448806619499,35.962346988965,
    47.949497537085));
#4599 = ORIENTED_EDGE('',*,*,#1714,.T.);
#4600 = ORIENTED_EDGE('',*,*,#1776,.T.);
#4601 = ORIENTED_EDGE('',*,*,#1654,.T.);
#4602 = ORIENTED_EDGE('',*,*,#4603,.T.);
#4603 = EDGE_CURVE('',#1657,#2636,#4604,.T.);
#4604 = B_SPLINE_CURVE_WITH_KNOTS('',1,(#4605,#4606),.UNSPECIFIED.,.F.,
  .F.,(2,2),(-14.00010269962,9.000102699623),.PIECEWISE_BEZIER_KNOTS.);
#4605 = CARTESIAN_POINT('',(92.629711151187,35.962346988965,
    47.949497537085));
#4606 = CARTESIAN_POINT('',(92.629711151187,10.89761307661,
    47.949497537085));
#4607 = ORIENTED_EDGE('',*,*,#2635,.T.);
#4608 = ORIENTED_EDGE('',*,*,#3328,.T.);
#4609 = ORIENTED_EDGE('',*,*,#2704,.T.);
#4610 = FACE_BOUND('',#4611,.T.);
#4611 = EDGE_LOOP('',(#4612));
#4612 = ORIENTED_EDGE('',*,*,#2760,.T.);
#4613 = FACE_BOUND('',#4614,.T.);
#4614 = EDGE_LOOP('',(#4615));
#4615 = ORIENTED_EDGE('',*,*,#2839,.T.);
#4616 = B_SPLINE_SURFACE_WITH_KNOTS('',1,1,(
    (#4617,#4618)
    ,(#4619,#4620
    )),.UNSPECIFIED.,.F.,.F.,.F.,(2,2),(2,2),(0.,95.),(-2.5,45.5),
  .PIECEWISE_BEZIER_KNOTS.);
#4617 = CARTESIAN_POINT('',(-2.724403269153,-2.724403269153,
    47.949497537085));
#4618 = CARTESIAN_POINT('',(-2.724403269153,49.584139498577,
    47.949497537085));
#4619 = CARTESIAN_POINT('',(100.80292095864,-2.724403269153,
    47.949497537085));
#4620 = CARTESIAN_POINT('',(100.80292095864,49.584139498577,
    47.949497537085));
#4621 = ADVANCED_FACE('',(#4622),#4638,.F.);
#4622 = FACE_BOUND('',#4623,.T.);
#4623 = EDGE_LOOP('',(#4624,#4625,#4626,#4627,#4628,#4629,#4634,#4635,
    #4636,#4637));
#4624 = ORIENTED_EDGE('',*,*,#4595,.F.);
#4625 = ORIENTED_EDGE('',*,*,#2720,.T.);
#4626 = ORIENTED_EDGE('',*,*,#2676,.T.);
#4627 = ORIENTED_EDGE('',*,*,#2792,.T.);
#4628 = ORIENTED_EDGE('',*,*,#3350,.T.);
#4629 = ORIENTED_EDGE('',*,*,#4630,.T.);
#4630 = EDGE_CURVE('',#3344,#1785,#4631,.T.);
#4631 = B_SPLINE_CURVE_WITH_KNOTS('',1,(#4632,#4633),.UNSPECIFIED.,.F.,
  .F.,(2,2),(-33.,0.),.PIECEWISE_BEZIER_KNOTS.);
#4632 = CARTESIAN_POINT('',(5.448806619499,5.449030374456,0.544880653831
    ));
#4633 = CARTESIAN_POINT('',(5.448806619499,41.41115352727,0.544880653831
    ));
#4634 = ORIENTED_EDGE('',*,*,#1784,.F.);
#4635 = ORIENTED_EDGE('',*,*,#1586,.T.);
#4636 = ORIENTED_EDGE('',*,*,#1762,.T.);
#4637 = ORIENTED_EDGE('',*,*,#1724,.T.);
#4638 = B_SPLINE_SURFACE_WITH_KNOTS('',1,1,(
    (#4639,#4640)
    ,(#4641,#4642
    )),.UNSPECIFIED.,.F.,.F.,.F.,(2,2),(2,2),(0.,33.),(0.,43.5),
  .PIECEWISE_BEZIER_KNOTS.);
#4639 = CARTESIAN_POINT('',(5.448806619499,5.449030374456,
    47.949497537085));
#4640 = CARTESIAN_POINT('',(5.448806619499,5.449030374456,0.544880653831
    ));
#4641 = CARTESIAN_POINT('',(5.448806619499,41.41115352727,
    47.949497537085));
#4642 = CARTESIAN_POINT('',(5.448806619499,41.41115352727,0.544880653831
    ));
#4643 = ADVANCED_FACE('',(#4644),#4654,.F.);
#4644 = FACE_BOUND('',#4645,.T.);
#4645 = EDGE_LOOP('',(#4646,#4647,#4648,#4653));
#4646 = ORIENTED_EDGE('',*,*,#4630,.F.);
#4647 = ORIENTED_EDGE('',*,*,#3343,.F.);
#4648 = ORIENTED_EDGE('',*,*,#4649,.F.);
#4649 = EDGE_CURVE('',#1792,#3337,#4650,.T.);
#4650 = B_SPLINE_CURVE_WITH_KNOTS('',1,(#4651,#4652),.UNSPECIFIED.,.F.,
  .F.,(2,2),(-40.50020539924,-7.5),.PIECEWISE_BEZIER_KNOTS.);
#4651 = CARTESIAN_POINT('',(92.629711151187,41.41115352727,
    0.544880653831));
#4652 = CARTESIAN_POINT('',(92.629711151187,5.448806538305,
    0.544880653831));
#4653 = ORIENTED_EDGE('',*,*,#1791,.F.);
#4654 = B_SPLINE_SURFACE_WITH_KNOTS('',1,1,(
    (#4655,#4656)
    ,(#4657,#4658
    )),.UNSPECIFIED.,.F.,.F.,.F.,(2,2),(2,2),(-39.99999996274,
    39.999999962747),(-16.50010269962,16.500102699623),
  .PIECEWISE_BEZIER_KNOTS.);
#4655 = CARTESIAN_POINT('',(92.629711151187,5.448806538305,
    0.544880653831));
#4656 = CARTESIAN_POINT('',(92.629711151187,41.41115352727,
    0.544880653831));
#4657 = CARTESIAN_POINT('',(5.448806619499,5.448806538305,0.544880653831
    ));
#4658 = CARTESIAN_POINT('',(5.448806619499,41.41115352727,0.544880653831
    ));
#4659 = ADVANCED_FACE('',(#4660),#4672,.F.);
#4660 = FACE_BOUND('',#4661,.T.);
#4661 = EDGE_LOOP('',(#4662,#4663,#4664,#4665,#4666,#4667,#4668,#4669,
    #4670,#4671));
#4662 = ORIENTED_EDGE('',*,*,#4649,.T.);
#4663 = ORIENTED_EDGE('',*,*,#3336,.F.);
#4664 = ORIENTED_EDGE('',*,*,#2880,.T.);
#4665 = ORIENTED_EDGE('',*,*,#2622,.T.);
#4666 = ORIENTED_EDGE('',*,*,#2645,.T.);
#4667 = ORIENTED_EDGE('',*,*,#4603,.F.);
#4668 = ORIENTED_EDGE('',*,*,#1679,.T.);
#4669 = ORIENTED_EDGE('',*,*,#1695,.T.);
#4670 = ORIENTED_EDGE('',*,*,#1479,.T.);
#4671 = ORIENTED_EDGE('',*,*,#1798,.T.);
#4672 = B_SPLINE_SURFACE_WITH_KNOTS('',1,1,(
    (#4673,#4674)
    ,(#4675,#4676
    )),.UNSPECIFIED.,.F.,.F.,.F.,(2,2),(2,2),(0.,33.000205399246),(0.,
    43.5),.PIECEWISE_BEZIER_KNOTS.);
#4673 = CARTESIAN_POINT('',(92.629711151187,41.41115352727,
    47.949497537085));
#4674 = CARTESIAN_POINT('',(92.629711151187,41.41115352727,
    0.544880653831));
#4675 = CARTESIAN_POINT('',(92.629711151187,5.448806538305,
    47.949497537085));
#4676 = CARTESIAN_POINT('',(92.629711151187,5.448806538305,
    0.544880653831));
#4677 = ADVANCED_FACE('',(#4678),#4684,.T.);
#4678 = FACE_BOUND('',#4679,.T.);
#4679 = EDGE_LOOP('',(#4680,#4681,#4682,#4683));
#4680 = ORIENTED_EDGE('',*,*,#4579,.F.);
#4681 = ORIENTED_EDGE('',*,*,#2320,.F.);
#4682 = ORIENTED_EDGE('',*,*,#2901,.T.);
#4683 = ORIENTED_EDGE('',*,*,#2103,.F.);
#4684 = B_SPLINE_SURFACE_WITH_KNOTS('',1,1,(
    (#4685,#4686)
    ,(#4687,#4688
    )),.UNSPECIFIED.,.F.,.F.,.F.,(2,2),(2,2),(0.,6.),(0.,43.),
  .PIECEWISE_BEZIER_KNOTS.);
#4685 = CARTESIAN_POINT('',(100.80292095864,0.,47.949497537085));
#4686 = CARTESIAN_POINT('',(100.80292095864,46.859736229424,
    47.949497537085));
#4687 = CARTESIAN_POINT('',(100.80292095864,0.,41.410929691119));
#4688 = CARTESIAN_POINT('',(100.80292095864,46.859736229424,
    41.410929691119));
#4689 = ( GEOMETRIC_REPRESENTATION_CONTEXT(3) 
GLOBAL_UNCERTAINTY_ASSIGNED_CONTEXT((#4693)) 
GLOBAL_UNIT_ASSIGNED_CONTEXT((#4690,#4691,#4692)) REPRESENTATION_CONTEXT
('Context #1','3D Context with UNIT and UNCERTAINTY') );
#4690 = ( LENGTH_UNIT() NAMED_UNIT(*) SI_UNIT(.MILLI.,.METRE.) );
#4691 = ( NAMED_UNIT(*) PLANE_ANGLE_UNIT() SI_UNIT($,.RADIAN.) );
#4692 = ( NAMED_UNIT(*) SI_UNIT($,.STERADIAN.) SOLID_ANGLE_UNIT() );
#4693 = UNCERTAINTY_MEASURE_WITH_UNIT(LENGTH_MEASURE(5.E-06),#4690,
  'distance_accuracy_value','confusion accuracy');
#4694 = PRODUCT_RELATED_PRODUCT_CATEGORY('part',$,(#7));
ENDSEC;
END-ISO-10303-21;
